outcome,predictor,lag,coef,se,pval
log1p_meme_engagement,NYT_mention,0,-0.007049281984691805,0.0015272867565130157,3.920388277134103e-06
log1p_meme_engagement,NYT_mention,1,-0.002920254959447774,0.0013836198493191905,0.03480752183056829
log1p_meme_volume,NYT_mention,0,-0.010620185658377282,0.002038050093598811,1.8787185016319163e-07
log1p_meme_volume,NYT_mention,1,-0.004652150033247458,0.0014139369304365604,0.0010011248477985275
mean_meme_sentiment,NYT_mention,0,0.0026280857113123958,0.0013572850811390319,0.05283325872824039
mean_meme_sentiment,NYT_mention,1,-0.0019235475321210012,0.0010779154281762486,0.07434133266391867
