outcome,predictor,lag,coef,se,pval
log1p_meme_engagement,NYT_mention,0,0.036052269357072717,0.0057194840660264624,2.9116195914943866e-10
log1p_meme_engagement,NYT_mention,1,-0.00720851562643136,0.0021270493517869947,0.0007015458074922507
log1p_meme_engagement,NYT_mention,2,-0.007496089820426333,0.0012868487651875732,5.706059900614999e-09
log1p_meme_volume,NYT_mention,0,0.04469280472326271,0.004906698608262491,8.350676251365565e-20
log1p_meme_volume,NYT_mention,1,0.0029931954288520907,0.0010696600076796575,0.005137745495138688
log1p_meme_volume,NYT_mention,2,0.0030001700606309104,0.0004214983756395693,1.0960877435691152e-12
mean_meme_sentiment,NYT_mention,0,0.00019792273742231284,0.0018486244705900056,0.9147375171246198
mean_meme_sentiment,NYT_mention,1,-0.0017972868546717328,0.0008842531676976651,0.042098227113614745
mean_meme_sentiment,NYT_mention,2,0.001383394736586564,0.0006799381426902597,0.04189223462979753
