outcome,predictor,lag,coef,se,pval
log1p_meme_engagement,NYT_mention,0,-0.005799143096412537,0.0019372531652086346,0.0027580882417251626
log1p_meme_engagement,NYT_mention,1,-0.002153236990660703,0.001467894507758896,0.1424064972593768
log1p_meme_engagement,NYT_mention,2,-0.002248306623281165,0.0014945847184235543,0.1325036515319549
log1p_meme_volume,NYT_mention,0,-0.008489474360758992,0.0020643956657415007,3.916874117844481e-05
log1p_meme_volume,NYT_mention,1,-0.0033154453154875885,0.001414760666472635,0.01910543851408704
log1p_meme_volume,NYT_mention,2,-0.0041929307941509005,0.0012094082958789983,0.0005264440007585798
mean_meme_sentiment,NYT_mention,0,0.0027979555482780865,0.0016966143819612109,0.09911884714840508
mean_meme_sentiment,NYT_mention,1,-0.0016995538067959065,0.0010744497607388134,0.11369753569575783
mean_meme_sentiment,NYT_mention,2,-0.0005382432220619991,0.0014936710982293982,0.7185859924181122
