outcome,predictor,lag,coef,se,pval
log1p_meme_engagement,NYT_mention,0,-0.005799143096411861,0.001937366517841176,0.0027596716826185975
log1p_meme_engagement,NYT_mention,1,-0.0021532369906610595,0.001467980397259474,0.14242984986283377
log1p_meme_engagement,NYT_mention,2,-0.0022483066232807467,0.0014946721696227718,0.13252630506229815
log1p_meme_volume,NYT_mention,0,-0.008489474360758132,0.0020645164577409525,3.920959486097605e-05
log1p_meme_volume,NYT_mention,1,-0.0033154453154880534,0.0014148434470038127,0.01911246197056919
log1p_meme_volume,NYT_mention,2,-0.004192930794150422,0.001209479060824255,0.0005268414095361624
mean_meme_sentiment,NYT_mention,0,0.002797955548277982,0.0016976731117877776,0.09932967570604638
mean_meme_sentiment,NYT_mention,1,-0.0016995538067958102,0.0010751202442740772,0.11392298217669991
mean_meme_sentiment,NYT_mention,2,-0.0005382432220618565,0.0014946031863689046,0.7187540334747871
