outcome,predictor,lag,coef,se,pval
log1p_meme_engagement,NYT_mention,0,-0.0032693337983881452,0.0023003156697759598,0.155242810956313
log1p_meme_engagement,NYT_mention,1,0.0035598611015161064,0.002242236263670762,0.11236805834257121
log1p_meme_engagement,nyt_sentiment,0,-0.023005782127000433,0.021953670010499627,0.2946735306663991
log1p_meme_engagement,nyt_sentiment,1,-0.00386874029246774,0.02273852101806126,0.8648997486631849
log1p_meme_volume,NYT_mention,0,-0.004506707606033337,0.0022091575765417985,0.041349146775047405
log1p_meme_volume,NYT_mention,1,0.003194302794231197,0.0022094518408291622,0.14824888463335428
log1p_meme_volume,nyt_sentiment,0,0.0031147973549032317,0.01898502524541889,0.8696791787305533
log1p_meme_volume,nyt_sentiment,1,0.014149711347162707,0.017943728398927994,0.43036905840958495
