outcome,predictor,lag,coef,se,pval
log1p_meme_engagement,NYT_mention,0,-0.007049281984692114,0.0015273752512696738,3.9254399258472435e-06
log1p_meme_engagement,NYT_mention,1,-0.002920254959447623,0.0013837000196613531,0.03481804313123312
log1p_meme_volume,NYT_mention,0,-0.010620185658377697,0.002038168183241303,1.8817786688168443e-07
log1p_meme_volume,NYT_mention,1,-0.0046521500332473474,0.0014140188574251083,0.0010018033442857164
mean_meme_sentiment,NYT_mention,0,0.002628085711312125,0.0013581257656923042,0.05298014469248012
mean_meme_sentiment,NYT_mention,1,-0.0019235475321210359,0.001078583074835633,0.07452083976178123
