outcome,predictor,lag,coef,se,pval
log1p_meme_engagement,NYT_mention,0,0.035229454265550075,0.005800713702800029,1.253107669646808e-09
log1p_meme_engagement,NYT_mention,1,-0.008643090466704794,0.002345698024052536,0.0002290116642016983
log1p_meme_volume,NYT_mention,0,0.044977670819717486,0.004923219786972157,6.491038470027477e-20
log1p_meme_volume,NYT_mention,1,0.003511023746891455,0.0010805486697463263,0.0011569054500951293
mean_meme_sentiment,NYT_mention,0,0.00026746145707913136,0.0018404150515737654,0.8844529302262714
mean_meme_sentiment,NYT_mention,1,-0.0016266674538947274,0.0008725422481182551,0.062281687502827955
