variable,missing_rows,missing_share
nyt_sentiment_L4,6855,0.9326530612244898
nyt_sentiment_L3,6849,0.9318367346938775
nyt_sentiment_L2,6844,0.931156462585034
nyt_sentiment_L1,6837,0.9302040816326531
nyt_sentiment,6835,0.9299319727891157
NYT_mention_L4,280,0.0380952380952381
NYT_mention_L3,210,0.02857142857142857
NYT_mention_L2,140,0.01904761904761905
NYT_mention_L1,70,0.009523809523809525
