company,week_start,mean_pos,mean_neu,mean_neg,NYT_mention,sentiment_score,non_neutral_share,num_memes,mean_meme_sentiment,meme_engagement,meme_spike
adidas,2023-01-02,0.0007553158793598,0.4992794349236646,0.4999652691185474,1,-0.4992099532391876,0.5007205650763353,0,,,
adidas,2023-01-16,0.0013666467866021,0.915949566146502,0.0826837925282892,2,-0.081317145741687,0.0840504338534978,0,,,
adidas,2023-01-23,0.0001391068733642,0.999765619635582,9.532193757877394e-05,2,4.378493578549581e-05,0.000234380364418,0,,,
adidas,2023-01-30,0.0006172408462135,0.8330609574913979,0.1663218077900694,4,-0.1657045669438559,0.1669390425086021,0,,,
adidas,2023-02-06,0.1173400331383234,0.8772080903872848,0.0054519147097759,8,0.1118881184285475,0.1227919096127152,0,,,
adidas,2023-02-13,9.048217179952188e-07,0.9999898672103882,9.156337000604252e-06,1,-8.251515282609034e-06,1.0132789611816406e-05,0,,,
adidas,2023-02-20,1.6051180864451453e-05,0.074512168765068,0.925471842288971,1,-0.9254557911081064,0.925487831234932,0,,,
adidas,2023-03-06,0.0492411347713195,0.849204991099726,0.1015539254645669,4,-0.0523127906932474,0.1507950089002739,0,,,
adidas,2023-03-13,1.3883271094528029e-05,0.3072264790534973,0.69275963306427,1,-0.6927457497931755,0.6927735209465027,0,,,
adidas,2023-03-20,0.0001230630727614,0.8372147262096404,0.162662198315877,3,-0.1625391352431156,0.1627852737903595,0,,,
adidas,2023-03-27,0.0001143395993015,0.9940706342458724,0.0058150183259684,1,-0.0057006787266669,0.0059293657541275,0,,,
adidas,2023-04-03,3.30406393800331e-07,0.9999906420707704,8.975448622550175e-06,2,-8.645042228749844e-06,9.357929229736328e-06,0,,,
adidas,2023-04-10,0.0064181198568036,0.3947540694186955,0.5988277953324541,2,-0.5924096754756505,0.6052459305813045,0,,,
adidas,2023-04-17,1.3341818998924282e-05,0.5601399950683117,0.43984666079632,2,-0.4398333189773211,0.4398600049316883,0,,,
adidas,2023-04-24,0.9999932050704956,6.622483169849147e-06,1.7055251078090805e-07,2,0.9999930345179848,0.9999933775168302,0,,,
adidas,2023-05-01,2.73229210563386e-06,0.8525425758859455,0.1474547254648087,5,-0.147451993172703,0.1474574241140545,0,,,
adidas,2023-05-08,0.1254160955112837,0.8723715866605442,0.0022123153383593,2,0.1232037801729243,0.1276284133394558,0,,,
adidas,2023-05-15,5.454247968827985e-07,0.5001186063527712,0.4998809024785373,2,-0.4998803570537404,0.4998813936472288,0,,,
adidas,2023-05-22,1.333420073024172e-06,0.9999960660934448,2.6326790703024017e-06,1,-1.2992589972782298e-06,3.933906555175781e-06,0,,,
adidas,2023-05-29,0.1674492679311307,0.7798743035052396,0.052676432501913,5,0.1147728354292176,0.2201256964947604,0,,,
adidas,2023-06-05,0.1815865102307725,0.8182891413586427,0.0001243510924785,3,0.181462159138294,0.1817108586413572,0,,,
adidas,2023-06-12,0.001075139348066,0.7984809239789683,0.2004439183831664,5,-0.1993687790351003,0.2015190760210317,0,,,
adidas,2023-06-19,2.775779766039932e-07,0.5000049242521527,0.4999947945793792,2,-0.4999945170014026,0.4999950757478473,0,,,
adidas,2023-06-26,4.897229763400901e-05,0.99513840675354,0.0048126011326985,2,-0.0047636288350645,0.0048615932464599,0,,,
adidas,2023-07-03,0.0174281070940196,0.0819288939237594,0.9006430208683014,2,-0.8832149137742817,0.9180711060762404,0,,,
adidas,2023-07-17,0.0401453727292491,0.9598010703921318,5.35846990032951e-05,4,0.0400917880302458,0.0401989296078681,0,,,
adidas,2023-07-24,0.4999893133144724,0.2510612570875885,0.2489494445056399,1,0.2510398688088324,0.7489387429124115,0,,,
adidas,2023-07-31,0.0551291921971273,0.8888815414642747,0.0559892363659902,3,-0.0008600441688629,0.1111184585357253,0,,,
adidas,2023-08-07,0.0999977078878998,0.7972992887729788,0.1027030336447737,5,-0.0027053257568738,0.2027007112270211,0,,,
adidas,2023-08-14,9.761393991780665e-06,0.9157282133577004,0.0842620562020215,4,-0.0842522948080297,0.0842717866422996,0,,,
adidas,2023-08-21,4.252603374984195e-05,0.9990242371956508,0.0009332679888321,4,-0.0008907419550823,0.0009757628043493,0,,,
adidas,2023-08-28,5.0733305556605046e-08,0.999991536140442,8.432959475612734e-06,1,-8.382226170056128e-06,8.463859558105469e-06,0,,,
adidas,2023-09-04,3.425677164159424e-07,0.9999985694885254,1.0292327488059527e-06,1,-6.866650323900103e-07,1.430511474609375e-06,0,,,
adidas,2023-09-11,9.801117459851127e-06,0.9999631643295288,2.7052158581379142e-05,2,-1.7251041121528015e-05,3.6835670471191406e-05,0,,,
adidas,2023-09-18,3.0412383207334415e-06,0.8625028729438782,0.1374940599917522,4,-0.1374910187534315,0.1374971270561218,0,,,
adidas,2023-10-02,,,,0,,,1,-0.3821562013663424,0.6931471805599453,0.0
adidas,2023-10-23,0.1349925014845954,0.7238906523001623,0.1411168577156346,4,-0.0061243562310391,0.2761093476998377,0,,,
adidas,2023-10-30,0.2680219259906669,0.7229671785211343,0.0090108817302176,3,0.2590110442604493,0.2770328214788656,0,,,
adidas,2023-11-06,8.445289040537318e-06,0.9316325187683104,0.0683590054218257,1,-0.0683505601327851,0.0683674812316894,0,,,
adidas,2023-11-13,0.0265621153114865,0.8999314249027878,0.0735064710266,3,-0.0469443557151135,0.1000685750972122,0,,,
adidas,2023-12-11,0.000364360428648,0.9977585077285768,0.0018771290779113,1,-0.0015127686492633,0.0022414922714233,0,,,
adidas,2023-12-25,1.1167870965778093e-06,0.9980770945549012,0.0019217497087993,1,-0.0019206329217027,0.0019229054450988,0,,,
adidas,2024-01-08,3.89629866859309e-06,0.9999880790710448,7.939841680126847e-06,2,-4.043543011533757e-06,1.1920928955078123e-05,0,,,
adidas,2024-01-15,4.80912611540892e-06,0.9999816020329794,1.3570119790529134e-05,1,-8.760993675120215e-06,1.8397967020633565e-05,0,,,
adidas,2024-01-22,4.4073198068872443e-07,0.9999871253967284,1.2411017905833432e-05,2,-1.1970285925144708e-05,1.2874603271484377e-05,0,,,
adidas,2024-01-29,0.3333495257465984,0.6666382041669294,1.2266400312081297e-05,1,0.3333372593462863,0.3333617958330706,0,,,
adidas,2024-07-01,,,,0,,,2,0.0162809895828104,1.4451858789480825,0.0
adidas,2024-09-16,,,,0,,,3,-0.0206931170928328,0.6931471805599453,1.0
adidas,2024-09-30,,,,0,,,1,-0.154754927689396,0.6931471805599453,0.0
adidas,2024-10-28,,,,0,,,1,-0.104526534844723,2.1972245773362196,0.0
airbnb,2022-12-26,6.124597717871438e-08,0.9999964237213136,3.408627662793151e-06,1,-3.3473816856144367e-06,3.5762786865234375e-06,0,,,
airbnb,2023-01-02,0.0023268768607328,0.7459649901526669,0.2517081406035497,4,-0.2493812637428168,0.254035009847333,0,,,
airbnb,2023-01-09,7.5752686825580895e-06,0.9999818801879884,1.0546667908784002e-05,1,-2.971399226225913e-06,1.811981201171875e-05,0,,,
airbnb,2023-01-16,0.221841068556785,0.7225598535102714,0.0555990665461523,9,0.1662420020106327,0.2774401464897286,0,,,
airbnb,2023-01-23,1.893623617377216e-05,0.9999688069025676,1.2283634684232917e-05,3,6.652601489539242e-06,3.1193097432491435e-05,0,,,
airbnb,2023-01-30,3.837791306674869e-06,0.9999863306681316,9.850440468047358e-06,3,-6.012649161372489e-06,1.366933186852659e-05,0,,,
airbnb,2023-02-13,0.5000002746927521,0.4998362833711991,0.0001634486311334,2,0.4998368260616186,0.5001637166288009,0,,,
airbnb,2023-02-27,0.2501504071406089,0.7497990557671965,5.052367149005477e-05,2,0.2500998834691188,0.2502009442328035,0,,,
airbnb,2023-03-06,0.0391071660763611,0.960062935948372,0.0008298860453805,3,0.0382772800309805,0.0399370640516281,0,,,
airbnb,2023-03-13,0.1494183194404165,0.8129633340507835,0.0376183261875147,7,0.1117999932529018,0.1870366659492165,0,,,
airbnb,2023-03-20,0.1755071822617822,0.7003618928526218,0.1241309249342824,2,0.0513762573274997,0.2996381071473781,0,,,
airbnb,2023-03-27,0.2003395375704656,0.7995809011725215,7.954332115538421e-05,5,0.2002599942493102,0.2004190988274785,0,,,
airbnb,2023-04-03,3.4779549462626846e-08,0.9999995827674866,3.753962261043853e-07,2,-3.406166766417585e-07,4.172325134277344e-07,0,,,
airbnb,2023-04-10,0.0774420182125968,0.9217237114906311,0.0008342418567337,5,0.076607776355863,0.0782762885093688,0,,,
airbnb,2023-04-17,1.8380884441171472e-06,0.9999795854091644,1.85680114554998e-05,4,-1.6729923011382652e-05,2.041459083557129e-05,0,,,
airbnb,2023-04-24,0.0004327535693278,0.9991701245307922,0.0003970842103626,2,3.566935896515133e-05,0.0008298754692077,0,,,
airbnb,2023-05-01,9.804080946196336e-06,0.999970555305481,1.9684988728840835e-05,1,-9.8809077826445e-06,2.944469451904297e-05,0,,,
airbnb,2023-05-08,0.0003593673760065,0.5000087392172645,0.4996319233407575,2,-0.499272555964751,0.4999912607827355,0,,,
airbnb,2023-05-15,0.1743381101202127,0.8251658325315651,0.0004960221132631,3,0.1738420880069495,0.1748341674684349,0,,,
airbnb,2023-05-22,0.0666886580331526,0.7336806619458213,0.1996307048948064,5,-0.1329420468616538,0.2663193380541787,0,,,
airbnb,2023-05-29,0.0077308632183093,0.8891889782962747,0.1030801809500627,5,-0.0953493177317533,0.1108110217037252,0,,,
airbnb,2023-06-05,3.719322023698623e-06,0.9999711513519288,2.5102486461037188e-05,1,-2.1383164437338564e-05,2.8848648071289062e-05,0,,,
airbnb,2023-06-12,0.0012711896354934,0.6942653407653173,0.304463470975558,3,-0.3031922813400646,0.3057346592346827,0,,,
airbnb,2023-06-19,1.0594654650475375e-05,0.9999821186065674,7.274591411032816e-06,4,3.320063239442561e-06,1.7881393432617188e-05,0,,,
airbnb,2023-06-26,0.0848676883724692,0.9134904146194458,0.0016419388557551,2,0.0832257495167141,0.0865095853805542,0,,,
airbnb,2023-07-03,1.1110366789542544e-05,0.9985669652620952,0.001421979036877,3,-0.0014108686700874,0.0014330347379049,0,,,
airbnb,2023-07-17,4.428532918154815e-07,0.9999775886535645,2.1917916456004605e-05,1,-2.1475063164189123e-05,2.2411346435546875e-05,0,,,
airbnb,2023-07-24,0.1665480463426926,0.7420093001441046,0.0914426603969597,6,0.0751053859457328,0.2579906998558954,0,,,
airbnb,2023-07-31,0.0018553089967952,0.8663650453090668,0.1317796522156271,2,-0.1299243432188319,0.1336349546909332,0,,,
airbnb,2023-08-07,0.0007268459576342,0.9991938471794128,7.932169925576697e-05,3,0.0006475242583784,0.0008061528205871,0,,,
airbnb,2023-08-14,6.229236810195715e-05,0.9688243865966796,0.0311133450091176,4,-0.0310510526410157,0.0311756134033203,0,,,
airbnb,2023-08-21,2.851341491805215e-07,0.9999921321868896,7.65951244829921e-06,1,-7.374378299118689e-06,7.867813110351562e-06,0,,,
airbnb,2023-08-28,0.4999233916705634,0.5000738245144021,2.8386474468788947e-06,2,0.4999205530231165,0.4999261754855979,0,,,
airbnb,2023-09-04,0.0194810351749888,0.7439945648100548,0.2365243866482473,10,-0.2170433514732584,0.2560054351899452,0,,,
airbnb,2023-09-11,0.1961576391912158,0.6029962362211088,0.2008461051910847,1,-0.0046884659998689,0.3970037637788912,0,,,
airbnb,2023-09-18,0.0001332499833377,0.5992634125429163,0.4006033394980705,1,-0.4004700895147327,0.4007365874570837,0,,,
airbnb,2023-09-25,0.6604237854480743,0.0072349361144006,0.3323412456884398,1,0.3280825397596345,0.9927650638855994,0,,,
airbnb,2023-10-02,5.964726170759604e-07,0.9999951918919882,4.211831120907543e-06,3,-3.6153585038315823e-06,4.808108011844503e-06,0,,,
airbnb,2023-10-09,0.1110462383438617,0.4444831967636181,0.4444705614538786,3,-0.3334243231100168,0.555516803236382,0,,,
airbnb,2023-10-23,3.453892591265273e-06,0.9998100101947784,0.0001865161620706,2,-0.0001830622694793,0.0001899898052215,0,,,
airbnb,2023-10-30,0.3240784081905114,0.6756076297412316,0.0003139635882689,3,0.3237644446022424,0.3243923702587684,0,,,
airbnb,2023-11-06,0.0017172522978701,0.5959048835017408,0.4023778840426833,2,-0.4006606317448131,0.4040951164982592,0,,,
airbnb,2023-11-13,9.421841440371281e-08,0.9999983310699464,1.537573211862764e-06,1,-1.443354797459051e-06,1.6689300537109375e-06,0,,,
airbnb,2023-11-20,0.113756075275043,0.6411482982417704,0.2450955910474814,4,-0.1313395157724383,0.3588517017582295,0,,,
airbnb,2023-11-27,0.1699816831682068,0.5685646134935427,0.2614537050674962,3,-0.0914720218992893,0.4314353865064573,0,,,
airbnb,2023-12-04,0.2000122201454871,0.799878705621768,0.0001090579430567,5,0.1999031622024304,0.200121294378232,0,,,
airbnb,2023-12-18,2.661645735753855e-05,0.8710775391397572,0.1288958071141289,2,-0.1288691906567714,0.1289224608602428,0,,,
airbnb,2023-12-25,4.7697557306491944e-05,0.9999110698699952,4.12431685390402e-05,2,6.454388767451746e-06,8.893013000488281e-05,0,,,
airbnb,2024-01-08,0.2654015215266554,0.7339929938316345,0.0006055185403965,1,0.2647960029862588,0.2660070061683655,0,,,
airbnb,2024-01-15,6.684435804871215e-08,0.9999988973140717,1.0542906778709948e-06,2,-9.874463198222827e-07,1.1026859283447266e-06,0,,,
airbnb,2024-01-22,0.0113796594755323,0.9867484271526336,0.001871909863515,3,0.0095077496120173,0.0132515728473663,0,,,
airbnb,2024-01-29,0.9725881814956664,0.0267575662583112,0.0006542787305079,1,0.9719339027651586,0.9732424337416888,0,,,
airbnb,2024-05-27,,,,0,,,1,-0.296711729125775,0.6931471805599453,0.0
airbnb,2024-06-10,,,,0,,,1,-0.3233690902065405,0.6931471805599453,0.0
airbnb,2024-06-17,,,,0,,,2,-0.1072106397150491,1.545521226679158,0.0
airbnb,2024-07-29,,,,0,,,4,-0.0680281831427009,1.2687934538084569,1.0
airbnb,2024-08-05,,,,0,,,1,-0.0158836019483246,0.6931471805599453,0.0
airbnb,2024-10-28,,,,0,,,1,-0.0031973754521459,3.6635616461296463,0.0
amazon,2022-12-26,2.0194928133321356e-06,0.800021775564528,0.1999762105979016,5,-0.1999741911050883,0.1999782244354719,0,,,
amazon,2023-01-02,0.1536822299264317,0.521229889342032,0.3250878843546895,26,-0.1714056544282577,0.478770110657968,0,,,
amazon,2023-01-09,0.0715266708562462,0.6220904828925177,0.3063828510663521,28,-0.2348561802101059,0.3779095171074823,0,,,
amazon,2023-01-16,0.0230782166168042,0.6625630674148278,0.3143587283301607,26,-0.2912805117133564,0.3374369325851721,0,,,
amazon,2023-01-23,0.0289187795781955,0.7623710596420408,0.2087101629907006,32,-0.179791383412505,0.2376289403579592,0,,,
amazon,2023-01-30,0.0711341879408671,0.8316231301642787,0.0972426788801477,38,-0.0261084909392805,0.1683768698357213,0,,,
amazon,2023-02-06,0.0633725053795667,0.7285378819279786,0.2080896008808491,21,-0.1447170955012824,0.2714621180720213,0,,,
amazon,2023-02-13,0.0219530113692971,0.8424395064116799,0.1356074943466161,31,-0.113654482977319,0.1575604935883201,0,,,
amazon,2023-02-20,0.0441559736003905,0.939207522328758,0.0166364891696558,19,0.0275194844307346,0.0607924776712419,0,,,
amazon,2023-02-27,0.1147450670413479,0.8166946191905872,0.0685603159717563,23,0.0461847510695915,0.1833053808094128,1,-0.2208834108893427,5.056245805348308,0.0
amazon,2023-03-06,0.1210132644673396,0.8641461481124378,0.0148405868156104,27,0.1061726776517292,0.1358538518875621,0,,,
amazon,2023-03-13,0.0888831517735802,0.8609992809698244,0.0501175739002459,23,0.0387655778733342,0.1390007190301756,0,,,
amazon,2023-03-20,0.0660608986322012,0.8245502332357979,0.1093888630878932,20,-0.0433279644556919,0.1754497667642021,1,0.0419244793947086,3.784189633918261,0.0
amazon,2023-03-27,0.1325065641966985,0.6214649663812076,0.246028475222499,13,-0.1135219110258005,0.3785350336187923,0,,,
amazon,2023-04-03,0.0140971678874062,0.8675918496723729,0.1183109679890976,22,-0.1042138001016914,0.1324081503276271,0,,,
amazon,2023-04-10,0.1577468700177906,0.6492286748253946,0.1930244532564875,24,-0.0352775832386969,0.3507713251746054,0,,,
amazon,2023-04-17,0.0851755253151346,0.7416175526659253,0.1732069138057187,19,-0.0880313884905841,0.2583824473340746,0,,,
amazon,2023-04-24,0.2743815093680563,0.5397185795783869,0.1858999115684345,30,0.0884815977996217,0.4602814204216131,0,,,
amazon,2023-05-01,0.0811917895495088,0.8271731519227737,0.0916350595726944,16,-0.0104432700231856,0.1728268480772262,0,,,
amazon,2023-05-08,0.1067926597142776,0.5235990219696935,0.3696083037306515,19,-0.2628156440163739,0.4764009780303064,0,,,
amazon,2023-05-15,0.1666421642447067,0.704082374019596,0.1292754585976036,27,0.0373667056471031,0.295917625980404,0,,,
amazon,2023-05-22,0.0798685351984488,0.779101380402697,0.1410300726699059,17,-0.061161537471457,0.2208986195973029,0,,,
amazon,2023-05-29,0.0526536249676134,0.8483800960162796,0.0989662895897014,25,-0.0463126646220879,0.1516199039837203,0,,,
amazon,2023-06-05,0.1967157595888836,0.6612584759094315,0.1420257659203035,17,0.0546899936685801,0.3387415240905684,0,,,
amazon,2023-06-12,0.0655561490975113,0.6149526219401562,0.3194912194979196,24,-0.2539350704004083,0.3850473780598438,0,,,
amazon,2023-06-19,0.0654985860283718,0.7531599698472539,0.1813414541306283,17,-0.1158428681022564,0.2468400301527461,0,,,
amazon,2023-06-26,0.0589169937354407,0.6241125676148946,0.3169704582318083,20,-0.2580534644963675,0.3758874323851053,0,,,
amazon,2023-07-03,0.0185444779753144,0.8794434021181474,0.1020121295916501,15,-0.0834676516163356,0.1205565978818525,0,,,
amazon,2023-07-10,0.2877230033841202,0.5114231751735612,0.2008538175085889,26,0.0868691858755313,0.4885768248264388,1,0.2667789240922502,0.6931471805599453,0.0
amazon,2023-07-17,0.0993830860341169,0.8040505410178873,0.096566377179313,27,0.0028167088548038,0.1959494589821127,1,-0.0290353949603172,0.6931471805599453,0.0
amazon,2023-07-24,0.1868501049896986,0.6729307067477376,0.140219196739992,22,0.0466309082497065,0.3270692932522624,2,-0.0438225107482139,0.6931471805599453,0.0
amazon,2023-07-31,0.2193911358930421,0.6735413926147666,0.1070674650770678,23,0.1123236708159743,0.3264586073852333,0,,,
amazon,2023-08-07,0.0753807296271807,0.8383909017305006,0.0862283731419101,27,-0.0108476435147294,0.1616090982694994,0,,,
amazon,2023-08-14,0.0917394562255488,0.7117328181080697,0.1965277205083833,22,-0.1047882642828344,0.2882671818919303,2,0.1765830010845093,0.6931471805599453,0.0
amazon,2023-08-21,0.1075742516332202,0.7827708738387584,0.1096548804254065,21,-0.0020806287921863,0.2172291261612415,2,-0.5201394113246351,0.6931471805599453,0.0
amazon,2023-08-28,0.0443189304425057,0.8718685990580443,0.0838124761034335,22,-0.0394935456609277,0.1281314009419557,0,,,
amazon,2023-09-04,0.1526865236615204,0.632034521687542,0.2152789598502855,21,-0.0625924361887651,0.3679654783124579,0,,,
amazon,2023-09-11,0.2420394190844283,0.6283528219728415,0.1296077679610382,32,0.1124316511233901,0.3716471780271585,2,0.0882006920215303,0.6931471805599453,0.0
amazon,2023-09-18,0.2384711061194231,0.6627359520704601,0.0987929440261567,20,0.1396781620932664,0.3372640479295399,0,,,
amazon,2023-09-25,0.1234477552565989,0.6216402828289074,0.2549119600943974,26,-0.1314642048377985,0.3783597171710926,0,,,
amazon,2023-10-02,0.1699594908641967,0.7018857450706572,0.1281547779109125,21,0.0418047129532842,0.2981142549293428,0,,,
amazon,2023-10-09,0.0898042565566812,0.6972682207539896,0.2129275252629154,18,-0.1231232687062341,0.3027317792460103,2,0.1566203334223246,0.6931471805599453,0.0
amazon,2023-10-16,0.0062142633474714,0.8410939869364256,0.1526917506984484,20,-0.146477487350977,0.1589060130635744,0,,,
amazon,2023-10-23,0.1434316223877978,0.4959092002478843,0.360659195748908,10,-0.2172275733611101,0.5040907997521157,2,0.0135618567353503,0.6931471805599453,0.0
amazon,2023-10-30,0.0232962233931593,0.852328043967655,0.1243757364052269,19,-0.1010795130120676,0.1476719560323449,0,,,
amazon,2023-11-06,0.0753069109365428,0.881958043005724,0.0427350417418201,19,0.0325718691947227,0.118041956994276,0,,,
amazon,2023-11-13,0.069133452343661,0.7650746286720868,0.1657919160255847,22,-0.0966584636819237,0.2349253713279132,1,0.0828251513839859,0.6931471805599453,0.0
amazon,2023-11-20,0.1124905459906103,0.8212033130674262,0.0663061363544398,16,0.0461844096361704,0.1787966869325737,0,,,
amazon,2023-11-27,0.1998803299590225,0.766279899909987,0.0338397765251852,16,0.1660405534338373,0.2337201000900129,0,,,
amazon,2023-12-04,0.1794223366673623,0.639723741460998,0.1808539254694031,26,-0.0014315888020407,0.360276258539002,2,0.1513921178302553,1.9143206982445475,0.0
amazon,2023-12-11,0.0996732320177736,0.8157979361858766,0.0845288409385168,15,0.0151443910792568,0.1842020638141234,0,,,
amazon,2023-12-18,0.0694949291996521,0.7797175713570246,0.1507874876230937,19,-0.0812925584234416,0.2202824286429754,0,,,
amazon,2023-12-25,0.158436120498227,0.7625860257595242,0.0789778448431443,8,0.0794582756550827,0.2374139742404758,2,-0.0578095544865391,3.1401979194800975,0.0
amazon,2024-01-01,0.0018916749597523,0.7707465465522719,0.2273617919909256,14,-0.2254701170311733,0.229253453447728,0,,,
amazon,2024-01-08,0.1284905322153043,0.7650411878900024,0.1064682789776404,29,0.0220222532376638,0.2349588121099975,0,,,
amazon,2024-01-15,1.0661502898301478e-05,0.9977466960748036,0.0022426599128664,12,-0.0022319984099681,0.0022533039251962,0,,,
amazon,2024-01-22,0.0569503282124446,0.8637601526422166,0.0792895183666988,27,-0.0223391901542541,0.1362398473577833,1,-0.0879399737130484,2.1972245773362196,0.0
amazon,2024-01-29,0.0854723540461127,0.7494268026464831,0.1651008480025169,15,-0.0796284939564042,0.2505731973535169,1,-0.064393002266911,0.6931471805599453,0.0
amazon,2024-02-05,,,,0,,,1,0.1383996691255902,0.6931471805599453,0.0
amazon,2024-03-18,,,,0,,,2,-0.0487606187234632,1.791759469228055,0.0
amazon,2024-04-08,,,,0,,,2,0.187189663760364,3.0031765798008663,0.0
amazon,2024-05-06,,,,0,,,2,0.0282791702743452,1.629048269010741,0.0
amazon,2024-05-13,,,,0,,,1,-0.1211485608395719,0.6931471805599453,0.0
amazon,2024-05-27,,,,0,,,2,0.5364892593352124,5.004554017199907,0.0
amazon,2024-06-03,,,,0,,,3,-0.0344605850405059,5.517584944869719,0.0
amazon,2024-07-01,,,,0,,,2,-0.0807725010599824,0.6931471805599453,0.0
amazon,2024-07-29,,,,0,,,3,0.2181701153946467,2.460915483246304,0.0
amazon,2024-08-05,,,,0,,,1,-0.0246113276414803,3.1354942159291497,0.0
amazon,2024-08-12,,,,0,,,2,-0.0362632637267665,1.9944920232821373,0.0
amazon,2024-08-19,,,,0,,,4,0.0103363932277886,2.302184772652302,1.0
amazon,2024-08-26,,,,0,,,2,-0.1636137438576952,2.727660557678851,0.0
amazon,2024-09-02,,,,0,,,3,-0.01177759085049,0.8283022165960001,0.0
amazon,2024-09-09,,,,0,,,1,0.2143317469663088,0.6931471805599453,0.0
amazon,2024-09-16,,,,0,,,3,-0.0378648579922658,0.6931471805599453,0.0
amazon,2024-09-23,,,,0,,,2,0.0821456650392065,1.791759469228055,0.0
amazon,2024-09-30,,,,0,,,3,-0.0403441326186661,1.110734836725068,0.0
amazon,2024-10-07,,,,0,,,8,0.0445318824021399,2.030794044606195,1.0
amazon,2024-10-14,,,,0,,,5,0.0726842342087252,2.925982415113945,1.0
amazon,2024-10-28,,,,0,,,2,-0.0263315242892048,5.572522558594668,0.0
amazon,2024-11-04,,,,0,,,4,-0.0453706685959431,3.877016335074284,1.0
amazon,2024-11-11,,,,0,,,1,0.0758767645511397,0.6931471805599453,0.0
amazon,2024-11-18,,,,0,,,2,-0.1014044277785615,4.725111519647335,0.0
amazon,2024-12-02,,,,0,,,3,0.0517726503765061,3.2868600171749507,0.0
amazon,2024-12-16,,,,0,,,2,0.0584267259174282,5.457344192096635,0.0
americanexpress,2022-12-26,0.0516557214997827,0.8623395506095419,0.0860047266964725,2,-0.0343490051966897,0.137660449390458,0,,,
americanexpress,2023-01-02,0.0951942883699181,0.7565926690560542,0.1482130350263951,12,-0.053018746656477,0.2434073309439458,0,,,
americanexpress,2023-01-09,0.0687728124882443,0.8429384244565945,0.0882887629796563,5,-0.0195159504914119,0.1570615755434055,0,,,
americanexpress,2023-01-16,0.0795513044911695,0.7858262276273164,0.1346224686087401,9,-0.0550711641175705,0.2141737723726836,0,,,
americanexpress,2023-01-23,0.1477985387797984,0.6338058249510701,0.2183956325092372,13,-0.0705970937294388,0.3661941750489299,0,,,
americanexpress,2023-01-30,0.2015775926903698,0.6490770313116321,0.1493453780484363,10,0.0522322146419335,0.3509229686883679,0,,,
americanexpress,2023-02-06,0.0793161635730224,0.8293739569497174,0.091309873982197,10,-0.0119937104091745,0.1706260430502826,0,,,
americanexpress,2023-02-13,0.1267088340165875,0.7509885095094727,0.1223026563043096,9,0.0044061777122779,0.2490114904905273,0,,,
americanexpress,2023-02-20,0.0525127499900191,0.7494706937150688,0.1980165528474691,9,-0.14550380285745,0.2505293062849312,0,,,
americanexpress,2023-02-27,0.0294851034403056,0.9007459040167096,0.0697690081291168,9,-0.0402839046888112,0.0992540959832902,0,,,
americanexpress,2023-03-06,0.1799872348582294,0.7456616882826969,0.0743510924257755,11,0.1056361424324538,0.2543383117173031,0,,,
americanexpress,2023-03-13,0.0621984493280492,0.8246713812820619,0.1131301737458122,8,-0.050931724417763,0.1753286187179381,0,,,
americanexpress,2023-03-20,0.1108363880888114,0.7748875439827649,0.1142760658167649,7,-0.0034396777279535,0.225112456017235,0,,,
americanexpress,2023-03-27,0.226843564785427,0.72483858642766,0.0483178721847673,5,0.1785256926006597,0.27516141357234,0,,,
americanexpress,2023-04-03,0.0651371444559715,0.7107835399449419,0.2240793103188645,4,-0.1589421658628929,0.2892164600550581,0,,,
americanexpress,2023-04-10,0.0801707212092062,0.761307855594838,0.1585214213817013,10,-0.0783507001724951,0.2386921444051619,0,,,
americanexpress,2023-04-17,0.0546787583264725,0.8396237938574984,0.1056974576495894,5,-0.0510186993231169,0.1603762061425016,0,,,
americanexpress,2023-04-24,0.0935044624435532,0.7976188559729998,0.1088766804263765,10,-0.0153722179828233,0.2023811440270002,0,,,
americanexpress,2023-05-01,0.097048225581376,0.7686916728435724,0.1342600998364512,4,-0.0372118742550752,0.2313083271564275,0,,,
americanexpress,2023-05-08,0.0691885669517537,0.781240612042909,0.1495708213283656,7,-0.0803822543766119,0.218759387957091,0,,,
americanexpress,2023-05-15,0.0733577049635685,0.8438701984166312,0.082772094768344,7,-0.0094143898047754,0.1561298015833687,0,,,
americanexpress,2023-05-22,0.0756999320044903,0.7413366060456851,0.1829634645244225,7,-0.1072635325199322,0.2586633939543149,0,,,
americanexpress,2023-05-29,0.0693805961779103,0.7324898814502717,0.1981295251322169,6,-0.1287489289543065,0.2675101185497283,0,,,
americanexpress,2023-06-05,0.06369737140164,0.8299357984177228,0.1063668295154438,7,-0.0426694581138038,0.1700642015822772,0,,,
americanexpress,2023-06-12,0.0977061728472504,0.7619389382047322,0.1403548899431232,10,-0.0426487170958727,0.2380610617952677,0,,,
americanexpress,2023-06-19,0.0412966668999714,0.8382647234913867,0.1204386151600301,4,-0.0791419482600586,0.1617352765086133,0,,,
americanexpress,2023-06-26,0.0563436441742635,0.8172461221328141,0.1264102310091213,6,-0.0700665868348578,0.1827538778671859,0,,,
americanexpress,2023-07-03,0.0851054437987268,0.7428704961336038,0.1720240502201244,1,-0.0869186064213975,0.2571295038663962,0,,,
americanexpress,2023-07-10,0.2951235061716338,0.6420580879340974,0.0628184079509696,6,0.2323050982206642,0.3579419120659026,0,,,
americanexpress,2023-07-17,0.1460240351579366,0.6197395531520402,0.2342364177871557,13,-0.0882123826292191,0.3802604468479598,0,,,
americanexpress,2023-07-24,0.055741110243152,0.7456482766510876,0.1986106151144502,7,-0.1428695048712981,0.2543517233489124,0,,,
americanexpress,2023-07-31,0.1020218567158213,0.8106501261158835,0.0873280191279494,8,0.0146938375878719,0.1893498738841165,0,,,
americanexpress,2023-08-07,0.1282141476439992,0.7192313084305433,0.1525545515895032,7,-0.024340403945504,0.2807686915694567,0,,,
americanexpress,2023-08-14,0.0649920024518372,0.8184453476951243,0.1165626389841038,4,-0.0515706365322666,0.1815546523048756,0,,,
americanexpress,2023-08-21,0.1360377924022801,0.6854598354366321,0.1785023761655086,4,-0.0424645837632285,0.3145401645633678,0,,,
americanexpress,2023-08-28,0.0518197519609362,0.8340960032612665,0.1140842431908886,3,-0.0622644912299523,0.1659039967387334,0,,,
americanexpress,2023-09-04,0.0644493942358008,0.7834701508874687,0.1520804607511058,6,-0.0876310665153049,0.2165298491125312,0,,,
americanexpress,2023-09-11,0.0558583893486205,0.7977005995386276,0.1464410095942896,6,-0.0905826202456691,0.2022994004613724,0,,,
americanexpress,2023-09-18,0.1005615470663738,0.7387479592641946,0.160690490056863,5,-0.0601289429904891,0.2612520407358054,0,,,
americanexpress,2023-09-25,0.0643142364814269,0.7923155221790998,0.1433702416642936,5,-0.0790560051828666,0.2076844778209001,0,,,
americanexpress,2023-10-02,5.3173212222645816e-05,0.9985985457897186,0.0013482779177422,2,-0.0012951047055196,0.0014014542102813,0,,,
americanexpress,2023-10-09,0.0006046121125109,0.966421365737915,0.0329740531742572,1,-0.0323694410617463,0.0335786342620849,0,,,
americanexpress,2023-10-16,0.3331126575836202,0.6666370097787994,0.0002503237903665,3,0.3328623337932536,0.3333629902212006,0,,,
americanexpress,2023-10-23,0.0002291700038602,0.9995591044425964,0.0002117150599663,3,1.7454943893824293e-05,0.0004408955574035,0,,,
americanexpress,2023-11-06,5.124313247506507e-05,0.8310518264770508,0.1688969582319259,1,-0.1688457150994509,0.1689481735229492,0,,,
americanexpress,2023-11-20,2.6678999347495846e-06,0.9999895095825196,7.906943210400641e-06,1,-5.239043275651056e-06,1.049041748046875e-05,0,,,
americanexpress,2023-11-27,7.78561302183789e-06,0.999985694885254,6.502454141354974e-06,2,1.2831588804829153e-06,1.430511474609375e-05,0,,,
americanexpress,2023-12-04,1.3457562317853444e-06,0.9999983310699464,3.3654751518952253e-07,1,1.009208716595822e-06,1.6689300537109375e-06,0,,,
americanexpress,2023-12-18,4.4838256485491e-07,0.9994427561759948,0.0005567356129176,1,-0.0005562872303528,0.0005572438240051,0,,,
americanexpress,2023-12-25,2.214570855585407e-06,0.6656478807562962,0.3343499022539618,3,-0.3343476876831062,0.3343521192437038,0,,,
americanexpress,2024-01-01,4.6820222365795416e-08,0.999978482723236,2.1469649254868273e-05,2,-2.1422829032502477e-05,2.1517276763916016e-05,0,,,
americanexpress,2024-01-15,0.0002284900983795,0.9997695088386536,2.013080575125059e-06,1,0.0002264770178044,0.0002304911613464,0,,,
americanexpress,2024-01-22,0.5000012593454812,6.387530513407569e-07,0.4999980981156264,1,3.161229854775627e-06,0.9999993612469488,0,,,
americanexpress,2024-01-29,2.9479655623276813e-06,0.9999263882637024,7.060082407406298e-05,1,-6.76528585117353e-05,7.361173629760742e-05,0,,,
americanexpress,2024-06-24,,,,0,,,1,0.4892023466527462,2.9444389791664403,0.0
americanexpress,2024-07-29,,,,0,,,1,0.0146356439728947,0.6931471805599453,0.0
americanexpress,2024-11-25,,,,0,,,1,-0.0297468959760323,1.791759469228055,0.0
apple,2022-12-26,0.3305845561133234,0.5832734809115967,0.0861419639897263,6,0.244442592123597,0.4167265190884033,0,,,
apple,2023-01-02,0.1778242563568248,0.7081871486533119,0.1139886000602503,28,0.0638356562965744,0.2918128513466881,0,,,
apple,2023-01-09,0.0871474226444828,0.8347241643652311,0.0781284170716943,28,0.0090190055727884,0.1652758356347689,0,,,
apple,2023-01-16,0.0439737578603176,0.7733027016285183,0.1827235462332483,29,-0.1387497883729307,0.2266972983714816,0,,,
apple,2023-01-23,0.0856580333258616,0.77328636802473,0.1410555890094872,33,-0.0553975556836255,0.2267136319752699,1,-0.1515596850051679,7.606387389772652,0.0
apple,2023-01-30,0.0976783425500622,0.6746818877301337,0.2276397571674512,30,-0.129961414617389,0.3253181122698663,0,,,
apple,2023-02-06,0.1192143249784721,0.725393756982691,0.1553919207043885,33,-0.0361775957259164,0.2746062430173089,1,-0.0281373489867746,3.1354942159291497,0.0
apple,2023-02-13,0.0357388092526009,0.8275038976067056,0.1367572881283522,35,-0.1010184788757513,0.1724961023932943,2,-0.1167880064147084,3.3714403178959516,0.0
apple,2023-02-20,0.0207205065950964,0.9191059282073424,0.0601735731267491,18,-0.0394530665316527,0.0808940717926576,0,,,
apple,2023-02-27,0.0551607219233934,0.785342822751624,0.1594964529625964,26,-0.104335731039203,0.2146571772483759,0,,,
apple,2023-03-06,0.093531595374526,0.8150097202577904,0.0914586932668544,23,0.0020729021076716,0.1849902797422096,0,,,
apple,2023-03-13,0.059443268105971,0.8598500276827126,0.0807066954088565,50,-0.0212634273028854,0.1401499723172874,0,,,
apple,2023-03-20,0.056988165666884,0.865313091752061,0.0776987363853967,19,-0.0207105707185126,0.134686908247939,0,,,
apple,2023-03-27,0.1178185438607676,0.7152737295849195,0.1669077303377299,25,-0.0490891864769622,0.2847262704150805,2,-0.1105149593089436,2.644133515347268,0.0
apple,2023-04-03,0.1087797120052179,0.8285471300570465,0.0626731565127256,32,0.0461065554924923,0.1714528699429535,0,,,
apple,2023-04-10,0.1482728971160218,0.6790798725226059,0.1726472354686067,34,-0.0243743383525849,0.320920127477394,0,,,
apple,2023-04-17,0.0534023581993951,0.7781770517846394,0.168420597435434,19,-0.1150182392360388,0.2218229482153606,1,0.0933622220363759,3.295836866004329,0.0
apple,2023-04-24,0.0541879457154905,0.6685711051067558,0.2772409424963858,30,-0.2230529967808953,0.3314288948932442,0,,,
apple,2023-05-01,0.1197602976119632,0.850343990810613,0.0298957136970899,25,0.0898645839148733,0.149656009189387,0,,,
apple,2023-05-08,0.0913232611428833,0.6222912198456796,0.2863855215309465,25,-0.1950622603880632,0.3777087801543204,1,-0.5383336930420626,3.295836866004329,0.0
apple,2023-05-15,0.077765141140366,0.7785858603643029,0.1436489881074101,28,-0.0658838469670441,0.2214141396356971,0,,,
apple,2023-05-22,0.0081124721755287,0.7541825120875175,0.2377049910138564,23,-0.2295925188383277,0.2458174879124824,1,0.092458241735585,5.605802066295998,0.0
apple,2023-05-29,0.0924066937100222,0.7506255661214977,0.1569677468094668,37,-0.0645610530994446,0.2493744338785023,0,,,
apple,2023-06-05,0.1306816015990346,0.7554445308989082,0.113873876313411,25,0.0168077252856236,0.2445554691010918,3,-0.0965630266000208,4.161617150421919,0.0
apple,2023-06-12,0.0871909759738835,0.8164202958917747,0.0963887108532182,20,-0.0091977348793346,0.1835797041082253,0,,,
apple,2023-06-19,0.0927370077584459,0.8096588770035315,0.0976041151347721,32,-0.0048671073763261,0.1903411229964685,3,0.0607840474206871,3.7081844780960806,0.0
apple,2023-06-26,0.2032979829143119,0.6114885666814993,0.1852134395284934,19,0.0180845433858185,0.3885114333185007,0,,,
apple,2023-07-03,0.0363551484809491,0.7711086390530084,0.1925362130159138,20,-0.1561810645349646,0.2288913609469915,0,,,
apple,2023-07-10,0.0131911882518202,0.9797620496618512,0.0070467656679635,15,0.0061444225838566,0.0202379503381487,0,,,
apple,2023-07-17,0.2688681054031462,0.6270176076740025,0.1041142984442744,28,0.1647538069588717,0.3729823923259975,1,-0.104697462365948,0.6931471805599453,0.0
apple,2023-07-24,0.0787755470128661,0.817571040202736,0.1036534084399058,15,-0.0248778614270397,0.182428959797264,2,0.1170651923894183,0.6931471805599453,0.0
apple,2023-07-31,0.2221982124467505,0.6709645813054496,0.1068372154540224,28,0.1153609969927281,0.3290354186945504,0,,,
apple,2023-08-07,0.0097161807741822,0.8694500140380697,0.1208338064006301,16,-0.1111176256264478,0.1305499859619303,1,0.2489578133464647,0.6931471805599453,0.0
apple,2023-08-14,0.0671160020089873,0.8324834133141221,0.1004006068641385,21,-0.0332846048551512,0.1675165866858778,0,,,
apple,2023-08-21,0.3354044130881776,0.6113966072160751,0.0531990025882765,14,0.282205410499901,0.3886033927839248,2,-0.0672868726690012,0.6931471805599453,0.0
apple,2023-08-28,0.1712859984945845,0.7084791618376911,0.1202348435326362,25,0.0510511549619483,0.2915208381623089,0,,,
apple,2023-09-04,0.1312407629681557,0.6396691869693307,0.2290900522735759,30,-0.0978492893054202,0.3603308130306693,0,,,
apple,2023-09-11,0.1009103400624793,0.7181511933377875,0.1809384586054281,47,-0.0800281185429488,0.2818488066622124,7,-0.0510713234608439,0.6931471805599453,0.0
apple,2023-09-18,0.0984252728941146,0.7410674503100856,0.1605072791111789,18,-0.0620820062170643,0.2589325496899144,2,-0.2381137490294804,0.6931471805599453,0.0
apple,2023-09-25,0.1118685165987899,0.736149545664355,0.1519819259478941,22,-0.0401134093491041,0.263850454335645,2,-0.0072251395904459,0.6931471805599453,0.0
apple,2023-10-02,0.0882437406225198,0.6936676222880355,0.2180886431798825,15,-0.1298449025573626,0.3063323777119645,0,,,
apple,2023-10-09,0.1850479473620241,0.6430505925230331,0.1719014677962283,15,0.0131464795657957,0.3569494074769669,2,0.5063654142847245,0.6931471805599453,0.0
apple,2023-10-16,0.0968015721779979,0.7976853508626587,0.1055130626783241,29,-0.0087114905003262,0.2023146491373413,0,,,
apple,2023-10-23,0.1967286673056017,0.6670499785051415,0.1362213404116636,23,0.0605073268939381,0.3329500214948585,2,0.0606933036669943,0.6931471805599453,0.0
apple,2023-10-30,0.0900201295179457,0.7930039967773188,0.1169758866613049,30,-0.0269557571433591,0.2069960032226812,0,,,
apple,2023-11-06,0.0523692401925519,0.9134444360691438,0.0341863188879757,33,0.0181829213045762,0.0865555639308561,0,,,
apple,2023-11-13,0.0349713594408457,0.8587762275691565,0.1062524100209094,31,-0.0712810505800636,0.1412237724308435,0,,,
apple,2023-11-20,0.1011982058452048,0.8343527133605605,0.0644490711396944,20,0.0367491347055104,0.1656472866394395,0,,,
apple,2023-11-27,0.1152071498250178,0.7546037453064397,0.1301890987968527,23,-0.0149819489718349,0.2453962546935603,0,,,
apple,2023-12-04,0.2081678307785746,0.7674238016699766,0.0244083644827618,17,0.1837594662958128,0.2325761983300234,1,0.0959441630681539,0.6931471805599453,0.0
apple,2023-12-11,0.1827695846586672,0.7498092984760378,0.0674211187252718,26,0.1153484659333953,0.2501907015239621,0,,,
apple,2023-12-18,0.0430171038724914,0.8455375392307259,0.1114453539996605,23,-0.0684282501271691,0.154462460769274,0,,,
apple,2023-12-25,0.1744770112965324,0.6543072890287511,0.171215683047756,23,0.0032613282487763,0.3456927109712489,2,0.2148867549733495,1.5890269151739729,0.0
apple,2024-01-01,0.1096495246351567,0.7636115280470296,0.1267389606212374,33,-0.0170894359860807,0.2363884719529704,1,0.0342244816383754,0.6931471805599453,0.0
apple,2024-01-08,0.1048437450893389,0.7648742525967193,0.1302819952568383,27,-0.0254382501674994,0.2351257474032807,2,-0.2087780008237132,0.6931471805599453,0.0
apple,2024-01-15,0.1639233173537474,0.7557617470722864,0.0803149309197942,32,0.0836083864339531,0.2442382529277136,0,,,
apple,2024-01-22,0.0658930000098797,0.7015249248241792,0.232582063938824,28,-0.1666890639289443,0.2984750751758208,5,-0.3082068702572087,1.6807601008122297,0.0
apple,2024-01-29,0.0390735716426784,0.9284980226898318,0.0324284050288519,15,0.0066451666138265,0.0715019773101681,4,0.0895894725530297,1.5992324138040366,0.0
apple,2024-02-12,,,,0,,,4,-0.0340089220788684,2.1031802924548817,0.0
apple,2024-02-19,,,,0,,,1,0.1094966049945984,3.912023005428146,0.0
apple,2024-03-18,,,,0,,,4,0.0574382308256105,2.4274757008658656,0.0
apple,2024-03-25,,,,0,,,1,0.0151586824968035,4.948759890378168,0.0
apple,2024-04-15,,,,0,,,1,0.0583624218306795,0.6931471805599453,0.0
apple,2024-04-22,,,,0,,,2,-0.0066872130946649,3.1849504914141136,0.0
apple,2024-05-06,,,,0,,,3,-0.1179790912893471,5.993044650261041,0.0
apple,2024-05-13,,,,0,,,3,0.2936365044442937,3.601784921248187,0.0
apple,2024-05-27,,,,0,,,2,0.0113211709831375,2.26089428852452,0.0
apple,2024-06-03,,,,0,,,1,-0.1315417025195984,0.6931471805599453,0.0
apple,2024-06-10,,,,0,,,6,-0.0499584898811823,2.146829064291462,0.0
apple,2024-06-17,,,,0,,,2,-0.1316852656970013,4.955479783687415,0.0
apple,2024-07-01,,,,0,,,2,0.0990266766129934,4.636281857578157,0.0
apple,2024-07-15,,,,0,,,9,0.0072368506481994,1.6843683186070235,0.0
apple,2024-07-22,,,,0,,,13,-0.1006125621310091,1.9389387989932467,0.0
apple,2024-07-29,,,,0,,,13,-0.0542044187135765,2.1860414779619552,0.0
apple,2024-08-05,,,,0,,,9,-0.0821102374056737,1.967212546089041,0.0
apple,2024-08-12,,,,0,,,15,-0.0862334092724002,1.801542819242573,1.0
apple,2024-08-19,,,,0,,,14,0.024798180893161,1.9652717747849688,0.0
apple,2024-08-26,,,,0,,,8,0.0463177140413222,2.6135646671575907,0.0
apple,2024-09-02,,,,0,,,9,0.110883929379237,2.243237611648234,0.0
apple,2024-09-09,,,,0,,,37,-0.1120603917970553,1.8842850057494396,1.0
apple,2024-09-16,,,,0,,,28,-0.020812277576598,2.3809343264874756,1.0
apple,2024-09-23,,,,0,,,19,0.0380100129949716,1.9558854643300911,1.0
apple,2024-09-30,,,,0,,,9,-0.0429087796567099,1.790487732444185,0.0
apple,2024-10-07,,,,0,,,18,0.0405092644317682,2.7133541574990243,1.0
apple,2024-10-14,,,,0,,,16,-0.0132629196988034,3.510914792810895,1.0
apple,2024-10-21,,,,0,,,9,-0.105905719638375,1.9314835204112393,0.0
apple,2024-10-28,,,,0,,,5,-0.0406871645525257,5.130078789852631,0.0
apple,2024-11-04,,,,0,,,1,0.1058477732585743,0.6931471805599453,0.0
apple,2024-11-11,,,,0,,,6,-0.0619067275054779,4.8503115969883925,0.0
apple,2024-11-18,,,,0,,,1,-0.0141407159139816,2.0794415416798357,0.0
apple,2024-11-25,,,,0,,,3,-0.0835078622726541,3.83358388801284,0.0
apple,2024-12-02,,,,0,,,2,-0.1717061570082023,3.1172053628591856,0.0
apple,2024-12-16,,,,0,,,2,0.0550320733071316,2.5119402604231382,0.0
apple,2024-12-30,,,,0,,,2,0.1227816526941865,7.877619031185742,0.0
audi,2023-01-16,2.0314554073290008e-05,0.9998358090718588,0.0001438619692635,3,-0.0001235474151902,0.0001641909281412,0,,,
audi,2023-01-23,1.1033777127522626e-06,0.999546229839325,0.0004526882839854,1,-0.0004515849062727,0.000453770160675,0,,,
audi,2023-01-30,0.001509855268523,0.0065594129264354,0.9919306635856628,1,-0.9904208083171396,0.9934405870735644,2,-0.1210297558378385,5.29901687700489,0.0
audi,2023-03-20,4.342013880886952e-06,0.9999728798866272,2.275722818012582e-05,2,-1.841521429923887e-05,2.7120113372802734e-05,0,,,
audi,2023-04-03,0.99998939037323,1.0654219295247458e-05,4.216074245277923e-08,1,0.9999893482124876,0.9999893457807048,0,,,
audi,2023-04-10,3.7059177770970564e-07,0.0058197729522362,0.9941798150539398,2,-0.994179444462162,0.9941802270477638,0,,,
audi,2023-04-24,6.96459579785369e-07,0.9999923706054688,6.934700650162995e-06,1,-6.238241070377626e-06,7.62939453125e-06,1,-0.1612893298006383,2.302585092994046,0.0
audi,2023-05-01,0.0001606282856954,0.8700717654544861,0.1297676353295173,2,-0.1296070070438219,0.1299282345455139,0,,,
audi,2023-05-08,0.0003030976517219,0.9996366947889328,6.019886342301106e-05,4,0.0002428987882989,0.0003633052110671,0,,,
audi,2023-05-15,2.257496376500967e-07,0.9999627470970154,3.70172924704093e-05,1,-3.6791542832759205e-05,3.725290298461914e-05,0,,,
audi,2023-06-12,0.0098613635220772,0.8839079737663269,0.1062306653511768,1,-0.0963693018290996,0.1160920262336731,0,,,
audi,2023-06-26,0.0778711646095237,0.8902373195496062,0.0318915242608468,4,0.0459796403486769,0.1097626804503938,0,,,
audi,2023-07-03,1.713957203719474e-06,0.9994937181472778,0.0005045687430538,1,-0.0005028547858501,0.0005062818527221,0,,,
audi,2023-07-10,0.6649523050320832,0.3349067193145553,0.0001410010837995,3,0.6648113039482837,0.6650932806854446,0,,,
audi,2023-07-24,0.021479851740878,0.9616374373435974,0.0168827059392242,1,0.0045971458016538,0.0383625626564025,0,,,
audi,2023-08-14,0.000309892026479,0.9994346424937248,0.0002554734099931,2,5.441861648591839e-05,0.0005653575062751,0,,,
audi,2023-09-04,8.916385013435502e-06,0.0020920732058584,0.997899055480957,1,-0.9978901390959436,0.9979079267941416,0,,,
audi,2023-09-11,0.0003488720976747,0.9995125532150269,0.0001385987416142,3,0.0002102733560604,0.0004874467849731,0,,,
audi,2023-09-18,0.0003870005174475,0.6658551084498564,0.3337579004091822,3,-0.3333708998917346,0.3341448915501436,2,-0.2751800444969134,0.6931471805599453,0.0
audi,2023-10-09,9.311601195586644e-05,0.989516332745552,0.0103905449863882,4,-0.0102974289744324,0.0104836672544479,0,,,
audi,2023-10-30,5.958584097243147e-06,0.9996861219406128,0.0003079192247241,2,-0.0003019606406269,0.0003138780593872,0,,,
audi,2023-11-27,4.543961438230326e-07,0.9999958276748656,3.6581134281732375e-06,2,-3.203717284350205e-06,4.172325134277344e-06,0,,,
audi,2023-12-11,1.4664618902315851e-05,0.999962568283081,2.276129634992685e-05,1,-8.096677447611e-06,3.743171691894531e-05,2,-0.1130758685980595,1.7631802623080808,0.0
audi,2023-12-18,1.4664618902315851e-05,0.999962568283081,2.276129634992685e-05,1,-8.096677447611e-06,3.743171691894531e-05,0,,,
audi,2023-12-25,2.995605681614203e-06,0.9999401450157166,5.684289308381569e-05,5,-5.3847287402201486e-05,5.985498428340286e-05,2,0.275681510753003,0.6931471805599453,0.0
audi,2024-01-01,0.9999955892562866,4.306239588913741e-06,7.438570293061275e-08,1,0.9999955148705836,0.9999956937604112,0,,,
audi,2024-01-15,,,,0,,,1,-0.1077127780874889,0.6931471805599453,0.0
audi,2024-01-22,0.0002637228753883,0.9997199177742004,1.63702334248228e-05,1,0.0002473526419635,0.0002800822257995,0,,,
audi,2024-03-18,,,,0,,,2,0.1560229923832139,2.3025850929940455,0.0
audi,2024-05-13,,,,0,,,1,-0.2133697750307419,3.4011973816621555,0.0
audi,2024-07-15,,,,0,,,3,-0.0244051485253748,0.6931471805599453,0.0
audi,2024-07-22,,,,0,,,1,-0.0481915819300411,0.6931471805599453,0.0
audi,2024-07-29,,,,0,,,9,-0.1087403506676341,1.1867750979477585,1.0
audi,2024-08-05,,,,0,,,12,0.022453025645228,1.3025822128174702,1.0
audi,2024-08-12,,,,0,,,4,-0.070760439980404,1.5261983081037462,0.0
audi,2024-08-19,,,,0,,,1,0.1718183898036329,0.6931471805599453,0.0
audi,2024-09-09,,,,0,,,4,0.0171017144803897,1.673640514630274,0.0
audi,2024-09-16,,,,0,,,4,-0.0063827033560954,0.6931471805599453,0.0
audi,2024-09-23,,,,0,,,1,-0.055334176664644,0.6931471805599453,0.0
audi,2024-10-07,,,,0,,,2,-0.2043875464660232,3.50244099485643,0.0
audi,2024-10-21,,,,0,,,3,-0.0532798423195686,1.6566044331920002,0.0
audi,2024-10-28,,,,0,,,1,-0.016945360104728,9.758750756069444,0.0
audi,2024-11-04,,,,0,,,1,-0.0133293892230312,0.6931471805599453,0.0
audi,2024-11-11,,,,0,,,1,-0.0878987436774423,0.6931471805599453,0.0
audi,2024-11-25,,,,0,,,3,0.0591459690828012,1.110734836725068,0.0
audi,2024-12-09,,,,0,,,1,-0.0771637694955984,5.627621113690637,0.0
audi,2024-12-16,,,,0,,,1,0.1363893417310464,3.8501476017100584,0.0
audi,2024-12-30,,,,0,,,1,-0.1249502043880284,0.6931471805599453,0.0
bmw,2022-12-26,0.0252708229254494,0.9735494256019592,0.0011797708575613,1,0.024091052067888,0.0264505743980407,0,,,
bmw,2023-01-02,0.0706205744201421,0.9247594674428304,0.0046199365225826,3,0.0660006378975595,0.0752405325571695,0,,,
bmw,2023-01-09,0.258051494722531,0.7323335570309549,0.0096149400798556,3,0.2484365546426753,0.267666442969045,0,,,
bmw,2023-01-16,0.0036215478030499,0.9749371707439424,0.0214412863133475,2,-0.0178197385102976,0.0250628292560577,0,,,
bmw,2023-01-23,0.0239507015794515,0.9747741222381592,0.0012752424227073,1,0.0226754591567441,0.0252258777618408,0,,,
bmw,2023-01-30,0.0995184139822745,0.8530675133600947,0.0474140762243101,2,0.0521043377579644,0.1469324866399053,1,0.2311715528958302,3.295836866004329,0.0
bmw,2023-02-06,0.0633335181770123,0.9038652349995484,0.0328012449340643,6,0.0305322732429479,0.0961347650004514,0,,,
bmw,2023-02-13,0.0001352468221654,0.9981170892715454,0.0017476656902999,5,-0.0016124188681345,0.0018829107284545,0,,,
bmw,2023-02-20,2.0675397536251694e-06,0.5323442369699478,0.4676536832957936,2,-0.46765161575604,0.4676557630300522,0,,,
bmw,2023-02-27,0.2500194584408746,0.749800728400821,0.0001797818199662,4,0.2498396766209083,0.250199271599179,1,-0.0428913774671855,3.4339872044851463,0.0
bmw,2023-03-06,6.814166408730671e-05,0.9999169111251832,1.4842606105958112e-05,1,5.32990579813486e-05,8.308887481689453e-05,1,0.1503103406578105,0.0,0.0
bmw,2023-03-13,1.0063028585231375e-06,0.9999882777531942,1.071524358546109e-05,3,-9.708940726937954e-06,1.1722246805789815e-05,0,,,
bmw,2023-03-20,0.0006401298164746,0.9281819462776184,0.0711778831027913,4,-0.0705377532863167,0.0718180537223815,0,,,
bmw,2023-03-27,3.5117446373078565e-06,0.9998534470796584,0.0001430853753845,2,-0.0001395736307472,0.0001465529203414,0,,,
bmw,2023-04-03,1.2842883734265342e-05,0.9999765157699584,1.0630262295308056e-05,1,2.212621438957285e-06,2.3484230041503903e-05,0,,,
bmw,2023-04-10,0.2184853278851506,0.5985493531614776,0.1829653508198438,3,0.0355199770653067,0.4014506468385224,0,,,
bmw,2023-04-17,0.2416047227453393,0.6438509400693293,0.1145443555252572,3,0.127060367220082,0.3561490599306707,0,,,
bmw,2023-04-24,2.523131297493819e-05,0.9999661445617676,8.557343790016603e-06,1,1.667396918492159e-05,3.3855438232421875e-05,0,,,
bmw,2023-05-08,0.0238194670528173,0.3895706832408905,0.5866098403930664,1,-0.5627903733402491,0.6104293167591095,0,,,
bmw,2023-05-15,1.3669712188857377e-06,0.9999690055847168,2.9728418667218648e-05,1,-2.836144744833291e-05,3.0994415283203125e-05,0,,,
bmw,2023-05-22,3.059793272086609e-07,0.9999438524246216,5.583544771070592e-05,2,-5.552946838349726e-05,5.614757537841797e-05,0,,,
bmw,2023-05-29,1.6427186665168847e-05,0.5000573352881474,0.4999262559990711,2,-0.499909828812406,0.4999426647118525,0,,,
bmw,2023-06-05,1.1005517990270164e-06,0.9993069171905518,0.0006919570150785,1,-0.0006908564632794,0.0006930828094482,0,,,
bmw,2023-06-12,3.7463739772647382e-06,0.9999887943267822,7.48832235331065e-06,1,-3.741948376045912e-06,1.1205673217773438e-05,0,,,
bmw,2023-06-26,0.66676973682479,0.3332147120858242,1.5585228877827244e-05,1,0.6667541515959122,0.6667852879141758,0,,,
bmw,2023-07-03,1.2897148530604291e-05,0.9998591201645988,0.0001279970924445,7,-0.0001150999439139,0.0001408798354012,0,,,
bmw,2023-07-10,1.4926509717128056e-06,0.9999969005584716,1.6260559334568825e-06,2,-1.334049617440769e-07,3.0994415283203125e-06,0,,,
bmw,2023-07-17,0.0002183382801443,0.6643305136778347,0.3354511297727735,6,-0.3352327914926292,0.3356694863221653,0,,,
bmw,2023-07-24,0.1999858995256204,0.7953417448414257,0.0046723698335085,5,0.1953135296921118,0.2046582551585742,0,,,
bmw,2023-07-31,5.591411463493993e-05,0.9883842219909031,0.011559844147996,6,-0.0115039300333611,0.0116157780090967,0,,,
bmw,2023-08-14,3.57776517982226e-06,0.9996103445688884,0.0003860852536187,3,-0.0003825074884389,0.0003896554311116,0,,,
bmw,2023-08-21,0.4733379846762204,0.5264548325562828,0.0002071439073461,4,0.4731308407688743,0.4735451674437172,0,,,
bmw,2023-08-28,0.0005672669334,0.9911873042583466,0.0082454221567805,3,-0.0076781552233805,0.0088126957416534,0,,,
bmw,2023-09-04,2.5714137592558473e-06,0.99998672803243,1.0707007049859383e-05,3,-8.135593290603538e-06,1.3271967569949972e-05,0,,,
bmw,2023-09-11,0.0583515962309736,0.9263186656456752,0.0153297569937227,6,0.0430218392372508,0.0736813343543248,0,,,
bmw,2023-09-18,3.386645175851299e-06,0.9999923706054688,4.268018528819084e-06,1,-8.813733529677847e-07,7.62939453125e-06,0,,,
bmw,2023-09-25,1.0263980432985893e-06,0.9999693632125854,2.967059572256403e-05,3,-2.864419767926544e-05,3.063678741455078e-05,0,,,
bmw,2023-10-02,0.291320323816069,0.674013717379421,0.0346659631889451,5,0.2566543606271239,0.325986282620579,0,,,
bmw,2023-10-09,2.566086596544892e-06,0.9999623894691468,3.5042163801790593e-05,4,-3.24760772052457e-05,3.761053085327149e-05,0,,,
bmw,2023-10-16,0.1667297818098063,0.3269657714019421,0.5063044416319826,2,-0.3395746598221763,0.673034228598058,0,,,
bmw,2023-10-23,3.946191659072913e-06,0.9994842608769736,0.0005117836453412,3,-0.0005078374536822,0.0005157391230264,0,,,
bmw,2023-10-30,0.0001004587866191,0.8004440370481462,0.1994554643242736,5,-0.1993550055376545,0.1995559629518538,0,,,
bmw,2023-11-06,1.6475067468491034e-05,0.9999087452888488,7.474275844288059e-05,2,-5.826769097438955e-05,9.125471115112303e-05,0,,,
bmw,2023-11-13,0.0058506423516888,0.9894802272319794,0.0046691635038769,1,0.0011814788478119,0.0105197727680206,0,,,
bmw,2023-11-20,1.0179319289704836e-06,0.9999924302101136,6.540953563671792e-06,2,-5.523021634701308e-06,7.569789886474609e-06,0,,,
bmw,2023-11-27,0.1000027376591674,0.8999906792895477,6.5654745100118815e-06,5,0.0999961721846574,0.1000093207104523,0,,,
bmw,2023-12-11,1.841181898605271e-05,0.9994647562503814,0.0005168046435841,5,-0.000498392824598,0.0005352437496185,0,,,
bmw,2023-12-18,4.4457367195605e-05,0.9999308735132216,2.462319474716423e-05,2,1.9834172448440768e-05,6.912648677825928e-05,1,-0.0086545460063689,3.1780538303479458,0.0
bmw,2023-12-25,1.3115237076514555e-05,0.992641270160675,0.0073455771210622,3,-0.0073324618839857,0.0073587298393249,0,,,
bmw,2024-01-01,2.7822715461904107e-05,0.3390848956381281,0.6608872738785673,3,-0.6608594511631054,0.660915104361872,0,,,
bmw,2024-01-22,,,,0,,,2,-0.0532699289539095,2.612873336856601,0.0
bmw,2024-02-12,,,,0,,,2,0.2456254691874164,1.9356005054539456,0.0
bmw,2024-03-25,,,,0,,,3,-0.0230995336009982,1.1945063128187037,0.0
bmw,2024-04-15,,,,0,,,2,0.6577110258277656,1.8187930798631928,0.0
bmw,2024-05-20,,,,0,,,2,-0.1095106353313895,2.934648456566887,0.0
bmw,2024-06-10,,,,0,,,4,0.0069205001241243,1.471526007862539,1.0
bmw,2024-06-17,,,,0,,,1,-0.0543526679308783,6.336825731146441,0.0
bmw,2024-07-15,,,,0,,,1,0.1607597101790361,0.6931471805599453,0.0
bmw,2024-08-05,,,,0,,,4,0.0188271546558667,0.6931471805599453,1.0
bmw,2024-08-26,,,,0,,,3,0.0708131910499313,1.962034677150052,0.0
bmw,2024-09-02,,,,0,,,3,0.1319251945463596,1.3170812395271423,0.0
bmw,2024-09-09,,,,0,,,2,0.0940888147106306,0.6931471805599453,0.0
bmw,2024-09-16,,,,0,,,2,0.0592565593345852,0.6931471805599453,0.0
bmw,2024-09-23,,,,0,,,4,-0.1882736914755582,2.0664125413950822,1.0
bmw,2024-09-30,,,,0,,,2,-0.0595790762230876,0.6931471805599453,0.0
bmw,2024-10-21,,,,0,,,2,-0.0791410402799783,0.6931471805599453,0.0
bmw,2024-10-28,,,,0,,,2,0.0535896914345244,4.970680602482105,0.0
bmw,2024-11-18,,,,0,,,3,0.0422882369735901,0.6931471805599453,0.0
bmw,2024-12-16,,,,0,,,1,0.3887743057712214,5.075173815233827,0.0
budweiser,2022-12-26,3.1044251954881474e-05,0.9108556509017944,0.0891132578253746,1,-0.0890822135734197,0.0891443490982055,0,,,
budweiser,2023-01-16,6.946107532712631e-06,0.99997878074646,1.4280760296969676e-05,2,-7.334652764257044e-06,2.1219253540039062e-05,0,,,
budweiser,2023-01-23,0.0007112453604349,0.9992654025554656,2.3417665033775847e-05,2,0.0006878276954012,0.0007345974445343,0,,,
budweiser,2023-02-06,3.5504611086404715e-05,0.998100757598877,0.0018637162645423,1,-0.0018282116534559,0.001899242401123,0,,,
budweiser,2023-02-13,1.3437930533655162e-05,0.9998274743556976,0.000159131352575,2,-0.0001456934220414,0.0001725256443023,0,,,
budweiser,2023-02-27,7.630613936271402e-07,0.9999929666519164,6.360625320667168e-06,1,-5.597563927040028e-06,7.033348083496094e-06,0,,,
budweiser,2023-04-10,2.633742568747266e-05,0.90461336577741,0.0953602824657108,2,-0.0953339450400233,0.0953866342225899,0,,,
budweiser,2023-04-17,,,,0,,,1,-0.0918997783596751,1.791759469228055,0.0
budweiser,2023-04-24,0.0126537237221824,0.5969576743514778,0.3903886214673114,5,-0.377734897745129,0.4030423256485221,0,,,
budweiser,2023-05-01,0.0431649139121855,0.5886277524049071,0.3682073192001042,4,-0.3250424052879186,0.4113722475950929,0,,,
budweiser,2023-05-22,0.0127922180782632,0.3411260127811236,0.6460817654484085,1,-0.6332895473701452,0.6588739872188764,0,,,
budweiser,2023-05-29,1.8295264681000845e-07,2.499266884115059e-05,0.9999748468399048,1,-0.999974663887258,0.9999750073311588,0,,,
budweiser,2023-06-05,5.733363400395319e-05,0.9999208748340608,2.1807409439134066e-05,2,3.552622456481913e-05,7.912516593933105e-05,0,,,
budweiser,2023-06-12,0.0790100798512257,0.0947602117228412,0.8262297374156486,2,-0.7472196575644229,0.9052397882771588,0,,,
budweiser,2023-06-19,0.1666804499325754,0.5004902228150362,0.3328293522665338,6,-0.1661489023339583,0.4995097771849638,0,,,
budweiser,2023-06-26,0.0232705737763058,0.4172025222746302,0.5595269036018773,6,-0.5362563298255714,0.5827974777253697,1,0.5303732410247903,5.420534999272286,0.0
budweiser,2023-07-10,0.3760756253458268,0.3650104820045516,0.2589138942566364,2,0.1171617310891903,0.6349895179954483,0,,,
budweiser,2023-07-17,2.270393674545327e-07,0.3333288534399041,0.6666709146084031,3,-0.6666706875690357,0.6666711465600959,0,,,
budweiser,2023-07-24,0.1938495957142472,0.6701180465487678,0.13603237415069,1,0.0578172215635571,0.3298819534512321,0,,,
budweiser,2023-07-31,0.0115725127988185,0.6320031833952056,0.3564243110100505,5,-0.344851798211232,0.3679968166047944,0,,,
budweiser,2023-08-07,5.3673570477030814e-08,1.4914025570078593e-08,0.9999998807907104,1,-0.99999982711714,0.9999999850859744,0,,,
budweiser,2023-08-14,4.821972578857488e-06,0.6666646588002969,0.3333304820796456,3,-0.3333256601070668,0.3333353411997031,0,,,
budweiser,2023-08-21,1.8981419411071936e-05,0.6666180905267538,0.333362916438394,3,-0.3333439350189829,0.3333819094732462,0,,,
budweiser,2023-09-18,0.1662834377760494,0.1632002568215279,0.6705162742485603,1,-0.5042328364725108,0.836799743178472,0,,,
budweiser,2023-09-25,0.0002426322025712,0.0361927822232246,0.9635645747184752,1,-0.963321942515904,0.9638072177767754,0,,,
budweiser,2023-10-02,0.0001974766346393,0.9997709393501282,3.156009188387543e-05,1,0.0001659165427554,0.0002290606498718,0,,,
budweiser,2023-10-09,2.359925474593183e-06,0.9999914169311525,6.14527289144462e-06,1,-3.7853474168514367e-06,8.58306884765625e-06,0,,,
budweiser,2023-10-30,4.297066027447727e-07,0.9999969005584716,2.670574758667499e-06,1,-2.240868155922726e-06,3.0994415283203125e-06,0,,,
budweiser,2023-11-06,0.086421949788928,0.8149807453155518,0.0985973440110683,2,-0.0121753942221403,0.1850192546844482,0,,,
budweiser,2023-11-13,0.0002156005939468,0.7005171477794647,0.2992672445252538,1,-0.2990516439313069,0.2994828522205353,0,,,
budweiser,2023-12-04,0.0004498935304582,0.9918768405914308,0.0076732016168534,1,-0.0072233080863952,0.0081231594085693,0,,,
budweiser,2023-12-11,0.000983509235084,0.9989669322967528,4.95237072755117e-05,1,0.0009339855278085,0.001033067703247,0,,,
budweiser,2023-12-25,6.904488600412151e-06,0.5320750754326582,0.4679180105219984,2,-0.467911106033398,0.4679249245673418,0,,,
budweiser,2024-01-22,3.1164486244961154e-06,0.9996827840805054,0.000314095406793,1,-0.0003109789581685,0.0003172159194946,0,,,
budweiser,2024-01-29,0.9189056158065796,0.0789979442488402,0.0020964600698789,2,0.9168091557367006,0.9210020557511598,0,,,
budweiser,2024-09-09,,,,0,,,1,-0.0681211226074083,0.6931471805599453,0.0
budweiser,2024-10-07,,,,0,,,1,-0.0619575432517649,0.6931471805599453,0.0
burberry,2022-12-26,0.1134407202022326,0.8566837831399259,0.0298754938600308,1,0.0835652263422018,0.1433162168600741,0,,,
burberry,2023-01-16,0.0792643325293603,0.8869665828265886,0.033769097159548,5,0.0454952353698122,0.1130334171734114,0,,,
burberry,2023-01-23,0.011458086767369,0.833152455167874,0.1553894581974876,2,-0.1439313714301185,0.166847544832126,0,,,
burberry,2023-02-06,0.0464200586953941,0.8021037527015626,0.1514761774227938,3,-0.1050561187273996,0.1978962472984373,0,,,
burberry,2023-02-13,0.0767265548454292,0.8744147746541626,0.0488586710803632,2,0.0278678837650659,0.1255852253458373,0,,,
burberry,2023-02-20,0.0258661675679291,0.8336148062541152,0.1405190224249885,3,-0.1146528548570594,0.1663851937458847,0,,,
burberry,2023-02-27,0.0155886478203032,0.9608483609775904,0.0235629682336021,3,-0.0079743204132988,0.0391516390224095,0,,,
burberry,2023-03-06,0.1666710350547665,0.8332960257548383,3.293932292199504e-05,2,0.1666380957318445,0.1667039742451617,0,,,
burberry,2023-03-13,3.3739782622888015e-05,0.9999127984046936,5.345669711687151e-05,1,-1.9716914493983495e-05,8.720159530639648e-05,0,,,
burberry,2023-03-27,0.0039541397905265,0.871119099003928,0.1249267863601224,1,-0.1209726465695959,0.1288809009960719,0,,,
burberry,2023-04-10,0.046616664776698,0.8634217008452267,0.0899616327986009,2,-0.0433449680219028,0.1365782991547732,0,,,
burberry,2023-04-17,7.912732513659648e-08,0.9999996423721312,1.885419607106087e-07,1,-1.0941463557401221e-07,3.576278686523438e-07,0,,,
burberry,2023-04-24,0.0665086441274761,0.7258461064448997,0.2076452424861211,6,-0.141136598358645,0.2741538935551003,0,,,
burberry,2023-05-01,0.0565525445152064,0.8668967395930034,0.0765507057765211,5,-0.0199981612613146,0.1331032604069966,0,,,
burberry,2023-05-08,6.049048852929673e-07,0.999822199344635,0.000177206338094,2,-0.0001766014332087,0.0001778006553649,0,,,
burberry,2023-05-22,0.0532553293039517,0.7062743957864337,0.2404702801140406,1,-0.1872149508100889,0.2937256042135663,0,,,
burberry,2023-05-29,0.0316057081816798,0.7957255472223324,0.1726687399670669,1,-0.141063031785387,0.2042744527776676,0,,,
burberry,2023-06-05,0.057897383437846,0.8231340617655887,0.1189685549140736,2,-0.0610711714762275,0.1768659382344113,0,,,
burberry,2023-06-12,0.026018837175393,0.8417066763734646,0.1322744923816211,4,-0.106255655206228,0.1582933236265353,0,,,
burberry,2023-06-19,0.1067948954490622,0.7545742724974027,0.1386308356835721,6,-0.0318359402345098,0.2454257275025972,0,,,
burberry,2023-06-26,0.1247507283193068,0.7110523811516207,0.1641968828583594,8,-0.0394461545390525,0.2889476188483793,0,,,
burberry,2023-07-03,7.905409802333452e-07,0.9999916553497314,7.567464763269527e-06,1,-6.776923783036182e-06,8.344650268554688e-06,0,,,
burberry,2023-07-10,0.0651686020367142,0.8330511349813602,0.1017802677372163,3,-0.0366116657005021,0.1669488650186398,0,,,
burberry,2023-07-17,0.0599700331434959,0.8577927563447005,0.0822372097193292,3,-0.0222671765758332,0.1422072436552994,0,,,
burberry,2023-07-24,0.236284782388016,0.6757788897756917,0.0879363257707545,1,0.1483484566172614,0.3242211102243083,0,,,
burberry,2023-07-31,0.0755332931097423,0.7543896530432702,0.1700770566829728,5,-0.0945437635732304,0.2456103469567297,0,,,
burberry,2023-08-07,0.3247923208927468,0.6266421554412099,0.0485655032597931,3,0.2762268176329537,0.37335784455879,0,,,
burberry,2023-08-14,0.0587218914661994,0.8719024956912763,0.0693756025253349,5,-0.0106537110591355,0.1280975043087237,0,,,
burberry,2023-08-21,0.0484577278071944,0.9014851632925944,0.0500571039849001,4,-0.0015993761777056,0.0985148367074055,0,,,
burberry,2023-09-11,8.586973194724123e-07,0.9999984502792358,6.754238484063535e-07,1,1.8327347106605885e-07,1.5497207641601562e-06,0,,,
burberry,2023-09-18,0.0145637420094573,0.7972649694238014,0.1881712936633016,4,-0.1736075516538442,0.2027350305761985,0,,,
burberry,2023-09-25,0.0024060040698365,0.8163197807484793,0.1812741972038169,1,-0.1788681931339804,0.1836802192515206,0,,,
burberry,2023-10-02,0.1729478938999351,0.798291848377456,0.0287602343039084,1,0.1441876595960267,0.2017081516225439,0,,,
burberry,2023-10-09,0.027780897032905,0.8870347961611947,0.0851843105568381,1,-0.0574034135239331,0.1129652038388052,0,,,
burberry,2023-10-30,0.0705697005383242,0.8687207874739717,0.0607095137142225,1,0.0098601868241016,0.1312792125260282,0,,,
burberry,2023-11-06,0.2129166891406622,0.6673153112052195,0.1197679820953941,5,0.093148707045268,0.3326846887947805,0,,,
burberry,2023-11-13,0.0206723936353815,0.8922586938470455,0.0870689242673698,1,-0.0663965306319882,0.1077413061529545,0,,,
burberry,2023-12-04,0.022238186318134,0.9601822405384598,0.0175795236649123,4,0.0046586626532216,0.0398177594615402,0,,,
burberry,2023-12-11,0.0747607941459339,0.865828733069538,0.0594104789332699,2,0.015350315212664,0.134171266930462,0,,,
burberry,2023-12-18,4.3023796081342887e-08,0.9999991655349731,7.821979011168878e-07,1,-7.391741050355449e-07,8.344650268554688e-07,0,,,
burberry,2023-12-25,0.0831223980823393,0.8232737248836992,0.0936038788573921,2,-0.0104814807750527,0.1767262751163008,0,,,
burberry,2024-01-15,6.34957341816289e-07,0.9999953508377076,3.968473720306065e-06,1,-3.333516378489776e-06,4.649162292480469e-06,0,,,
burberry,2024-01-22,0.1369874627510468,0.8048352390605412,0.0581772947623275,1,0.0788101679887192,0.1951647609394587,0,,,
burberry,2024-01-29,0.1604751545454837,0.7118730242129588,0.1276518223114531,2,0.0328233322340306,0.2881269757870411,0,,,
burberry,2024-11-25,,,,0,,,1,-0.1899476623628615,0.6931471805599453,0.0
canon,2022-12-26,0.0002546161413192,0.9987672567367554,0.0009781037224456,1,-0.0007234875811263,0.0012327432632446,0,,,
canon,2023-05-01,0.9951323866844176,0.0048629157245159,4.583501322485972e-06,1,0.9951278031830952,0.995137084275484,0,,,
canon,2023-11-27,2.260631219996867e-07,0.9999890327453612,1.0743667189672124e-05,1,-1.0517604067672435e-05,1.0967254638671877e-05,0,,,
cartier,2023-01-09,0.0001207937924903,0.9998006522655488,7.851493307953206e-05,2,4.2278859410771474e-05,0.0001993477344512,0,,,
cartier,2023-01-16,0.9997575879096984,0.0002407739812042,1.6572947743043187e-06,2,0.9997559306149242,0.9997592260187956,0,,,
cartier,2023-01-23,0.3333223851598682,0.666412626501066,0.0002650092169523,3,0.3330573759429158,0.3335873734989339,0,,,
cartier,2023-01-30,9.795020261549325e-08,0.9999949038028716,4.998695430913358e-06,2,-4.900745228297865e-06,5.0961971282958984e-06,0,,,
cartier,2023-02-13,1.1831130564132765e-07,0.9999922513961792,7.577254564239411e-06,1,-7.458943258598083e-06,7.748603820800781e-06,0,,,
cartier,2023-02-27,2.60637971223332e-05,0.9997342427571616,0.0002396529453108,3,-0.0002135891481884,0.0002657572428385,0,,,
cartier,2023-03-06,1.3978193180719245e-07,0.999994158744812,5.687297289114213e-06,1,-5.54751535730702e-06,5.841255187988281e-06,0,,,
cartier,2023-03-13,0.0002929301117546,0.5422984957695007,0.457408607006073,1,-0.4571156768943183,0.4577015042304992,0,,,
cartier,2023-03-27,5.640493578873418e-07,0.9999666810035706,3.2776363298125943e-05,2,-3.22123139402386e-05,3.331899642944336e-05,0,,,
cartier,2023-04-03,1.5672010704292916e-05,0.9996670484542848,0.0003172720316797,1,-0.0003016000209754,0.0003329515457153,0,,,
cartier,2023-04-10,0.9980930685997008,0.0016675004735589,0.0002393834874965,1,0.9978536851122044,0.9983324995264412,0,,,
cartier,2023-04-17,6.451300230025936e-06,0.9999854266643524,8.159990841249964e-06,4,-1.7086906112240283e-06,1.4573335647583008e-05,0,,,
cartier,2023-05-01,4.0081247831835753e-07,0.9999828338623048,1.6735770429932018e-05,2,-1.633495795161366e-05,1.71661376953125e-05,0,,,
cartier,2023-05-22,1.0567978279141244e-05,0.99753075838089,0.0024586676154285,1,-0.0024480996371494,0.0024692416191101,0,,,
cartier,2023-05-29,2.043212043645326e-05,0.996211051940918,0.0037685148417949,3,-0.0037480827213585,0.003788948059082,0,,,
cartier,2023-06-26,0.0015239452332837,0.9955829126494272,0.0028931346740656,1,-0.0013691894407819,0.0044170873505728,0,,,
cartier,2023-07-03,1.347603841850287e-07,0.9999936819076538,6.17471869190922e-06,1,-6.039958307724191e-06,6.318092346191406e-06,0,,,
cartier,2023-07-10,4.483162854285183e-07,0.9999985694885254,9.27416635931877e-07,1,-4.791003505033586e-07,1.430511474609375e-06,0,,,
cartier,2023-07-17,2.7063259011583796e-07,0.9999893307685852,1.0366569995312602e-05,2,-1.0095937405196764e-05,1.0669231414794922e-05,0,,,
cartier,2023-07-24,2.0984179727179253e-07,0.9999944865703584,5.312757593856077e-06,4,-5.102915796584284e-06,5.513429641723633e-06,0,,,
cartier,2023-08-14,3.6864194696839543e-06,0.5003516154247336,0.4996447095683436,2,-0.4996410231488739,0.4996483845752664,0,,,
cartier,2023-08-21,7.469888299027616e-07,0.9999492466449738,4.998346628326544e-05,4,-4.923647745336268e-05,5.075335502624512e-05,0,,,
cartier,2023-08-28,1.0110060522094957e-06,0.9999940395355223,4.969814426658559e-06,2,-3.958808374449063e-06,5.9604644775390625e-06,0,,,
cartier,2023-09-04,1.293750392505899e-05,0.9999775886535645,9.459125976718497e-06,1,3.478377948340494e-06,2.2411346435546875e-05,0,,,
cartier,2023-09-11,5.367716585169546e-05,0.9931793212890624,0.0067669996060431,1,-0.0067133224401914,0.0068206787109375,0,,,
cartier,2023-09-25,8.518347749486566e-05,0.99895977973938,0.000955092604272,1,-0.0008699091267772,0.0010402202606201,0,,,
cartier,2023-10-02,1.0928160918410867e-06,0.0187618788331747,0.98123699426651,2,-0.9812359014504182,0.9812381211668252,0,,,
cartier,2023-10-16,2.3478187905823233e-05,0.9999731779098512,3.3474420888524037e-06,2,2.013074581697083e-05,2.682209014892578e-05,0,,,
cartier,2023-11-06,5.596217761194566e-06,0.3272337615489959,0.6727606654167175,1,-0.6727550691989563,0.672766238451004,0,,,
cartier,2023-11-20,2.1534799088840373e-05,0.9999758005142212,2.584571120678447e-06,1,1.895022796816193e-05,2.419948577880859e-05,0,,,
cartier,2023-11-27,0.0007129160168943,0.9987548291683196,0.0005322833696936,2,0.0001806326472006,0.0012451708316802,0,,,
cartier,2023-12-04,4.821492893825052e-07,0.9999600648880004,3.9478851249441504e-05,2,-3.8996701960059e-05,3.993511199951172e-05,0,,,
cartier,2023-12-11,4.6010591177036986e-06,0.9999862909317015,9.09898335521575e-06,1,-4.497924237512052e-06,1.3709068298339844e-05,0,,,
cartier,2023-12-25,3.2077470677904785e-05,0.9999181032180786,4.986977728549391e-05,1,-1.7792306607589126e-05,8.189678192138672e-05,0,,,
cartier,2024-01-01,1.25425400436067e-07,0.9999975562095642,2.260138671772438e-06,3,-2.1347132713363712e-06,2.4437904357910156e-06,0,,,
cartier,2024-01-08,2.2074069008226616e-06,0.9999622106552124,3.55550831727669e-05,2,-3.334767627194424e-05,3.7789344787597656e-05,0,,,
cartier,2024-01-22,6.683433582566067e-06,0.90103679895401,0.0989564745133293,1,-0.0989497910797467,0.0989632010459899,0,,,
chanel,2022-12-26,3.953370253384492e-08,0.9999959468841552,4.059766524733277e-06,1,-4.020232822199432e-06,4.0531158447265625e-06,0,,,
chanel,2023-01-09,3.9379693816954386e-07,0.9999879598617554,1.1735181942640338e-05,1,-1.1341385004470794e-05,1.2040138244628906e-05,0,,,
chanel,2023-01-23,0.0002334232434144,0.9995497246583304,0.0002168712436173,2,1.6551999797087552e-05,0.0004502753416697,0,,,
chanel,2023-01-30,4.9862400473443815e-06,0.9999291956424712,6.58060829474986e-05,2,-6.081984290015422e-05,7.080435752870873e-05,0,,,
chanel,2023-02-06,0.2495112977542106,0.7504160736280028,7.267458386195358e-05,1,0.2494386231703487,0.2495839263719972,0,,,
chanel,2023-02-13,2.440078645804533e-07,0.9999902844429016,9.374168712383836e-06,2,-9.13016084780338e-06,9.715557098388672e-06,0,,,
chanel,2023-02-27,8.148570316279802e-06,0.999725838502248,0.0002660310998786,2,-0.0002578825295624,0.0002741614977519,0,,,
chanel,2023-03-06,0.2314335697658622,0.7685152257656246,5.1231738179026394e-05,3,0.2313823380276832,0.2314847742343754,0,,,
chanel,2023-03-20,0.3263872199950839,0.672574528803428,0.0010382428869585,1,0.3253489771081253,0.3274254711965719,0,,,
chanel,2023-03-27,8.948194818003685e-06,0.8335083624891316,0.1664827263127032,3,-0.1664737781178852,0.1664916375108683,0,,,
chanel,2023-04-03,0.0009458321314923,0.9988729953765868,0.0001811618258216,1,0.0007646703056707,0.001127004623413,0,,,
chanel,2023-04-10,0.0008610967820459,0.9983705878257751,0.0007682900031795,2,9.280677886636111e-05,0.0016294121742248,0,,,
chanel,2023-04-17,1.6324566587400113e-08,0.9999988079071044,1.1525565923875547e-06,1,-1.1362320258001546e-06,1.1920928955078125e-06,0,,,
chanel,2023-04-24,0.0057682966700503,0.9933281966618128,0.0009035232091361,1,0.0048647734609141,0.006671803338187,0,,,
chanel,2023-05-01,0.2499859815537277,0.7467970461759705,0.003216946772909,2,0.2467690347808186,0.2532029538240294,0,,,
chanel,2023-05-08,0.4999639463479184,0.4999883975124248,4.771184285345953e-05,1,0.4999162345050649,0.5000116024875751,0,,,
chanel,2023-05-15,6.369381821969e-08,0.9999935626983644,6.331723398034228e-06,2,-6.268029579814538e-06,6.4373016357421875e-06,0,,,
chanel,2023-05-22,6.198922051225964e-07,0.9999990463256836,3.325910142848443e-07,1,2.873011908377521e-07,9.5367431640625e-07,0,,,
chanel,2023-06-05,8.993755074016009e-08,0.9999822378158568,1.7655784176895395e-05,1,-1.7565846626155235e-05,1.7762184143066406e-05,0,,,
chanel,2023-06-12,1.0359994803366137e-05,0.9984591603279114,0.001530503518893,1,-0.0015201435240896,0.0015408396720886,0,,,
chanel,2023-06-19,0.0023770821280777,0.987934947013855,0.0096879880875349,2,-0.0073109059594571,0.012065052986145,0,,,
chanel,2023-06-26,0.1598094258552692,0.830935084912926,0.0092555043743232,5,0.1505539214809459,0.169064915087074,0,,,
chanel,2023-07-03,1.6356506193915268e-07,0.9999864101409912,1.3454123291012364e-05,1,-1.3290558229073213e-05,1.3589859008789062e-05,0,,,
chanel,2023-07-10,6.565746275555284e-07,0.9999327659606934,6.645834946539253e-05,1,-6.5801774837837e-05,6.723403930664062e-05,0,,,
chanel,2023-07-17,2.203888698204537e-07,0.9999971389770508,2.595962541818153e-06,1,-2.375573671997699e-06,2.86102294921875e-06,0,,,
chanel,2023-07-24,4.32158948626693e-08,0.9999947547912598,5.201931799092563e-06,1,-5.1587159042298936e-06,5.245208740234375e-06,0,,,
chanel,2023-07-31,5.82112819849101e-05,0.9997814744710922,0.0001603112064501,4,-0.0001020999244651,0.0002185255289077,0,,,
chanel,2023-08-07,4.47921013725742e-05,0.9998617172241212,9.347664627057384e-05,3,-4.868454489799963e-05,0.0001382827758789,0,,,
chanel,2023-08-14,0.0001704582901993,0.9996109008789062,0.0002186407646149,1,-4.818247441562562e-05,0.0003890991210937,0,,,
chanel,2023-09-18,0.0014245894112036,0.9985663453737894,9.10777234063668e-06,3,0.001415481638863,0.0014336546262105,0,,,
chanel,2023-10-02,4.375043999802063e-06,0.9540863443343413,0.0459092947062828,3,-0.045904919662283,0.0459136556656587,0,,,
chanel,2023-10-09,1.762759552548232e-06,0.9999880790710448,1.0116765224665867e-05,1,-8.354005672117637e-06,1.1920928955078123e-05,0,,,
chanel,2023-10-16,4.850718141824473e-06,0.9997355341911316,0.0002595469122752,1,-0.0002546961941334,0.0002644658088684,0,,,
chanel,2023-10-30,6.843942514933588e-07,0.9999971389770508,2.109647311954177e-06,1,-1.4252530604608182e-06,2.86102294921875e-06,0,,,
chanel,2023-11-06,0.010533828344828,0.9893755813439687,9.058113157417815e-05,3,0.0104432472132539,0.0106244186560312,0,,,
chanel,2023-11-13,0.0769054968879351,0.9230363188409962,5.816494819080949e-05,1,0.0768473319397443,0.0769636811590037,0,,,
chanel,2023-12-11,0.209858064677094,0.7897899606869032,0.000351993884692,1,0.2095060707924019,0.2102100393130967,0,,,
chanel,2023-12-18,3.1674836691308883e-06,0.9999603629112244,3.644634853117168e-05,2,-3.327886486204079e-05,3.9637088775634766e-05,0,,,
chanel,2023-12-25,0.3041593432426452,0.6956711411476135,0.0001695413957349,2,0.3039898018469102,0.3043288588523865,0,,,
chanel,2024-01-01,0.0019719410630614,0.9978621602058412,0.0001659320769249,2,0.0018060089861364,0.0021378397941589,0,,,
chanel,2024-01-08,8.806468395050615e-05,0.9998966455459596,1.52844895637827e-05,1,7.278019438672345e-05,0.0001033544540405,0,,,
chanel,2024-01-22,1.497993729060454e-07,0.9999961853027344,3.676200776681071e-06,1,-3.5264014037750258e-06,3.814697265625e-06,0,,,
chanel,2024-06-10,,,,0,,,2,-0.2168025143769227,3.523758610678648,0.0
chanel,2024-08-19,,,,0,,,2,0.2654412037982183,0.6931471805599453,0.0
chanel,2024-09-02,,,,0,,,2,-0.0937924239678977,2.70582302592752,0.0
chanel,2024-12-16,,,,0,,,1,-0.0277788354726453,5.6937321388027,0.0
cisco,2022-12-26,0.1134407202022326,0.8566837831399259,0.0298754938600308,1,0.0835652263422018,0.1433162168600741,0,,,
cisco,2023-01-09,0.0116145081182783,0.9015702576273016,0.0868152353882515,1,-0.0752007272699732,0.0984297423726983,0,,,
cisco,2023-01-23,0.0335697907409633,0.9273205675981226,0.0391096378575008,2,-0.0055398471165375,0.0726794324018773,0,,,
cisco,2023-01-30,0.1381468860442289,0.7861222514962383,0.0757308632605641,2,0.0624160227836647,0.2138777485037617,0,,,
cisco,2023-02-06,0.0657624789321227,0.8349832440323955,0.0992542801914565,1,-0.0334918012593337,0.1650167559676044,0,,,
cisco,2023-02-13,0.1091700657426248,0.8573647974200669,0.0334651314016196,2,0.0757049343410052,0.1426352025799331,0,,,
cisco,2023-02-27,0.0838837146669517,0.8094623788786675,0.1066539060010686,2,-0.0227701913341169,0.1905376211213325,0,,,
cisco,2023-03-06,0.2853536406350733,0.6404069389541815,0.0742394236749482,3,0.211114216960125,0.3595930610458184,0,,,
cisco,2023-03-20,0.0254802336216797,0.9545092158999572,0.0200106004648716,2,0.005469633156808,0.0454907841000427,0,,,
cisco,2023-03-27,0.2470626479657322,0.7064319668456784,0.0465053859266751,4,0.2005572620390571,0.2935680331543215,0,,,
cisco,2023-04-03,0.017069368986834,0.9652669685675466,0.0176636809952966,2,-0.0005943120084625,0.0347330314324534,0,,,
cisco,2023-04-10,0.0276748586876817,0.9585235657652352,0.0138015729285504,2,0.0138732857591312,0.0414764342347648,0,,,
cisco,2023-04-17,0.1961765436200954,0.780753182277792,0.0230702800460986,1,0.1731062635739968,0.219246817722208,0,,,
cisco,2023-04-24,0.0590468891536833,0.910226322333858,0.030726780302775,1,0.0283201088509082,0.089773677666142,0,,,
cisco,2023-05-01,0.1551186698997766,0.7151583048488106,0.1297230241768957,2,0.0253956457228808,0.2848416951511894,0,,,
cisco,2023-05-08,0.2682682507101398,0.5634690859347495,0.16826265966896,1,0.1000055910411797,0.4365309140652504,0,,,
cisco,2023-05-15,0.3883442180712226,0.5808729183298179,0.03078287948031,3,0.3575613385909125,0.4191270816701821,0,,,
cisco,2023-05-22,3.680754310044776e-05,0.828970568627119,0.1709926278777004,1,-0.1709558203346,0.1710294313728809,0,,,
cisco,2023-06-05,0.0198401518024176,0.927241590240654,0.0529182661109914,2,-0.0330781143085738,0.0727584097593461,0,,,
cisco,2023-06-12,0.0634018324835755,0.9100330295040168,0.0265651349780671,1,0.0368366975055083,0.0899669704959831,0,,,
cisco,2023-06-19,0.0836743608357392,0.8760987178019142,0.0402269141991988,2,0.0434474466365404,0.1239012821980858,0,,,
cisco,2023-06-26,0.0358786167837902,0.9097841137691344,0.0543372694555377,5,-0.0184586526717475,0.0902158862308655,0,,,
cisco,2023-07-03,0.0263661434857192,0.9620442812777285,0.011589600310917,2,0.0147765431748021,0.0379557187222715,0,,,
cisco,2023-07-10,0.006489580194842,0.9577414887698026,0.035768904273759,2,-0.029279324078917,0.0422585112301974,0,,,
cisco,2023-07-17,0.0246499556084464,0.9479873400048936,0.0273627213453739,2,-0.0027127657369275,0.0520126599951065,0,,,
cisco,2023-07-24,0.0604574189443311,0.9376636918482112,0.0018788852302056,1,0.0585785337141255,0.0623363081517888,0,,,
cisco,2023-07-31,0.0529990497830224,0.920076954801322,0.0269239950143382,4,0.0260750547686842,0.0799230451986778,0,,,
cisco,2023-08-07,0.0542377950363565,0.8513425272562168,0.0944196794967176,3,-0.0401818844603611,0.1486574727437831,0,,,
cisco,2023-08-14,0.1533779701879764,0.781091343522848,0.0655306869530795,3,0.0878472832348969,0.2189086564771519,2,-0.1205798272448674,0.6931471805599453,0.0
cisco,2023-09-04,3.794040532412168e-06,0.9995154216885568,0.0004807570348148,4,-0.0004769629942824,0.0004845783114433,0,,,
cisco,2023-09-11,0.0030903836062255,0.4244169443845749,0.5724926988283793,1,-0.5694023152221537,0.5755830556154251,0,,,
cisco,2023-09-18,0.0474636537320331,0.8651170790517494,0.0874192899290939,7,-0.0399556361970607,0.1348829209482506,0,,,
cisco,2023-09-25,3.921224106306909e-06,0.9975886344909668,0.0024074784014374,1,-0.002403557177331,0.0024113655090332,0,,,
cisco,2023-10-02,0.0523111672342447,0.7529373051375782,0.1947515346531723,4,-0.1424403674189275,0.2470626948624218,0,,,
cisco,2023-10-09,0.032582724331101,0.9376947190510212,0.0297225512383312,1,0.0028601730927697,0.0623052809489789,0,,,
cisco,2023-10-16,0.0377045996421946,0.9216697336051544,0.0406256561920335,1,-0.0029210565498389,0.0783302663948457,0,,,
cisco,2023-10-30,0.030159725265093,0.9180376355415812,0.0518026008556694,2,-0.0216428755905764,0.0819623644584188,0,,,
cisco,2023-11-06,0.0241116809090075,0.9258975729087306,0.0499907499711103,3,-0.0258790690621028,0.0741024270912693,0,,,
cisco,2023-11-13,0.1720723752440127,0.470334229470609,0.3575934176355508,2,-0.185521042391538,0.529665770529391,0,,,
cisco,2023-11-20,1.587322731211316e-05,0.9999599456787108,2.425195816613268e-05,1,-8.378730854019523e-06,4.00543212890625e-05,0,,,
cisco,2023-12-11,0.1392710291592911,0.8599064675130755,0.0008225096121124,1,0.1384485195471786,0.1400935324869244,0,,,
cisco,2023-12-18,0.0480807512907098,0.8635937629100714,0.0883254930540432,3,-0.0402447417633334,0.1364062370899286,0,,,
cisco,2023-12-25,0.1149032502452275,0.7656211667400518,0.1194755893098915,3,-0.004572339064664,0.2343788332599482,0,,,
cisco,2024-01-01,0.060714154929261,0.8765729597047838,0.0627128898600476,2,-0.0019987349307865,0.1234270402952162,0,,,
cisco,2024-01-08,0.0507154973332128,0.8596734238734436,0.0896110841926624,1,-0.0388955868594495,0.1403265761265564,0,,,
cisco,2024-01-22,0.0059724744954378,0.9907879181648442,0.003239615520293,3,0.0027328589751447,0.0092120818351557,0,,,
cisco,2024-01-29,6.555989671142015e-07,0.9999943971633912,4.949365120410221e-06,1,-4.293766153296019e-06,5.602836608886719e-06,0,,,
cisco,2024-04-01,,,,0,,,2,-0.1815414644352131,0.6931471805599453,0.0
cisco,2024-10-07,,,,0,,,1,0.0049478229739179,0.6931471805599453,0.0
cocacola,2022-12-26,0.1134407202022326,0.8566837831399259,0.0298754938600308,1,0.0835652263422018,0.1433162168600741,0,,,
cocacola,2023-01-02,0.0310258060192478,0.8930930214490878,0.0758811501195545,4,-0.0448553441003067,0.1069069785509122,0,,,
cocacola,2023-01-09,0.0376399320800518,0.7893839183423728,0.1729761509459476,2,-0.1353362188658957,0.2106160816576272,0,,,
cocacola,2023-01-16,9.150237019639462e-05,0.9998903274536132,1.80657170858467e-05,1,7.343665311054792e-05,0.0001096725463867,0,,,
cocacola,2023-01-23,0.0112069164036403,0.9752184514399204,0.0135746525380904,6,-0.0023677361344501,0.0247815485600796,0,,,
cocacola,2023-01-30,0.971284717321396,0.0168536161072552,0.0118616260588169,2,0.959423091262579,0.9831463838927448,0,,,
cocacola,2023-02-06,0.0360484068391454,0.4957273772992427,0.4682242410497811,7,-0.4321758342106357,0.5042726227007572,0,,,
cocacola,2023-02-13,0.0615268532980056,0.8649039530462425,0.0735691777387835,5,-0.0120423244407779,0.1350960469537575,0,,,
cocacola,2023-02-20,0.0396636674702844,0.8810539442798199,0.079282400253844,4,-0.0396187327835596,0.1189460557201801,0,,,
cocacola,2023-02-27,0.0336699473793253,0.7230234973106479,0.2433065343646025,5,-0.2096365869852771,0.2769765026893521,0,,,
cocacola,2023-03-06,0.2853536406350733,0.6404069389541815,0.0742394236749482,3,0.211114216960125,0.3595930610458184,0,,,
cocacola,2023-03-13,0.0204081752074414,0.9794732064648188,0.0001185955329583,4,0.020289579674483,0.0205267935351811,0,,,
cocacola,2023-03-20,0.0230528156671507,0.9435200037826365,0.0334271857372531,6,-0.0103743700701024,0.0564799962173635,0,,,
cocacola,2023-03-27,0.0528137020773385,0.9069530267642198,0.0402332639570341,6,0.0125804381203044,0.0930469732357801,0,,,
cocacola,2023-04-03,0.0617776601102823,0.920272832683222,0.0179494960614387,6,0.0438281640488435,0.0797271673167779,0,,,
cocacola,2023-04-10,0.04548920282719,0.9155209912417476,0.0389898208484011,5,0.0064993819787888,0.0844790087582524,0,,,
cocacola,2023-04-17,0.13147744800796,0.7483162399312702,0.1202063149068855,4,0.0112711331010745,0.2516837600687298,0,,,
cocacola,2023-04-24,0.1193972722839906,0.7421224011033264,0.1384803426763971,12,-0.0190830703924064,0.2578775988966736,0,,,
cocacola,2023-05-01,0.1309857455593112,0.7840362058976867,0.0849780292311868,8,0.0460077163281243,0.2159637941023132,0,,,
cocacola,2023-05-08,0.3147703004660573,0.6291358284960161,0.0560938654856234,3,0.2586764349804339,0.3708641715039839,0,,,
cocacola,2023-05-15,0.1094156406197534,0.7978618796274749,0.0927224826921228,11,0.0166931579276305,0.2021381203725251,0,,,
cocacola,2023-05-22,0.0424220407511834,0.8395808571127332,0.1179971061470467,2,-0.0755750653958632,0.1604191428872667,0,,,
cocacola,2023-06-05,0.045478096408389,0.9276275360652974,0.0268943637841197,9,0.0185837326242692,0.0723724639347026,0,,,
cocacola,2023-06-12,0.0807589555677904,0.8716890784055416,0.0475519748289286,5,0.0332069807388618,0.1283109215944584,0,,,
cocacola,2023-06-19,0.0836743608357392,0.8760987178019142,0.0402269141991988,2,0.0434474466365404,0.1239012821980858,0,,,
cocacola,2023-06-26,0.0366236666809612,0.9363983438614958,0.0269780027429035,11,0.0096456639380577,0.0636016561385042,0,,,
cocacola,2023-07-03,0.0447520489341039,0.9148265891184142,0.0404213559525623,7,0.0043306929815415,0.0851734108815858,0,,,
cocacola,2023-07-10,0.0927806928119082,0.8157039476905883,0.0915153627948891,10,0.0012653300170191,0.1842960523094117,1,-0.0393579682593099,0.6931471805599453,0.0
cocacola,2023-07-17,0.1093327583400987,0.7654557083884451,0.1252115280144668,7,-0.015878769674368,0.2345442916115548,0,,,
cocacola,2023-07-24,0.1413060428856641,0.6822246207146646,0.1764693415440201,7,-0.0351632986583559,0.3177753792853354,0,,,
cocacola,2023-07-31,0.1789580154897304,0.7077455221795151,0.1132964705304487,9,0.0656615449592816,0.2922544778204848,0,,,
cocacola,2023-08-07,0.0248724719904048,0.9401524554852791,0.0349750714270596,9,-0.0101025994366547,0.0598475445147208,0,,,
cocacola,2023-08-14,0.1715942077800197,0.7594027795773183,0.0690030336301768,11,0.1025911741498429,0.2405972204226817,0,,,
cocacola,2023-08-21,0.2493949202752977,0.7383822153011957,0.0122228595024201,3,0.2371720607728775,0.2616177846988042,0,,,
cocacola,2023-08-28,0.0816760300528792,0.8716585325479864,0.0466654342668504,1,0.0350105957860288,0.1283414674520135,0,,,
cocacola,2023-09-04,0.1023561871323495,0.7924540443024781,0.1051897708423192,4,-0.0028335837099696,0.2075459556975218,0,,,
cocacola,2023-09-11,0.0318793962928142,0.7101499065725784,0.257970697411206,5,-0.2260913011183918,0.2898500934274216,0,,,
cocacola,2023-09-18,0.0649839559346008,0.8450029368801596,0.0900131212098057,12,-0.0250291652752049,0.1549970631198404,0,,,
cocacola,2023-09-25,0.0566323641854657,0.8856222610449903,0.0577453488083141,4,-0.0011129846228484,0.1143777389550096,2,-0.2167943519700657,0.6931471805599453,0.0
cocacola,2023-10-02,0.0591297393666062,0.854859302626588,0.0860109573170894,5,-0.0268812179504832,0.1451406973734119,0,,,
cocacola,2023-10-09,0.096802030168622,0.6244473828992101,0.2787505790618158,4,-0.1819485488931937,0.3755526171007899,0,,,
cocacola,2023-10-16,0.01256832200777,0.9738792221020884,0.013552469155963,3,-0.0009841471481929,0.0261207778979116,0,,,
cocacola,2023-10-23,0.5088461577317854,0.4383211668002626,0.0528326825931924,3,0.456013475138593,0.5616788331997373,0,,,
cocacola,2023-10-30,0.0540038220846388,0.9276049661798634,0.0183912023494791,10,0.0356126197351596,0.0723950338201365,0,,,
cocacola,2023-11-06,0.0286680572179426,0.9424746505786632,0.0288572961569094,6,-0.0001892389389667,0.0575253494213366,0,,,
cocacola,2023-11-13,0.0699567419365066,0.5945566741605629,0.335486577282926,3,-0.2655298353464194,0.4054433258394371,0,,,
cocacola,2023-11-20,0.0652557283004073,0.8522678514686703,0.0824764056983061,4,-0.0172206773978987,0.1477321485313296,0,,,
cocacola,2023-11-27,0.0349467439017894,0.8722972515886844,0.0927560204957972,4,-0.0578092765940078,0.1277027484113155,0,,,
cocacola,2023-12-04,0.0153217449553023,0.6262233604070365,0.3584549031096128,3,-0.3431331581543105,0.3737766395929635,0,,,
cocacola,2023-12-11,0.0971312425729602,0.8839534898312262,0.0189152638578093,2,0.0782159787151509,0.1160465101687737,0,,,
cocacola,2023-12-18,0.0672309157156954,0.8097680932852424,0.1230009898094168,5,-0.0557700740937213,0.1902319067147576,0,,,
cocacola,2023-12-25,0.1217216632883106,0.7680287871280486,0.1102495520395159,4,0.0114721112487946,0.2319712128719514,0,,,
cocacola,2024-01-01,0.0359193674605976,0.9260235976863144,0.0380570627358665,4,-0.0021376952752689,0.0739764023136855,0,,,
cocacola,2024-01-08,0.0507154973332128,0.8596734238734436,0.0896110841926624,1,-0.0388955868594495,0.1403265761265564,0,,,
cocacola,2024-01-15,0.0185829227733756,0.5846587830654939,0.3967582982167491,6,-0.3781753754433734,0.4153412169345061,2,0.0799879739081461,2.238668407239103,0.0
cocacola,2024-01-22,0.111085072445674,0.7656948619706866,0.1232200587109897,6,-0.0121349862653157,0.2343051380293134,0,,,
cocacola,2024-01-29,0.0912936400091385,0.8523643796486632,0.0563419409203838,2,0.0349516990887547,0.1476356203513368,0,,,
cocacola,2024-04-15,,,,0,,,1,0.0583624218306795,0.6931471805599453,0.0
cocacola,2024-06-17,,,,0,,,2,-0.5560809776734459,1.2424533248940002,0.0
cocacola,2024-07-01,,,,0,,,4,-0.1267752188250597,2.0319987639429864,1.0
cocacola,2024-07-15,,,,0,,,2,-0.1939081994202069,2.4101407828025185,0.0
cocacola,2024-07-29,,,,0,,,2,-0.003494560899071,3.1093000598458644,0.0
cocacola,2024-08-12,,,,0,,,2,-0.3033096412546001,1.4451858789480825,0.0
cocacola,2024-08-19,,,,0,,,2,-0.0948209393263823,2.238668407239103,0.0
cocacola,2024-08-26,,,,0,,,3,0.1939003268851896,1.9938047370848269,1.0
cocacola,2024-09-09,,,,0,,,2,-0.0804573440148885,1.629048269010741,0.0
cocacola,2024-09-16,,,,0,,,2,-0.1553814263967581,0.8958797346140275,0.0
cocacola,2024-10-21,,,,0,,,1,-0.1605635983098636,7.984121958702927,0.0
cocacola,2024-11-04,,,,0,,,1,0.0225106695996828,0.6931471805599453,0.0
cocacola,2024-11-18,,,,0,,,1,-0.131525633281285,0.6931471805599453,0.0
cocacola,2024-11-25,,,,0,,,1,-0.1848085657777574,2.0794415416798357,0.0
cocacola,2024-12-02,,,,0,,,1,-0.1634749421411925,5.497168225293202,0.0
cocacola,2024-12-23,,,,0,,,1,0.0487096623692195,4.330733340286331,0.0
colgate,2023-01-09,0.0002382621320116,0.9997603297233582,1.4280001323641045e-06,1,0.0002368341318792,0.0002396702766418,0,,,
colgate,2023-01-30,2.5508943828356223e-06,0.999965250492096,3.22075880490047e-05,2,-2.9656693666169076e-05,3.4749507904052734e-05,0,,,
colgate,2023-02-06,0.0093074836809066,0.7850419655442238,0.2056505667278543,1,-0.1963430830469477,0.2149580344557762,0,,,
colgate,2023-03-27,0.2506520492364643,0.745604825540795,0.0037431591849212,2,0.246908890051543,0.254395174459205,0,,,
colgate,2023-04-10,6.120959739064348e-08,0.9999992847442628,5.467797450364742e-07,1,-4.855701476458307e-07,7.152557373046875e-07,0,,,
colgate,2023-04-17,0.2232390084663453,0.7758125636416177,0.0009484520091594,3,0.2222905564571859,0.2241874363583823,0,,,
colgate,2023-05-08,4.4688289335681475e-07,0.9999951720237732,4.402451793339424e-06,2,-3.955568899982609e-06,4.827976226806641e-06,0,,,
colgate,2023-05-15,2.04624575417256e-06,0.9999949932098388,3.0214971502573462e-06,2,-9.752513960847864e-07,5.0067901611328125e-06,0,,,
colgate,2023-05-29,0.99998939037323,5.99923774968758e-06,4.591639951811999e-06,2,0.9999847987332782,0.9999940007622504,0,,,
colgate,2023-06-12,1.6244472362814122e-06,0.9999668598175048,3.149742936633023e-05,3,-2.9872982130048815e-05,3.314018249511719e-05,0,,,
colgate,2023-06-26,,,,0,,,1,0.0594262050530005,5.575949103146316,0.0
colgate,2023-07-03,8.289518120818684e-07,0.9999492168426514,4.9954536734730937e-05,2,-4.912558492264907e-05,5.078315734863281e-05,0,,,
colgate,2023-07-10,1.5462906048924197e-06,0.999657154083252,0.0003412585647311,1,-0.0003397122741262,0.000342845916748,0,,,
colgate,2023-07-17,0.0024599993450517,0.9562786022822062,0.0412614105579602,3,-0.0388014112129084,0.0437213977177938,0,,,
colgate,2023-09-18,7.333028770517558e-05,0.9973185658454896,0.002608134644106,1,-0.0025348043564008,0.0026814341545104,0,,,
colgate,2023-10-09,3.0361322842509253e-06,0.9999860525131226,1.1012004506483208e-05,1,-7.975872222232283e-06,1.3947486877441406e-05,0,,,
colgate,2023-10-30,2.6630092406776384e-06,0.999994158744812,3.157504579576198e-06,2,-4.944953388985596e-07,5.841255187988281e-06,0,,,
colgate,2023-11-13,9.742684881075549e-09,0.9999996423721312,3.964683514823264e-07,1,-3.867256666012509e-07,3.576278686523438e-07,0,,,
colgate,2023-11-20,5.098194151287316e-07,0.999994158744812,5.371848601498641e-06,1,-4.8620291863699094e-06,5.841255187988281e-06,0,,,
colgate,2023-12-04,2.4334089232525e-07,0.9999971985816956,2.5554386411386076e-06,2,-2.3120977488133576e-06,2.8014183044433594e-06,0,,,
colgate,2024-01-08,8.387071602555807e-06,0.9987280666828156,0.001263577316422,2,-0.0012551902448194,0.0012719333171844,0,,,
corona,2023-04-24,2.1905311564651697e-07,0.9999991655349731,5.592422169797828e-07,2,-3.4018910133326585e-07,8.344650268554688e-07,0,,,
corona,2023-05-01,8.46652952191107e-08,0.9999991655349731,6.749091880919877e-07,1,-5.90243892872877e-07,8.344650268554688e-07,0,,,
corona,2023-06-12,0.0006820717014193,0.998582273721695,0.000735631529892,1,-5.355982847277119e-05,0.001417726278305,0,,,
corona,2023-07-17,2.923283091149642e-07,0.9999836683273317,1.6081685316748917e-05,1,-1.5789357007633953e-05,1.633167266845703e-05,0,,,
corona,2023-07-24,0.1254777750047111,0.8700646791121609,0.0044575618473261,2,0.1210202131573849,0.1299353208878391,0,,,
corona,2023-08-07,0.0040021072927629,0.9959371089935304,6.0785465848312015e-05,2,0.0039413218269146,0.0040628910064697,0,,,
corona,2023-08-21,7.02231730542735e-08,0.9999969005584716,2.984322691190755e-06,1,-2.9140995181364815e-06,3.0994415283203125e-06,0,,,
corona,2023-08-28,4.600854310865543e-07,0.9999966621398926,2.918904101534281e-06,1,-2.458818670447726e-06,3.337860107421875e-06,0,,,
corona,2023-09-11,8.256198391620728e-09,0.9999992847442628,7.66869220569788e-07,1,-7.586130221781673e-07,7.152557373046875e-07,0,,,
corona,2023-10-02,0.3254991471767425,0.0011319634504616,0.6733688116073608,1,-0.3478696644306183,0.9988680365495384,0,,,
corona,2023-10-09,6.880655564600602e-05,0.9996908903121948,0.0002403823455097,1,-0.0001715757898637,0.0003091096878051,0,,,
corona,2024-01-01,0.1444551834206337,0.8384618982672691,0.0170829381131743,1,0.1273722453074593,0.1615381017327308,0,,,
corona,2024-01-08,,,,0,,,2,-0.0859921536431329,2.1097538525880535,0.0
corona,2024-02-12,,,,0,,,1,-0.101688901978548,0.6931471805599453,0.0
corona,2024-09-16,,,,0,,,1,0.1037900205415098,0.6931471805599453,0.0
corona,2024-09-23,,,,0,,,2,-0.1183240615965388,3.905986714811012,0.0
corona,2024-10-14,,,,0,,,2,0.1811976523260909,1.629048269010741,0.0
danone,2023-01-09,0.071505308148141,0.5766335967928171,0.3518610857234989,1,-0.2803557775753579,0.4233664032071829,0,,,
danone,2023-02-13,1.7333435664568245e-07,0.9999974966049194,2.3792952106305165e-06,1,-2.205960853984834e-06,2.5033950805664062e-06,0,,,
danone,2023-03-13,8.901195087673841e-07,0.9999916553497314,7.486150252589141e-06,2,-6.596030743821757e-06,8.344650268554688e-06,0,,,
danone,2023-06-26,3.2982012498905533e-07,0.9999775886535645,2.2011025066603903e-05,1,-2.168120494161485e-05,2.2411346435546875e-05,0,,,
danone,2023-09-04,,,,0,,,2,-0.1994427889612779,0.6931471805599453,0.0
danone,2023-10-23,1.7129453908637515e-06,0.9999874830245972,1.0863224815693684e-05,1,-9.150279424829932e-06,1.2516975402832031e-05,0,,,
danone,2024-07-01,,,,0,,,1,-0.1277696452477812,0.6931471805599453,0.0
danone,2024-07-22,,,,0,,,2,-0.1728571176051332,1.4978661367769956,0.0
danone,2024-07-29,,,,0,,,2,-0.0006207835041038,0.6931471805599453,0.0
danone,2024-08-12,,,,0,,,4,-0.1545969320468434,1.0691665297540138,1.0
danone,2024-11-18,,,,0,,,1,-0.0599066708757618,3.58351893845611,0.0
danone,2024-12-02,,,,0,,,1,-0.0393358128185354,5.676753802268282,0.0
dhl,2023-01-09,0.0636653560418254,0.6771975790574439,0.2591370665036437,1,-0.1954717104618183,0.322802420942556,0,,,
dhl,2023-02-13,0.0544199984854656,0.9092882771905064,0.0362917101982523,1,0.0181282882872133,0.0907117228094935,0,,,
dhl,2023-03-13,0.1672330475115887,0.7344171391746601,0.0983498173828238,2,0.0688832301287648,0.2655828608253399,0,,,
dhl,2023-05-01,2.2217180685402127e-05,0.9865981340408324,0.0133796482095931,1,-0.0133574310289077,0.0134018659591674,0,,,
dhl,2023-06-26,0.0609509889260785,0.900235645581756,0.038813358887186,1,0.0221376300388925,0.099764354418244,0,,,
dhl,2023-07-03,0.0001228397159138,0.9998453855514526,3.168177499901503e-05,1,9.11579409148544e-05,0.0001546144485473,0,,,
dhl,2023-10-09,1.262925195533171e-07,0.999997615814209,2.278566853419761e-06,1,-2.152274333866444e-06,2.384185791015625e-06,0,,,
dhl,2023-10-23,0.0755798338151574,0.9049211000752488,0.0194990735883881,1,0.0560807602267692,0.0950788999247512,0,,,
dhl,2023-12-04,0.1099846266262526,0.5243615838181641,0.3656537767211476,1,-0.2556691500948949,0.4756384161818359,0,,,
dior,2023-01-09,0.0212242796284217,0.8632261566027762,0.1155496166775701,3,-0.0943253370491483,0.1367738433972237,0,,,
dior,2023-01-23,0.0001217601980524,0.9998358736435572,4.2371876127668256e-05,3,7.938832192482751e-05,0.0001641263564428,0,,,
dior,2023-01-30,1.073845012911079e-07,0.9999945163726808,5.39802067578421e-06,1,-5.290636174493102e-06,5.4836273193359375e-06,0,,,
dior,2023-02-13,0.0272422365953033,0.954602236529976,0.0181554871309596,2,0.0090867494643437,0.0453977634700238,0,,,
dior,2023-02-27,1.3206376593188908e-05,0.97576122879982,0.0242255570315364,2,-0.0242123506549432,0.02423877120018,0,,,
dior,2023-03-06,1.5308713912531857e-05,0.9999746084213256,1.00808720162604e-05,1,5.227841896271457e-06,2.539157867431641e-05,0,,,
dior,2023-03-13,0.2144557321246539,0.7198851695869499,0.065659117008218,3,0.1487966151164358,0.2801148304130501,0,,,
dior,2023-03-20,3.8414489722526923e-07,0.9997267127037048,0.0002728614490479,1,-0.0002724773041506,0.0002732872962951,0,,,
dior,2023-04-03,7.39963537377264e-06,0.9999908208847046,1.8149879679185688e-06,2,5.584647405854071e-06,9.179115295410156e-06,0,,,
dior,2023-04-10,0.1001901808103866,0.8852632252499462,0.0145465554480779,2,0.0856436253623087,0.1147367747500538,0,,,
dior,2023-04-17,1.2474430949834432e-05,0.999779279033343,0.0002082636894253,4,-0.0001957892584754,0.000220720966657,0,,,
dior,2023-04-24,4.490683295443887e-06,0.9999880790710448,7.415361324092373e-06,1,-2.9246780286484864e-06,1.1920928955078123e-05,0,,,
dior,2023-05-01,0.0679373213178811,0.912709402434636,0.0193532347124221,4,0.048584086605459,0.0872905975653639,0,,,
dior,2023-05-08,0.0670821424713556,0.9325572992960708,0.0003605198324333,3,0.0667216226389223,0.0674427007039293,0,,,
dior,2023-05-15,0.0002266584973161,0.9831419785817463,0.0166314002514506,1,-0.0164047417541345,0.0168580214182535,0,,,
dior,2023-05-22,6.132462928576388e-07,0.9999925494194032,6.749388717253169e-06,1,-6.13614242439553e-06,7.450580596923828e-06,0,,,
dior,2023-05-29,0.0001130758944043,0.9317265301942824,0.0681604038763907,2,-0.0680473279819864,0.0682734698057174,0,,,
dior,2023-06-05,4.1734637670717435e-05,0.9999561735561916,2.11392300895698e-06,1,3.962071466176046e-05,4.3826443808403504e-05,0,,,
dior,2023-06-12,0.0009538341321418,0.99901016553243,3.602796315741822e-05,3,0.0009178061689843,0.0009898344675699,0,,,
dior,2023-06-19,1.7834068785305135e-05,0.9999700784683228,1.2021465408906806e-05,1,5.812603376398329e-06,2.9921531677246097e-05,0,,,
dior,2023-06-26,0.016106428678856,0.959821488114564,0.0240721160688517,4,-0.0079656873899956,0.0401785118854358,0,,,
dior,2023-07-03,0.0238915202101109,0.90789978739569,0.0682087152703355,3,-0.0443171950602245,0.0921002126043099,0,,,
dior,2023-07-10,4.541115288247966e-07,0.9999983310699464,1.1711416618709336e-06,1,-7.17030133046137e-07,1.6689300537109375e-06,0,,,
dior,2023-07-17,2.2924548659375435e-07,0.9999988079071044,9.793736808205722e-07,1,-7.501281942268179e-07,1.1920928955078125e-06,0,,,
dior,2023-08-07,0.0019400536548346,0.9980471134185792,1.2891156075056642e-05,1,0.0019271624987595,0.0019528865814208,0,,,
dior,2023-08-14,6.823375620967909e-06,0.9999166230360668,7.65433804682895e-05,2,-6.972000484732159e-05,8.33769639332349e-05,0,,,
dior,2023-09-04,0.0811116684993287,0.9188435710966588,4.470850147223852e-05,2,0.0810669599978564,0.0811564289033413,0,,,
dior,2023-09-11,0.2500122080226412,0.7469271396981804,0.003060650577607,4,0.2469515574450342,0.2530728603018196,0,,,
dior,2023-09-18,0.1098258553289686,0.8506776218612989,0.0394965300304414,1,0.0703293252985272,0.149322378138701,0,,,
dior,2023-09-25,0.0129645305611851,0.7251675325542237,0.2618679389245765,4,-0.2489034083633914,0.2748324674457763,0,,,
dior,2023-10-02,3.968624177730362e-06,0.9999729990959167,2.3037773075884616e-05,2,-1.9069148898154253e-05,2.7000904083251953e-05,0,,,
dior,2023-10-09,0.0048943148376058,0.9894243607598704,0.0056813556408482,6,-0.0007870408032424,0.0105756392401294,0,,,
dior,2023-10-16,7.521136744514934e-07,0.9999967217445374,2.523334586612691e-06,4,-1.7712209121611977e-06,3.2782554626464844e-06,0,,,
dior,2023-10-23,0.2041275457656142,0.7906277590563305,0.0052447101863286,5,0.1988828355792856,0.2093722409436694,0,,,
dior,2023-10-30,3.6912118162035767e-06,0.9999842345714568,1.2090932841601898e-05,2,-8.399721025398321e-06,1.576542854309082e-05,0,,,
dior,2023-11-13,0.9996278285980223,0.0003719962551258,1.1308036818036272e-07,1,0.9996277155176544,0.999628003744874,0,,,
dior,2023-11-20,0.000108981844598,0.9998880624771118,2.977387756194124e-06,1,0.0001060044568418,0.0001119375228881,0,,,
dior,2023-11-27,2.6450948098499794e-08,0.9999994039535522,6.200396001077024e-07,1,-5.935886520092026e-07,5.960464477539062e-07,0,,,
dior,2023-12-04,0.0124859101712911,0.8859072068999921,0.1016069047577161,4,-0.089120994586425,0.1140927931000078,0,,,
dior,2023-12-11,6.433743278577708e-06,0.9999276399612428,6.588805808860343e-05,1,-5.945431481002572e-05,7.236003875732422e-05,0,,,
dior,2023-12-18,2.019449689427688e-05,0.999914824962616,6.498930334449445e-05,3,-4.479480645021757e-05,8.51750373840332e-05,0,,,
dior,2023-12-25,6.551871933879738e-07,0.99997079372406,2.863335976144299e-05,1,-2.7978172568055015e-05,2.920627593994141e-05,0,,,
dior,2024-01-01,0.2010569170697835,0.7981941644102335,0.0007489030174838,5,0.2003080140522996,0.2018058355897665,0,,,
dior,2024-01-08,0.0005584935597653,0.9992093443870544,0.0002321463507541,2,0.0003263472090111,0.0007906556129455,0,,,
dior,2024-01-15,1.2057023468514674e-07,0.9999940395355223,5.841928214067593e-06,1,-5.7213579793824465e-06,5.9604644775390625e-06,0,,,
dior,2024-01-22,6.844425584517921e-07,0.7999987220649928,0.2000006009216226,5,-0.1999999164790641,0.2000012779350072,0,,,
dior,2024-01-29,0.0011362410957048,0.9040250398218632,0.0948387595879467,2,-0.0937025184922419,0.0959749601781367,0,,,
dior,2024-10-21,,,,0,,,1,-0.0201107572606815,0.6931471805599453,0.0
disney,2022-12-26,0.001511570986203,0.9984516501426696,3.683743125293404e-05,4,0.00147473355495,0.0015483498573303,0,,,
disney,2023-01-02,0.0490445999548702,0.8314397887620638,0.1195155889237066,16,-0.0704709889688363,0.1685602112379361,0,,,
disney,2023-01-09,0.0966730695544766,0.6666584923115287,0.2366684556899858,24,-0.1399953861355091,0.3333415076884712,0,,,
disney,2023-01-16,0.0143738391440823,0.6502667996315176,0.3353593590724029,16,-0.3209855199283205,0.3497332003684824,0,,,
disney,2023-01-23,0.0114418138814526,0.9579551483942188,0.0306030312225965,12,-0.0191612173411438,0.0420448516057812,0,,,
disney,2023-01-30,0.0603493035513071,0.7530421189872115,0.1866085749830839,15,-0.1262592714317768,0.2469578810127884,0,,,
disney,2023-02-06,0.0855404161547296,0.8138942276760291,0.1005653476769676,21,-0.0150249315222379,0.1861057723239708,1,-0.0414560014075391,1.6094379124341005,0.0
disney,2023-02-13,0.0044767538969874,0.9853847020126318,0.0101385342920167,14,-0.0056617803950292,0.0146152979873681,1,-0.0426939892565201,2.9444389791664403,0.0
disney,2023-02-20,0.1432896014975038,0.7664720021253056,0.0902384248779445,7,0.0530511766195593,0.2335279978746943,0,,,
disney,2023-02-27,1.616411128561405e-05,0.6008711059112102,0.3991127610942537,5,-0.399096596982968,0.3991288940887898,0,,,
disney,2023-03-06,0.0296537664256377,0.8285217200651485,0.1418245243467538,18,-0.1121707579211161,0.1714782799348515,0,,,
disney,2023-03-13,0.2341798073137888,0.7209315020312187,0.044888725289549,11,0.1892910820242398,0.2790684979687813,0,,,
disney,2023-03-20,1.5235610460232846e-05,0.9327132280953568,0.0672715688580562,5,-0.0672563332475959,0.0672867719046431,1,0.0905952592345329,2.4849066497880004,0.0
disney,2023-03-27,0.0096407772485818,0.8789540534866142,0.1114051595015236,16,-0.1017643822529418,0.1210459465133858,0,,,
disney,2023-04-03,0.0974982896674085,0.8076970245120992,0.0948046975045678,15,0.0026935921628407,0.1923029754879007,0,,,
disney,2023-04-10,0.0023462398348664,0.9533072452092848,0.0443465256166216,24,-0.0420002857817552,0.0466927547907153,0,,,
disney,2023-04-17,0.0611051360081038,0.7481013209456842,0.1907935408130682,21,-0.1296884048049644,0.2518986790543158,0,,,
disney,2023-04-24,0.1054094794751446,0.6618052070112329,0.2327853199163826,24,-0.1273758404412379,0.3381947929887671,0,,,
disney,2023-05-01,0.1295458074255602,0.7378421831977792,0.1326120128428642,15,-0.0030662054173039,0.2621578168022208,0,,,
disney,2023-05-08,0.0700063253396733,0.607613140734555,0.3223805354462,20,-0.2523742101065267,0.392386859265445,0,,,
disney,2023-05-15,0.0501225765772728,0.7431192713070697,0.2067581517575922,24,-0.1566355751803193,0.2568807286929303,0,,,
disney,2023-05-22,0.0612427737631602,0.8151622515409205,0.1235949820962888,35,-0.0623522083331286,0.1848377484590795,0,,,
disney,2023-05-29,0.1281013287039556,0.7645949562635126,0.1073037252630027,24,0.0207976034409528,0.2354050437364874,1,0.0051767946333711,1.791759469228055,0.0
disney,2023-06-05,0.1001880592641217,0.8180757946897264,0.0817361360036299,22,0.0184519232604918,0.1819242053102736,1,-0.0442730967042734,1.3862943611198906,0.0
disney,2023-06-12,0.0006803847181549,0.9533017585967102,0.0460178683695251,17,-0.0453374836513701,0.0466982414032898,0,,,
disney,2023-06-19,0.0449714287992815,0.8631061789509229,0.0919223911267536,22,-0.0469509623274721,0.1368938210490771,1,-0.0380768799223005,0.6931471805599453,0.0
disney,2023-06-26,0.029457382484783,0.8934313780195267,0.0771112359800958,13,-0.0476538534953127,0.1065686219804733,0,,,
disney,2023-07-03,0.0414622056720928,0.7189780056549699,0.2395598050042193,10,-0.1980975993321264,0.28102199434503,1,0.0060877506202814,4.804021044733257,0.0
disney,2023-07-10,0.0672865754119125,0.7307847071785512,0.2019287145759593,24,-0.1346421391640468,0.2692152928214488,0,,,
disney,2023-07-17,0.0016921599087738,0.6817303189925477,0.3165775084292919,15,-0.3148853485205181,0.3182696810074523,2,0.0735225658863782,0.6931471805599453,0.0
disney,2023-07-24,0.0083594111076352,0.6316365278285861,0.3600040682149542,17,-0.3516446571073189,0.3683634721714138,0,,,
disney,2023-07-31,0.0412306538597349,0.8932283600800233,0.0655409796265415,16,-0.0243103257668066,0.1067716399199767,0,,,
disney,2023-08-07,0.0848838369135702,0.8931393008168146,0.0219768616094392,14,0.062906975304131,0.1068606991831854,4,0.0285935064297859,0.6931471805599453,0.0
disney,2023-08-14,0.156454205964962,0.8007834690654599,0.0427623174301255,12,0.1136918885348365,0.19921653093454,0,,,
disney,2023-08-21,0.0558144394549091,0.9341846264937582,0.0100009269984329,24,0.0458135124564762,0.0658153735062417,0,,,
disney,2023-08-28,0.1352034116974672,0.6518834343194948,0.2129131696287149,16,-0.0777097579312477,0.3481165656805052,0,,,
disney,2023-09-04,0.0087958958065213,0.8583421702312724,0.1328619237494388,10,-0.1240660279429175,0.1416578297687276,0,,,
disney,2023-09-11,0.0705556297356946,0.8905590410505835,0.0388853448880964,12,0.0316702848475982,0.1094409589494165,0,,,
disney,2023-09-18,0.0127980031221856,0.8831118433387368,0.104090158900806,25,-0.0912921557786203,0.1168881566612631,0,,,
disney,2023-09-25,0.0722574470854829,0.6215392656176333,0.3062032771441209,15,-0.2339458300586379,0.3784607343823667,0,,,
disney,2023-10-02,0.1542467080180126,0.8391310427174243,0.0066222569928947,11,0.1476244510251179,0.1608689572825756,0,,,
disney,2023-10-09,0.2420934890263813,0.7528550810828893,0.0050514219832003,10,0.237042067043181,0.2471449189171106,0,,,
disney,2023-10-16,0.2065710821571573,0.6781881941006821,0.1152407187972198,14,0.0913303633599374,0.3218118058993179,0,,,
disney,2023-10-23,0.0098332346661332,0.887594096994669,0.1025726676352834,11,-0.0927394329691502,0.112405903005331,0,,,
disney,2023-10-30,0.0121078719985636,0.9561180610096816,0.0317740624934116,11,-0.019666190494848,0.0438819389903184,0,,,
disney,2023-11-06,0.0923222620872129,0.8364959315161705,0.0711818071432104,16,0.0211404549440024,0.1635040684838294,0,,,
disney,2023-11-13,0.0580620748195218,0.8379960052319203,0.1039419331740151,17,-0.0458798583544932,0.1620039947680797,0,,,
disney,2023-11-20,0.1296015033994315,0.8463220971558864,0.0240763865462449,9,0.1055251168531866,0.1536779028441136,0,,,
disney,2023-11-27,0.0404354161379768,0.8702866456808698,0.0892779413286724,12,-0.0488425251906955,0.1297133543191302,0,,,
disney,2023-12-04,0.0297865957521327,0.9272821012862624,0.042931298519134,12,-0.0131447027670012,0.0727178987137374,0,,,
disney,2023-12-11,0.0446593393903001,0.8864910180817152,0.068849635405494,11,-0.0241902960151938,0.1135089819182848,0,,,
disney,2023-12-18,0.0654458204480653,0.9303582356799216,0.004195939914585,14,0.0612498805334802,0.0696417643200782,2,0.497500728223553,2.8417898836693407,0.0
disney,2023-12-25,2.6399215607287164e-05,0.9555753238960516,0.0443982915255969,9,-0.0443718923099896,0.0444246761039485,1,0.0859274017856464,0.6931471805599453,0.0
disney,2024-01-01,0.0110554843378232,0.9701961280172956,0.0187483971659629,17,-0.0076929128281396,0.0298038719827045,2,0.0318488852208247,0.6931471805599453,0.0
disney,2024-01-08,0.0964263547147176,0.7860621180302567,0.1175115299480628,15,-0.0210851752333452,0.2139378819697432,0,,,
disney,2024-01-15,0.2245201035268723,0.7750750018458898,0.0004048918867514,11,0.2241152116401208,0.2249249981541101,1,0.0008930827752919,0.6931471805599453,0.0
disney,2024-01-22,0.0198316528134212,0.8318770895693214,0.148291231691384,9,-0.1284595788779628,0.1681229104306786,0,,,
disney,2024-01-29,0.0679138137443487,0.732368702115491,0.199717467877114,5,-0.1318036541327653,0.267631297884509,1,0.3363496315943539,0.6931471805599453,0.0
disney,2024-02-05,,,,0,,,1,0.2109885455827225,0.6931471805599453,0.0
disney,2024-04-15,,,,0,,,1,-0.2139844094807799,0.6931471805599453,0.0
disney,2024-04-22,,,,0,,,2,0.0498758662272962,1.629048269010741,0.0
disney,2024-05-20,,,,0,,,2,0.0271651465354807,1.868834809141684,0.0
disney,2024-06-17,,,,0,,,6,-0.1390861066285348,0.9613868326322952,1.0
disney,2024-06-24,,,,0,,,2,0.2040136459789892,2.607467878804493,0.0
disney,2024-07-15,,,,0,,,2,0.2710507320662145,2.3502401828962083,0.0
disney,2024-07-29,,,,0,,,2,-0.115126163495006,0.6931471805599453,0.0
disney,2024-08-05,,,,0,,,5,0.0403567731830207,1.5484804043631564,1.0
disney,2024-08-12,,,,0,,,6,0.0214112521811197,1.8368529745066664,1.0
disney,2024-08-19,,,,0,,,8,-0.0847633065178374,1.3752624801505298,1.0
disney,2024-08-26,,,,0,,,1,-0.2434408411663753,1.9459101490553132,0.0
disney,2024-09-02,,,,0,,,4,-0.030234151237213,1.8060062020714576,0.0
disney,2024-09-09,,,,0,,,1,0.0012308943736343,0.6931471805599453,0.0
disney,2024-09-16,,,,0,,,2,0.0735955055911397,3.0634345920570927,0.0
disney,2024-09-23,,,,0,,,2,0.186932997778058,4.034514664387479,0.0
disney,2024-09-30,,,,0,,,4,-0.0334557495103808,1.545521226679158,0.0
disney,2024-10-07,,,,0,,,3,-0.0745589826852513,2.8899141966255075,0.0
disney,2024-10-21,,,,0,,,1,0.6222768004681711,9.472858470764416,0.0
disney,2024-11-04,,,,0,,,1,-0.0113366548405338,4.543294782270004,0.0
disney,2024-11-11,,,,0,,,1,-0.0479028882194825,3.4011973816621555,0.0
disney,2024-12-09,,,,0,,,1,0.1534817227188227,0.6931471805599453,0.0
ebay,2022-12-26,0.0002082845167024,0.5691153407096863,0.4306764006614685,1,-0.4304681161447661,0.4308846592903137,0,,,
ebay,2023-01-02,0.1888405891659204,0.724956314265728,0.0862030946913819,5,0.1026374944745384,0.2750436857342719,0,,,
ebay,2023-01-09,3.700835804920643e-06,0.612755298614502,0.3872409462928772,1,-0.3872372454570723,0.387244701385498,0,,,
ebay,2023-01-16,3.7526010601141024e-06,0.9996182918548584,0.0003779410326387,1,-0.0003741884315786,0.0003817081451416,0,,,
ebay,2023-01-23,1.48104616393141e-05,0.998561941087246,0.0014233060806247,2,-0.0014084956189854,0.001438058912754,0,,,
ebay,2023-01-30,0.4979080156334134,0.5020689996890724,2.2958212866797112e-05,2,0.4978850574205467,0.4979310003109276,0,,,
ebay,2023-02-06,0.3319431391937542,0.6679435990129908,0.0001132192282966,3,0.3318299199654575,0.3320564009870091,0,,,
ebay,2023-02-13,7.223408753513165e-06,0.9999342362085978,5.852484916128257e-05,3,-5.1301440407769405e-05,6.5763791402218e-05,0,,,
ebay,2023-02-20,0.0005985838979161,0.9925088485081992,0.0068925545529054,3,-0.0062939706549893,0.0074911514918009,0,,,
ebay,2023-02-27,1.5698122297180817e-05,0.9999717473983764,1.2573513231473044e-05,1,3.124609065707773e-06,2.8252601623535156e-05,0,,,
ebay,2023-03-06,1.962997248483589e-05,0.9999516010284424,2.8734175430145115e-05,2,-9.104202945309224e-06,4.839897155761719e-05,0,,,
ebay,2023-03-13,0.0004296535217633,0.999511644244194,5.872409565199632e-05,4,0.0003709294261113,0.0004883557558059,0,,,
ebay,2023-04-03,0.0774942268616314,0.9207937916119894,0.0017119581874188,1,0.0757822686742126,0.0792062083880106,0,,,
ebay,2023-04-10,5.560228917289578e-06,0.9998640641570092,0.0001304101057826,2,-0.0001248498768653,0.0001359358429908,0,,,
ebay,2023-04-17,1.4559453546780788e-06,0.9999167740345,8.178795833373443e-05,5,-8.033201297905635e-05,8.322596549992234e-05,0,,,
ebay,2023-04-24,5.987064355394978e-07,0.9999986886978148,6.577203635060869e-07,1,-5.9013927966589115e-08,1.3113021850585938e-06,0,,,
ebay,2023-05-01,5.987064355394978e-07,0.9999986886978148,6.577203635060869e-07,1,-5.9013927966589115e-08,1.3113021850585938e-06,0,,,
ebay,2023-05-08,1.3870420545458728e-06,0.9956530034542084,0.0043456005203097,2,-0.0043442134782551,0.0043469965457916,0,,,
ebay,2023-05-15,0.0677722040135037,0.9321692824363708,5.8531381046122985e-05,5,0.0677136726324576,0.0678307175636291,0,,,
ebay,2023-06-05,6.441711898711825e-07,0.999997615814209,1.7772181308828294e-06,3,-1.133046941011647e-06,2.384185791015625e-06,0,,,
ebay,2023-06-12,0.0100106028839945,0.9899441003799438,4.529251964413561e-05,1,0.0099653103643504,0.0100558996200561,0,,,
ebay,2023-06-19,2.008725843438697e-07,0.9999940395355223,5.698333211512363e-06,2,-5.497460627168493e-06,5.9604644775390625e-06,0,,,
ebay,2023-06-26,7.454682781826705e-05,0.9999204874038696,5.045406396675389e-06,1,6.950142142159166e-05,7.95125961303711e-05,0,,,
ebay,2023-07-10,3.0807829176637824e-08,0.9999971389770508,2.907492444137461e-06,1,-2.8766846149608227e-06,2.86102294921875e-06,0,,,
ebay,2023-07-31,2.3939256607263815e-05,0.9998986124992372,7.749777842036565e-05,2,-5.3558521813101834e-05,0.0001013875007629,0,,,
ebay,2023-08-07,0.0797959067385818,0.9197528759638468,0.000451196542498,3,0.0793447101960838,0.0802471240361532,0,,,
ebay,2023-08-14,1.8919631425973193e-05,0.9999699294567108,1.115211863833565e-05,4,7.767512787637543e-06,3.007054328918457e-05,0,,,
ebay,2023-08-21,0.171471796525747,0.6196219416742679,0.2089062439799881,6,-0.037434447454241,0.3803780583257321,0,,,
ebay,2023-08-28,0.3287884520187465,0.6633045232544342,0.0079070117423043,3,0.3208814402764422,0.3366954767455657,0,,,
ebay,2023-09-04,8.42541658130358e-06,0.998512089252472,0.001479504373492,2,-0.0014710789569107,0.001487910747528,0,,,
ebay,2023-09-11,6.432358082975043e-05,0.7568782330490649,0.2430574706775701,4,-0.2429931470967403,0.2431217669509351,0,,,
ebay,2023-09-18,6.799761572147862e-05,0.9924433827400208,0.007488603530902,3,-0.0074206059151806,0.0075566172599792,0,,,
ebay,2023-09-25,0.022804073767251,0.8807691476695861,0.0964267699974395,3,-0.0736226962301884,0.1192308523304138,0,,,
ebay,2023-10-02,7.334866225505721e-07,0.9999635219573976,3.577876085122019e-05,3,-3.504527422866962e-05,3.647804260253906e-05,0,,,
ebay,2023-10-09,0.4999558430096309,0.5000394983071601,4.668141400543391e-06,2,0.4999511748682304,0.4999605016928399,0,,,
ebay,2023-10-16,0.0002031459878466,0.9997772872447968,1.9528269604052184e-05,2,0.0001836177182426,0.0002227127552032,0,,,
ebay,2023-10-23,1.5115489304662333e-06,0.8493566513061523,0.1506418138742447,1,-0.1506403023253142,0.1506433486938476,0,,,
ebay,2023-10-30,4.7717096833821415e-06,0.9999593496322632,3.5891855503678016e-05,1,-3.1120145820295875e-05,4.0650367736816406e-05,0,,,
ebay,2023-11-06,2.962542384565836e-06,0.3999386863214297,0.6000583666205784,5,-0.6000554040781939,0.6000613136785702,0,,,
ebay,2023-11-13,1.725448214529024e-06,0.9999977350234984,5.641059601657616e-07,1,1.1613422543632623e-06,2.264976501464844e-06,0,,,
ebay,2023-11-27,0.0017853133613243,0.9982095956802368,5.13120448886184e-06,1,0.0017801821568355,0.0017904043197631,0,,,
ebay,2023-12-11,7.336798694505357e-07,0.999996264775594,3.0267492547864094e-06,3,-2.293069385335874e-06,3.735224405887472e-06,0,,,
ebay,2023-12-25,5.396165647653106e-07,0.9999984502792358,9.01760074611957e-07,1,-3.6214350984664634e-07,1.5497207641601562e-06,0,,,
ebay,2024-01-01,5.892227363801794e-07,0.9999960660934448,3.358720050528063e-06,1,-2.769497314147884e-06,3.933906555175781e-06,0,,,
ebay,2024-01-08,0.0001254473506374,0.8032592298881182,0.1966153375811799,6,-0.1964898902305424,0.1967407701118818,0,,,
ebay,2024-01-15,3.6392094671100494e-08,0.9999996423721312,3.642878141363326e-07,1,-3.278957194652321e-07,3.576278686523438e-07,0,,,
ebay,2024-01-22,0.0014721916601496,0.9981716722249984,0.0003561495176995,4,0.00111604214245,0.0018283277750015,0,,,
ebay,2024-07-01,,,,0,,,2,-0.1426366645362122,0.6931471805599453,0.0
ebay,2024-08-12,,,,0,,,2,-0.2171425934004673,2.1097538525880535,0.0
ebay,2024-08-26,,,,0,,,2,-0.1636137438576952,2.727660557678851,0.0
ebay,2024-09-30,,,,0,,,2,-0.079661453698236,1.039720770839918,0.0
ebay,2024-10-14,,,,0,,,2,0.084487287349674,0.6931471805599453,0.0
facebook,2022-12-26,0.0016623701832081,0.9413322994175056,0.0570052998114078,8,-0.0553429296281997,0.0586677005824943,0,,,
facebook,2023-01-02,0.1085442387066326,0.7596817627859377,0.1317739904271384,56,-0.0232297517205057,0.2403182372140623,0,,,
facebook,2023-01-09,0.0718080293111444,0.814667863119169,0.1135240951223063,47,-0.0417160658111618,0.185332136880831,0,,,
facebook,2023-01-16,0.0349956260177368,0.8607646603005717,0.1042397256137051,38,-0.0692440995959683,0.1392353396994282,0,,,
facebook,2023-01-23,0.0486928371816584,0.7981797021728377,0.153127461532627,52,-0.1044346243509685,0.2018202978271622,0,,,
facebook,2023-01-30,0.100356964679455,0.623548183251834,0.2760948542903468,56,-0.1757378896108917,0.3764518167481659,0,,,
facebook,2023-02-06,0.1334328858290759,0.7997831213378774,0.0667839914990249,45,0.0666488943300509,0.2002168786621225,0,,,
facebook,2023-02-13,0.0004760307527413,0.7059016422567933,0.293622330929331,38,-0.2931463001765896,0.2940983577432067,0,,,
facebook,2023-02-20,0.0179620336820891,0.7650398580347084,0.2169981069626429,30,-0.1990360732805537,0.2349601419652915,1,-0.1741398445228696,3.367295829986474,0.0
facebook,2023-02-27,0.0002342107153662,0.9906980556410712,0.009067728450943,37,-0.0088335177355768,0.0093019443589288,0,,,
facebook,2023-03-06,0.0316019978746631,0.9588922641421594,0.0095057483628604,38,0.0220962495118026,0.0411077358578405,1,0.1284636031280115,1.791759469228055,0.0
facebook,2023-03-13,0.0016381964433001,0.820437825507758,0.1779239735133337,61,-0.1762857770700336,0.179562174492242,1,-0.1071216009430031,5.493061443340548,0.0
facebook,2023-03-20,0.0111987215812929,0.8887071803332991,0.1000940962941089,44,-0.088895374712816,0.1112928196667009,0,,,
facebook,2023-03-27,0.0440585230029306,0.8441117915731627,0.1118296852121056,56,-0.0677711622091749,0.1558882084268372,0,,,
facebook,2023-04-03,0.0746198128910505,0.6383478558271952,0.287032335964747,44,-0.2124125230736964,0.3616521441728048,0,,,
facebook,2023-04-10,0.1218817988905762,0.85382006904485,0.0242981184785382,52,0.0975836804120379,0.14617993095515,0,,,
facebook,2023-04-17,0.0170068513454854,0.9087988790391588,0.0741942791687678,33,-0.0571874278232823,0.0912011209608412,0,,,
facebook,2023-04-24,0.2588193474551493,0.6241713836357988,0.1170092689806737,42,0.1418100784744756,0.3758286163642012,0,,,
facebook,2023-05-01,0.0153743318302955,0.844294887846278,0.1403307930282479,44,-0.1249564611979524,0.1557051121537219,1,-0.1406287956128835,0.0,0.0
facebook,2023-05-08,0.0003817021560019,0.8986549383029342,0.1009633705633556,20,-0.1005816684073536,0.1013450616970658,0,,,
facebook,2023-05-15,0.0953922247865293,0.6980831998767566,0.2065245670123679,28,-0.1111323422258385,0.3019168001232434,0,,,
facebook,2023-05-22,0.0002227251328711,0.9476205393632164,0.0521567250760588,30,-0.0519339999431876,0.0523794606367836,0,,,
facebook,2023-05-29,0.0031124825623259,0.8807848652081735,0.1161026612592718,40,-0.1129901786969457,0.1192151347918265,1,-0.0178453944935199,2.995732273553991,0.0
facebook,2023-06-05,0.1763106888560437,0.8030688937729353,0.0206204081959797,29,0.1556902806600639,0.1969311062270646,0,,,
facebook,2023-06-12,0.127255598382103,0.6071548888613775,0.2655895015793546,28,-0.1383339031972516,0.3928451111386225,0,,,
facebook,2023-06-19,0.0791658400775865,0.5984567345024902,0.3223774241243409,38,-0.2432115840467543,0.4015432654975098,0,,,
facebook,2023-06-26,0.0242514462158338,0.8592679940892831,0.1164805824925176,29,-0.0922291362766838,0.1407320059107168,0,,,
facebook,2023-07-03,0.0678305643144335,0.7755839084411601,0.1565855346557719,34,-0.0887549703413383,0.2244160915588399,0,,,
facebook,2023-07-10,0.1294839792068942,0.724546972462809,0.1459690476517411,22,-0.0164850684448468,0.275453027537191,1,-0.0531658906754728,0.6931471805599453,0.0
facebook,2023-07-17,0.0391323758877609,0.9124233057394764,0.0484443283072094,36,-0.0093119524194485,0.0875766942605237,0,,,
facebook,2023-07-24,0.0952644432945035,0.809081194249437,0.0956543694802284,46,-0.0003899261857248,0.1909188057505629,0,,,
facebook,2023-07-31,0.1427973755187556,0.7792223059035629,0.0779802989311159,32,0.0648170765876397,0.2207776940964371,0,,,
facebook,2023-08-07,0.0359112684975065,0.7897521066126612,0.1743366269911753,44,-0.1384253584936688,0.2102478933873388,0,,,
facebook,2023-08-14,0.0002511114043607,0.8700959263142487,0.1296529585074702,33,-0.1294018471031094,0.1299040736857513,0,,,
facebook,2023-08-21,0.1454392122600564,0.7740164617342242,0.0805443171378009,40,0.0648948951222554,0.2259835382657757,0,,,
facebook,2023-08-28,0.0043156462809044,0.9043987401845156,0.0912856310968685,34,-0.0869699848159641,0.0956012598154845,0,,,
facebook,2023-09-04,0.0164243124876496,0.7765857317809315,0.2069899707664555,49,-0.1905656582788059,0.2234142682190685,0,,,
facebook,2023-09-11,0.0011343968359515,0.6324700246063563,0.3663955720803496,39,-0.365261175244398,0.3675299753936437,1,-0.2984133563531941,0.6931471805599453,0.0
facebook,2023-09-18,0.0001069624447814,0.9781431963135088,0.0217498433387496,28,-0.0216428808939681,0.0218568036864911,0,,,
facebook,2023-09-25,0.0186915269369796,0.8276795998952581,0.1536288906406264,48,-0.1349373637036468,0.1723204001047419,0,,,
facebook,2023-10-02,0.1275324230429172,0.8189474591062492,0.0535201246883623,29,0.0740122983545548,0.1810525408937507,0,,,
facebook,2023-10-09,0.0358296479241557,0.8697852897833217,0.094385067312554,32,-0.0585554193883983,0.1302147102166783,0,,,
facebook,2023-10-16,0.0102963459153641,0.8058676747813313,0.1838359709754966,28,-0.1735396250601325,0.1941323252186687,0,,,
facebook,2023-10-23,0.0375098717930093,0.6680692734534087,0.2944208549451167,32,-0.2569109831521074,0.3319307265465913,0,,,
facebook,2023-10-30,0.034632600202623,0.8860452812418246,0.0793221112669995,28,-0.0446895110643764,0.1139547187581754,2,-0.0562895546246693,0.6931471805599453,0.0
facebook,2023-11-06,0.0211159700613157,0.7880988622884101,0.1907851673361839,30,-0.1696691972748681,0.2119011377115899,0,,,
facebook,2023-11-13,0.05997331710183,0.8381528573752475,0.1018738317037705,32,-0.0419005146019405,0.1618471426247525,0,,,
facebook,2023-11-20,3.0219662714016165e-05,0.9458840411634332,0.0540857251731536,19,-0.0540555055104395,0.0541159588365668,0,,,
facebook,2023-11-27,0.0006274297245692,0.8869822201611693,0.1123903452565811,30,-0.1117629155320119,0.1130177798388306,0,,,
facebook,2023-12-04,0.0531800037852072,0.8129244345015577,0.1338955641768475,20,-0.0807155603916403,0.1870755654984423,0,,,
facebook,2023-12-11,0.001619256294269,0.8757229995456126,0.1226577371555157,24,-0.1210384808612466,0.1242770004543873,0,,,
facebook,2023-12-18,0.0095289924525877,0.8874469318690945,0.1030240719609043,24,-0.0934950795083166,0.1125530681309054,0,,,
facebook,2023-12-25,0.070670164842818,0.924682396996234,0.0046474528897947,14,0.0660227119530232,0.0753176030037658,2,-0.0517440517196519,1.844439727056968,0.0
facebook,2024-01-01,0.0554702378584302,0.9359872677441066,0.0085425126553692,20,0.046927725203061,0.0640127322558934,0,,,
facebook,2024-01-08,0.0585515840745394,0.8092212067426797,0.1322271974343487,22,-0.0736756133598092,0.1907787932573202,2,0.0092941718176007,2.063567192522546,0.0
facebook,2024-01-15,0.0176793942608233,0.8930361937922979,0.089284416111188,21,-0.0716050218503646,0.106963806207702,1,-0.1267269124691665,2.70805020110221,0.0
facebook,2024-01-22,0.1102180023603798,0.8172888733081588,0.0724931289518342,28,0.0377248734085456,0.1827111266918412,0,,,
facebook,2024-01-29,0.3554744301205552,0.5009987617299885,0.1435268213634373,8,0.2119476087571179,0.4990012382700115,0,,,
facebook,2024-02-12,,,,0,,,3,-0.0960495195760605,1.2613965446394204,0.0
facebook,2024-02-26,,,,0,,,2,-0.1626999434719209,1.151292546497023,0.0
facebook,2024-03-04,,,,0,,,1,-0.1849695792770944,3.4339872044851463,0.0
facebook,2024-04-29,,,,0,,,2,-0.0392287186200519,2.3502401828962083,0.0
facebook,2024-05-20,,,,0,,,1,0.0602527807013757,2.833213344056216,0.0
facebook,2024-05-27,,,,0,,,3,-0.022334725440506,0.9241962407465936,0.0
facebook,2024-06-10,,,,0,,,2,-0.2729546117775783,0.6931471805599453,0.0
facebook,2024-07-01,,,,0,,,3,-0.0048663217182346,1.0593512767826485,0.0
facebook,2024-07-08,,,,0,,,2,-0.0048365704151365,1.9560115027140732,0.0
facebook,2024-07-22,,,,0,,,3,-0.0379861705486348,1.6832853357498456,0.0
facebook,2024-07-29,,,,0,,,4,-0.1785319525824888,1.8138978185634165,0.0
facebook,2024-08-05,,,,0,,,3,-0.1183083161028264,2.3588846051479835,0.0
facebook,2024-08-19,,,,0,,,2,-0.067236761986777,3.485834302362895,0.0
facebook,2024-09-02,,,,0,,,4,-0.114529988514036,0.9678002527269728,0.0
facebook,2024-09-09,,,,0,,,3,-0.0280119950926831,1.6566044331920002,0.0
facebook,2024-09-23,,,,0,,,6,-0.2677691129280599,1.144488880743647,1.0
facebook,2024-09-30,,,,0,,,4,-0.0521426784837188,1.141087047866959,0.0
facebook,2024-10-14,,,,0,,,7,-0.1142959698671169,2.0400774065119216,1.0
facebook,2024-10-21,,,,0,,,2,-0.0982720361972724,1.7005986908310775,0.0
facebook,2024-10-28,,,,0,,,1,0.0611358615187782,1.6094379124341005,0.0
facebook,2024-11-04,,,,0,,,2,0.0022528682133611,4.744061806124359,0.0
facebook,2024-11-11,,,,0,,,1,-0.3307979727497923,0.6931471805599453,0.0
facebook,2024-11-25,,,,0,,,1,-0.045379449880329,9.706316282491835,0.0
facebook,2024-12-02,,,,0,,,2,-0.0304271613316444,2.1972245773362196,0.0
facebook,2024-12-23,,,,0,,,1,-0.1771795448058242,7.935945103353701,0.0
facebook,2024-12-30,,,,0,,,1,-0.2417077993631551,5.209486152841421,0.0
fedex,2024-06-24,,,,0,,,2,0.1998783778911956,4.013085097473213,0.0
fedex,2024-07-29,,,,0,,,2,-0.1141083046581172,1.4978661367769956,0.0
ferrari,2022-12-26,1.4419792826458888e-07,0.9999825358390808,1.7305953207369384e-05,2,-1.7161755279104796e-05,1.7464160919189453e-05,0,,,
ferrari,2023-01-02,0.2194704115390777,0.779301106929779,0.0012284780386835,1,0.2182419335003942,0.2206988930702209,0,,,
ferrari,2023-01-30,0.0004743470513754,0.9978841145833334,0.0016415670670539,6,-0.0011672200156785,0.0021158854166666,0,,,
ferrari,2023-02-06,1.25545706784654e-05,0.9997517039378484,0.0002357241679116,3,-0.0002231695972331,0.0002482960621515,0,,,
ferrari,2023-02-20,7.996102965535101e-06,0.9648340940475464,0.0351579426560798,3,-0.0351499465531143,0.0351659059524536,0,,,
ferrari,2023-02-27,0.187502525826352,0.7495995252464827,0.0628979187473475,4,0.1246046070790045,0.2504004747535173,0,,,
ferrari,2023-03-06,0.0996116832501115,0.8003352406833073,0.1000531009045516,2,-0.0004414176544401,0.1996647593166927,0,,,
ferrari,2023-03-13,1.9939331726466967e-06,0.9999348719914756,6.30816775810672e-05,3,-6.10877444084205e-05,6.512800852453982e-05,0,,,
ferrari,2023-03-20,0.003271035002399,0.5186484570149332,0.4780804846195678,4,-0.4748094496171688,0.4813515429850667,0,,,
ferrari,2023-04-03,0.0833949399740626,0.720426700551343,0.1961783501495973,4,-0.1127834101755347,0.279573299448657,0,,,
ferrari,2023-04-10,1.353981389229375e-07,0.9999982118606568,1.701707788015483e-06,1,-1.5663096490925454e-06,1.7881393432617188e-06,0,,,
ferrari,2023-04-17,6.211838320761368e-07,0.9999878406524658,1.153479873513182e-05,3,-1.0913614903055684e-05,1.2159347534179688e-05,0,,,
ferrari,2023-05-01,1.1587387234612834e-05,0.999533623456955,0.0004548522317691,2,-0.0004432648445344,0.000466376543045,0,,,
ferrari,2023-05-08,5.524508694065844e-06,0.9997067153453828,0.000287780054369,3,-0.000282255545675,0.0002932846546173,0,,,
ferrari,2023-05-15,0.0002918387805408,0.5475261695683002,0.4521819428773597,2,-0.4518901040968188,0.4524738304316997,0,,,
ferrari,2023-05-22,0.0790028004947682,0.7024668883992554,0.2185303282702154,3,-0.1395275277754472,0.2975331116007446,0,,,
ferrari,2023-05-29,1.2340881063721554e-06,0.9999372363090516,6.160229600027378e-05,1,-6.0368207893901626e-05,6.276369094848633e-05,0,,,
ferrari,2023-06-05,,,,0,,,1,-0.1229880183798286,2.0794415416798357,0.0
ferrari,2023-06-12,3.790900882449933e-05,0.0005513330106623,0.9994107484817504,1,-0.999372839472926,0.9994486669893377,0,,,
ferrari,2023-06-19,0.0002877756525473,0.6603140123188496,0.3393981823022234,3,-0.339110406649676,0.3396859876811504,0,,,
ferrari,2023-06-26,0.9228721857070924,0.0771172195672988,1.066306958819041e-05,1,0.922861522637504,0.9228827804327012,0,,,
ferrari,2023-07-03,0.4846324195908007,0.5100662801414728,0.005301305951832,1,0.4793311136389686,0.4899337198585272,0,,,
ferrari,2023-07-10,0.0132715050131082,0.9867188334465028,9.633004083298148e-06,1,0.0132618720090249,0.0132811665534973,0,,,
ferrari,2023-07-17,1.114128622248245e-06,0.9999918937683104,7.0391529334301595e-06,1,-5.9250243111819145e-06,8.106231689453125e-06,0,,,
ferrari,2023-07-24,6.008095707462265e-06,0.9987280120452244,0.0012659527205395,4,-0.0012599446248321,0.0012719879547754,0,,,
ferrari,2023-08-07,8.498052039840331e-09,0.9999985694885254,1.4153044958220562e-06,1,-1.406806443782216e-06,1.430511474609375e-06,0,,,
ferrari,2023-08-14,1.1730432980527895e-07,0.9999982714653016,1.6544752554636943e-06,2,-1.5371709256584154e-06,1.728534698486328e-06,0,,,
ferrari,2023-08-28,0.0852653135536627,0.8983642511408437,0.0163704668782222,2,0.0688948466754404,0.1016357488591562,0,,,
ferrari,2023-09-04,0.082074231345049,0.9178845975548028,4.115071218772451e-05,6,0.0820330806328613,0.0821154024451971,0,,,
ferrari,2023-09-11,1.1903999129240598e-05,0.8335338193573989,0.1664542714071709,3,-0.1664423674080417,0.1664661806426011,0,,,
ferrari,2023-09-18,1.5284712889733022e-05,0.8691183800498645,0.1308663332090608,2,-0.130851048496171,0.1308816199501354,0,,,
ferrari,2023-09-25,1.0699252915931842e-05,0.9998170534769694,0.0001722402160832,3,-0.0001615409631673,0.0001829465230306,0,,,
ferrari,2023-10-02,4.450472204098333e-07,0.9999958276748656,3.7371045209511063e-06,2,-3.2920573005412734e-06,4.172325134277344e-06,0,,,
ferrari,2023-10-16,0.0005557289696298,0.0831259936094284,0.9163182973861694,1,-0.9157625684165396,0.9168740063905716,0,,,
ferrari,2023-10-23,6.359297799463094e-08,0.9999979734420776,1.893076500891766e-06,1,-1.8294835228971351e-06,2.0265579223632812e-06,0,,,
ferrari,2023-10-30,1.5210758217421017e-06,0.999996542930603,1.94415639498402e-06,1,-4.230805732419185e-07,3.457069396972656e-06,0,,,
ferrari,2023-11-06,4.446897929710758e-05,0.99989452958107,6.107509102548647e-05,1,-1.6606111728378892e-05,0.00010547041893,0,,,
ferrari,2023-11-13,0.0101905340719199,0.9891277899344764,0.0006817034216908,3,0.009508830650229,0.0108722100655237,0,,,
ferrari,2023-11-20,6.538411390977217e-06,0.9997590929269792,0.0002343549515444,2,-0.0002278165401534,0.0002409070730209,0,,,
ferrari,2023-11-27,0.9992573857307434,0.0007158276857808,2.685640356503427e-05,1,0.9992305293271784,0.9992841723142192,0,,,
ferrari,2023-12-04,6.195656359864188e-05,0.9998916387557985,4.639658254745882e-05,2,1.5559981051183058e-05,0.0001083612442016,0,,,
ferrari,2023-12-11,0.5000658918870613,0.288314042550114,0.2116200924868535,1,0.2884457994002077,0.7116859574498859,0,,,
ferrari,2023-12-25,0.0019895061648598,0.9603317660469286,0.0376787338365695,3,-0.0356892276717096,0.0396682339530714,0,,,
ferrari,2024-01-01,0.0025522341766645,0.896095518162474,0.1013522350394396,1,-0.098800000862775,0.1039044818375259,0,,,
ferrari,2024-01-08,1.4426373791565084e-05,0.9997953623533248,0.0001902035380965,4,-0.0001757771643049,0.0002046376466751,0,,,
ferrari,2024-01-15,0.0002813722384019,0.9434270858764648,0.0562915357887447,5,-0.0560101635503429,0.0565729141235351,0,,,
ferrari,2024-01-29,1.4363772606884597e-05,0.9995951056480408,0.0003905247431248,1,-0.0003761609705179,0.0004048943519592,1,0.1281711169799564,1.0986122886681098,0.0
for,2022-12-26,0.1521576661200114,0.469224221540145,0.3786181165241018,1,-0.2264604504040903,0.530775778459855,0,,,
for,2023-01-02,0.0908240669253617,0.6518623266871238,0.2573136005659819,3,-0.1664895336406202,0.3481376733128761,0,,,
for,2023-01-09,0.0881099957338603,0.7856297043451059,0.1262603040405267,9,-0.0381503083066664,0.214370295654894,0,,,
for,2023-01-16,0.0260136622851651,0.9089627550427444,0.0650235844191278,5,-0.0390099221339626,0.0910372449572557,0,,,
for,2023-01-23,0.0530703822687562,0.901418139176196,0.0455114842620429,3,0.0075588980067132,0.0985818608238039,0,,,
for,2023-01-30,0.042246335352757,0.867115198356405,0.0906384728764032,1,-0.0483921375236462,0.1328848016435949,0,,,
for,2023-02-06,0.0534049391942397,0.7966104097244757,0.1499846587843771,5,-0.0965797195901374,0.2033895902755242,0,,,
for,2023-02-13,0.1002326206329046,0.808942277821653,0.0908250954817317,12,0.0094075251511728,0.191057722178347,0,,,
for,2023-02-20,0.0412452097143681,0.7328126980982381,0.2259420805013465,2,-0.1846968707869783,0.2671873019017619,0,,,
for,2023-02-27,0.0600113912873376,0.7472837717930072,0.1927048330960497,13,-0.132693441808712,0.2527162282069928,0,,,
for,2023-03-06,0.0459897331159063,0.849266971459685,0.1047432957376999,5,-0.0587535626217936,0.150733028540315,0,,,
for,2023-03-13,0.0670887616456384,0.8953525308366658,0.0375587036545161,5,0.0295300579911222,0.1046474691633342,0,,,
for,2023-03-20,0.1248016396060195,0.8119942373816709,0.0632041230392836,2,0.0615975165667359,0.1880057626183291,0,,,
for,2023-03-27,0.0612682565145652,0.823597043213411,0.1151347003737809,3,-0.0538664438592156,0.176402956786589,0,,,
for,2023-04-03,0.0356428515992845,0.7809355640126853,0.1834215892413347,6,-0.1477787376420501,0.2190644359873147,0,,,
for,2023-04-10,0.083011024376373,0.7765604975382764,0.1404284631851874,4,-0.0574174388088143,0.2234395024617236,0,,,
for,2023-04-17,0.0894959461169634,0.7475590723038051,0.1629449851326952,6,-0.0734490390157318,0.2524409276961948,0,,,
for,2023-04-24,0.0786760571264211,0.8317027295107623,0.0896212169740207,5,-0.0109451598475996,0.1682972704892377,0,,,
for,2023-05-01,0.0742621571356457,0.8535587776135836,0.0721790553437892,7,0.0020831017918564,0.1464412223864164,0,,,
for,2023-05-08,0.0734084613595331,0.7929291792159967,0.1336623610217414,6,-0.0602538996622082,0.2070708207840033,0,,,
for,2023-05-15,0.09756359971455,0.6772562587587689,0.225180136617415,4,-0.1276165369028649,0.322743741241231,0,,,
for,2023-05-22,0.0584720119532561,0.9319288833710712,0.0095991063234303,3,0.0488729056298258,0.0680711166289288,0,,,
for,2023-05-29,0.0870585881552957,0.7485429600874033,0.1643984556955187,8,-0.0773398675402229,0.2514570399125967,0,,,
for,2023-06-12,0.0607648813806598,0.7519174407927748,0.1873176850374942,6,-0.1265528036568343,0.2480825592072252,0,,,
for,2023-06-19,0.1485102835271651,0.6964660636554885,0.1550236576378604,2,-0.0065133741106953,0.3035339363445115,0,,,
for,2023-06-26,0.214401271920553,0.7009766820254361,0.0846220406627593,3,0.1297792312577937,0.2990233179745639,0,,,
for,2023-07-03,0.0745515888402953,0.8499170343582377,0.0755313685265574,3,-0.000979779686262,0.1500829656417622,0,,,
for,2023-07-10,0.185545807539529,0.8041519335509368,0.0103022778263193,1,0.1752435297132097,0.1958480664490631,0,,,
for,2023-07-17,0.0458412024375784,0.8257803109901277,0.1283784838323696,6,-0.0825372813947911,0.1742196890098722,0,,,
for,2023-07-24,0.0855935184284237,0.6051507751150521,0.3092557027247183,4,-0.2236621842962946,0.3948492248849479,0,,,
for,2023-07-31,0.077271934577987,0.6730712229969108,0.2496568380343458,3,-0.1723849034563588,0.3269287770030892,0,,,
for,2023-08-07,0.0928538001563157,0.6407591662015583,0.2663870288718059,3,-0.1735332287154902,0.3592408337984417,0,,,
for,2023-08-14,0.0941290907958222,0.6507799848076541,0.2550909349739656,2,-0.1609618441781433,0.3492200151923459,0,,,
for,2023-08-21,0.0433932569505667,0.8685416818361872,0.0880650706101015,7,-0.0446718136595347,0.1314583181638128,0,,,
for,2023-08-28,0.1550372555923196,0.6893481669040509,0.1556145714503436,6,-0.000577315858024,0.3106518330959491,0,,,
for,2023-09-04,0.1298186011242851,0.6164270039493709,0.2537543857436621,2,-0.1239357846193769,0.3835729960506291,0,,,
for,2023-09-11,0.1506280813821033,0.6867433584882228,0.1626285677293698,2,-0.0120004863472664,0.3132566415117772,0,,,
for,2023-09-18,0.1358877186003342,0.748771383879723,0.1153408944159523,10,0.0205468241843818,0.251228616120277,0,,,
for,2023-09-25,0.0855545131612346,0.8326097964256997,0.0818357002361802,4,0.0037188129250544,0.1673902035743003,0,,,
ford,2022-12-26,0.4288403689861297,0.571009635925293,0.0001500336366007,1,0.428690335349529,0.428990364074707,0,,,
ford,2023-01-02,0.0009313138235521,0.7338666667540868,0.2652019956512959,3,-0.2642706818277436,0.2661333332459131,1,-0.0523328822446274,2.4849066497880004,0.0
ford,2023-01-09,0.1547034847063514,0.8352112364004951,0.0100853305757592,9,0.1446181541305922,0.1647887635995049,0,,,
ford,2023-01-16,0.0132605230157631,0.9649735626067544,0.0217658847644593,5,-0.0085053617486961,0.0350264373932456,0,,,
ford,2023-01-23,0.0471118302621107,0.9528707067171732,1.746559549549905e-05,3,0.0470943646666152,0.0471292932828267,0,,,
ford,2023-01-30,1.7497459339210764e-06,0.9999834299087524,1.4725102118973156e-05,1,-1.2975356185052078e-05,1.6570091247558594e-05,0,,,
ford,2023-02-06,1.4548129371405597e-06,0.9998568892478944,0.0001416833373696,5,-0.0001402285244324,0.0001431107521057,0,,,
ford,2023-02-13,0.0003389616677983,0.9993381251891454,0.0003229340267457,12,1.6027641052573927e-05,0.0006618748108545,0,,,
ford,2023-02-20,1.138812672252243e-05,0.9999862909317015,2.2894530786743417e-06,2,9.098673643848088e-06,1.3709068298339844e-05,0,,,
ford,2023-02-27,1.625507381067046e-05,0.7671863711259973,0.2327973804045768,13,-0.2327811253307662,0.2328136288740027,0,,,
ford,2023-03-06,8.76713309310162e-06,0.9998268008232116,0.0001644011272446,5,-0.0001556339941515,0.0001731991767883,0,,,
ford,2023-03-13,0.0016969615024763,0.9982173085212708,8.574555740779033e-05,5,0.0016112159450685,0.0017826914787292,1,0.0329397557402444,9.084323531392696,0.0
ford,2023-03-20,0.001677456912148,0.5042759827338159,0.494046616467358,2,-0.49236915955521,0.4957240172661841,0,,,
ford,2023-03-27,0.264256710676193,0.7338156749804815,0.0019276128938751,3,0.2623290977823179,0.2661843250195185,0,,,
ford,2023-04-03,2.8123692932998288e-06,0.9999614357948304,3.57436382122008e-05,6,-3.293126891890097e-05,3.8564205169677734e-05,0,,,
ford,2023-04-10,0.0001851320393377,0.9995453804731368,0.0002695055495962,4,-8.437351025847306e-05,0.000454619526863,0,,,
ford,2023-04-17,0.0001262897136863,0.8110289546554365,0.1888447712490043,6,-0.188718481535318,0.1889710453445635,0,,,
ford,2023-04-24,0.0001731801225105,0.917856752872467,0.08197005786933,5,-0.0817968777468195,0.0821432471275329,0,,,
ford,2023-05-01,0.1354506453859468,0.7240986491420439,0.1404507200137459,7,-0.005000074627799,0.2759013508579561,0,,,
ford,2023-05-08,0.0005008713092635,0.833401954267174,0.1660971666013514,6,-0.1655962952920878,0.166598045732826,0,,,
ford,2023-05-15,0.0405583519310936,0.6624301840513962,0.2970114441656424,4,-0.2564530922345488,0.3375698159486038,0,,,
ford,2023-05-22,5.604827345943401e-07,0.9999955097834268,3.891193955496419e-06,3,-3.3307112209020793e-06,4.4902165731164345e-06,0,,,
ford,2023-05-29,0.2503971790100117,0.7314715058000729,0.0181313187009415,8,0.2322658603090701,0.2685284941999271,0,,,
ford,2023-06-12,3.644913135758543e-06,0.9990853667259216,0.000911010899396,6,-0.0009073659862603,0.0009146332740783,0,,,
ford,2023-06-19,0.1865434420391598,0.5011909396853298,0.3122656238042331,2,-0.1257221817650733,0.4988090603146702,0,,,
ford,2023-06-26,0.1405058380219846,0.8528393904368082,0.0066547259302751,3,0.1338511120917095,0.1471606095631917,0,,,
ford,2023-07-03,1.640264780415161e-05,0.9996557434399924,0.0003278710743567,3,-0.0003114684265526,0.0003442565600076,0,,,
ford,2023-07-10,0.0011270226677879,0.9988611936569214,1.1835388249892276e-05,1,0.001115187279538,0.0011388063430786,0,,,
ford,2023-07-17,4.9913946943055025e-06,0.9999855955441792,9.417613550037156e-06,6,-4.426218855731652e-06,1.4404455820682394e-05,0,,,
ford,2023-07-24,2.996076675643167e-07,0.7499642863444311,0.250035399518083,4,-0.2500350999104155,0.2500357136555688,0,,,
ford,2023-07-31,3.1129225609068576e-06,0.3350421873092273,0.6649547005623996,3,-0.6649515876398386,0.6649578126907727,0,,,
ford,2023-08-07,0.000135874424321,0.8109753131866455,0.1888888259638861,3,-0.1887529515395651,0.1890246868133545,0,,,
ford,2023-08-14,0.1772436065368827,0.7334509542798087,0.0893054761324432,2,0.0879381304044394,0.2665490457201913,0,,,
ford,2023-08-21,0.0016071783293633,0.9816378780773708,0.0167549450717794,7,-0.015147766742416,0.0183621219226292,0,,,
ford,2023-08-28,0.0013787873399581,0.9985889395078024,3.224738808664066e-05,6,0.0013465399518715,0.0014110604921976,0,,,
ford,2023-09-04,0.0009182234898617,0.5002713524736464,0.498810445787285,2,-0.4978922222974233,0.4997286475263536,0,,,
ford,2023-09-11,0.4997695611364179,0.5001813113776734,4.91207176764874e-05,2,0.4997204404187414,0.4998186886223266,0,,,
ford,2023-09-18,0.1132969886634995,0.8559448890388012,0.0307581235846214,10,0.0825388650788781,0.1440551109611988,0,,,
ford,2023-09-25,0.0008912727616028,0.7087751580145323,0.290333588089652,4,-0.2894423153280492,0.2912248419854677,0,,,
ford,2024-09-23,,,,0,,,2,-0.2137728200640367,0.8958797346140275,1.0
gillette,2024-05-06,,,,0,,,2,-0.0025642993112455,2.4101407828025185,0.0
google,2022-12-26,0.0317872970730034,0.6630830399191905,0.3051296631854492,9,-0.2733423661124458,0.3369169600808095,0,,,
google,2023-01-02,0.1208228093360907,0.750942994351766,0.1282341982936414,25,-0.0074113889575506,0.2490570056482339,2,-0.0134368151605031,3.475407384221292,0.0
google,2023-01-09,0.1669348974641593,0.7629414137643661,0.0701236831089726,24,0.0968112143551866,0.2370585862356339,1,0.2865192940225824,1.6094379124341005,0.0
google,2023-01-16,0.1257201382037195,0.7617248586188198,0.1125549951477428,31,0.0131651430559767,0.2382751413811802,0,,,
google,2023-01-23,0.0879881869674821,0.8410170101120845,0.0709948074430421,28,0.0169933795244399,0.1589829898879154,0,,,
google,2023-01-30,0.0979996860278715,0.6820829106012858,0.2199173924904907,49,-0.1219177064626192,0.3179170893987142,0,,,
google,2023-02-06,0.1171946776460576,0.6531846977979658,0.2296206272671128,39,-0.1124259496210551,0.3468153022020341,0,,,
google,2023-02-13,0.0809822441950012,0.7011940022071336,0.2178237386532028,41,-0.1368414944582016,0.2988059977928664,1,-0.0754050168930007,1.791759469228055,0.0
google,2023-02-20,0.0416779821336081,0.8432646842128035,0.1150573410023281,34,-0.07337935886872,0.1567353157871964,1,-0.1459981752559542,5.262690188904886,0.0
google,2023-02-27,0.0635481012330823,0.75204163377507,0.1844102591569711,29,-0.1208621579238888,0.2479583662249299,0,,,
google,2023-03-06,0.0936249628038122,0.8425282389081669,0.0638467824402761,31,0.029778180363536,0.1574717610918331,1,0.1284636031280115,1.791759469228055,0.0
google,2023-03-13,0.03530215986832,0.8800326056344705,0.0846652377229408,44,-0.0493630778546208,0.1199673943655295,1,-0.021247169774142,1.3862943611198906,0.0
google,2023-03-20,0.0065154335685005,0.8274851201858436,0.165999458898301,27,-0.1594840253298004,0.1725148798141563,2,-0.0350557449497088,2.4986061368820573,0.0
google,2023-03-27,0.0597913297216361,0.804269909834258,0.1359387649619436,27,-0.0761474352403075,0.195730090165742,2,-0.0472408739460661,4.294291593751455,0.0
google,2023-04-03,0.1180524716258521,0.7850555405643423,0.0968919901748241,41,0.021160481451028,0.2149444594356576,0,,,
google,2023-04-10,0.0522280784917702,0.8113886912627702,0.136383238803936,34,-0.0841551603121657,0.1886113087372297,0,,,
google,2023-04-17,0.1119165524345043,0.7600171987992964,0.128066266498817,19,-0.0161497140643126,0.2399828012007036,0,,,
google,2023-04-24,0.1929098855925756,0.6176181262762039,0.1894719923394667,35,0.0034378932531088,0.382381873723796,2,-0.075696320000766,0.6931471805599453,0.0
google,2023-05-01,0.0767262582733169,0.826938337650691,0.0963354164754137,42,-0.0196091582020968,0.1730616623493089,1,-0.081740799168827,3.9318256327243257,0.0
google,2023-05-08,0.1183107557620498,0.8084981736218078,0.0731910652299561,21,0.0451196905320936,0.1915018263781922,1,-0.0422392852672146,3.367295829986474,0.0
google,2023-05-15,0.041048632129722,0.834703014429523,0.1242483485611026,37,-0.0831997164313806,0.165296985570477,0,,,
google,2023-05-22,0.1064232023148765,0.7843355894571159,0.1092412028331837,26,-0.0028180005183071,0.2156644105428841,0,,,
google,2023-05-29,0.0451003642436326,0.8633440233826706,0.0915556200687175,28,-0.0464552558250849,0.1366559766173294,2,-0.0612996956107565,4.32795555536403,0.0
google,2023-06-05,0.0650643916130166,0.6938531240697347,0.241082489410119,23,-0.1760180977971023,0.3061468759302653,0,,,
google,2023-06-12,0.1354889367691795,0.7246632788015066,0.1398477881379432,30,-0.0043588513687636,0.2753367211984934,0,,,
google,2023-06-19,0.1228791773069193,0.7450033403921906,0.132117491942716,30,-0.0092383146357967,0.2549966596078094,0,,,
google,2023-06-26,0.0708010970316879,0.8940915674235198,0.0351073218599051,16,0.0356937751717828,0.1059084325764802,2,-0.0547979741439235,1.545521226679158,0.0
google,2023-07-03,0.027943594363435,0.9065756508177952,0.0654807427168557,31,-0.0375371483534206,0.0934243491822048,4,-0.1163592860497715,1.1796247178237735,0.0
google,2023-07-10,0.1178365954208936,0.7916055035196286,0.0905578866657436,31,0.0272787087551499,0.2083944964803714,1,-0.1317944020156574,1.0986122886681098,0.0
google,2023-07-17,0.0539235933096822,0.8112122988795475,0.1348641058872063,39,-0.080940512577524,0.1887877011204525,0,,,
google,2023-07-24,0.1843353438680542,0.6696070036395403,0.1460576501734219,32,0.0382776936946322,0.3303929963604597,4,0.052700979697704,0.6931471805599453,0.0
google,2023-07-31,0.103454629722436,0.7588877308042209,0.1376576468380193,24,-0.0342030171155832,0.2411122691957791,3,-0.0356146828103192,0.6931471805599453,0.0
google,2023-08-07,0.0371266861716944,0.9115064100715669,0.0513669014569701,20,-0.0142402152852756,0.0884935899284331,1,0.1124040740937744,0.6931471805599453,0.0
google,2023-08-14,0.1252995406075158,0.7769330272099553,0.0977674327244933,21,0.0275321078830224,0.2230669727900447,3,-0.0629588227360595,0.6931471805599453,0.0
google,2023-08-21,0.089508751074754,0.8356660478462306,0.0748252037314835,33,0.0146835473432705,0.1643339521537694,6,-0.0861634371974275,0.6931471805599453,0.0
google,2023-08-28,0.0928472961616899,0.8317179658406156,0.075434755093539,22,0.0174125410681508,0.1682820341593843,9,-0.1083739587945918,0.6931471805599453,0.0
google,2023-09-04,0.0759602302338347,0.7693360014952653,0.1547037739849197,25,-0.0787435437510849,0.2306639985047347,0,,,
google,2023-09-11,0.1238358297634088,0.8032512507639231,0.0729129211760859,32,0.0509229085873229,0.1967487492360768,1,-0.2984133563531941,0.6931471805599453,0.0
google,2023-09-18,0.0653991376389767,0.7171545000990646,0.2174463573318915,30,-0.1520472196929148,0.2828454999009354,0,,,
google,2023-09-25,0.1614413047513922,0.7303444147028688,0.1082142739454329,32,0.0532270308059592,0.2696555852971312,3,0.0946150541747859,0.6931471805599453,0.0
google,2023-10-02,0.0535905338864745,0.6984683273384352,0.2479411447350247,25,-0.1943506108485501,0.3015316726615648,1,-0.036602829595818,0.6931471805599453,0.0
google,2023-10-09,0.0939984969157537,0.7442168504633874,0.1617846451094282,16,-0.0677861481936745,0.2557831495366126,2,-0.0326464564227535,0.6931471805599453,0.0
google,2023-10-16,0.0689945432692959,0.8378481921717142,0.0931572711233646,24,-0.0241627278540687,0.1621518078282857,0,,,
google,2023-10-23,0.1816499022637934,0.5228566281102865,0.2954934838667677,19,-0.1138435816029743,0.4771433718897134,1,0.0873713122477433,0.6931471805599453,0.0
google,2023-10-30,0.0574423310176258,0.8575290941270752,0.0850285736300609,21,-0.027586242612435,0.1424709058729247,5,-0.2578017945609375,0.6931471805599453,0.0
google,2023-11-06,0.0476998566700195,0.8084594906242383,0.1438406541880053,29,-0.0961407975179858,0.1915405093757617,2,-0.1452291772284297,0.6931471805599453,0.0
google,2023-11-13,0.1281671015788713,0.7718643068878684,0.0999686026874787,17,0.0281984988913925,0.2281356931121315,4,-0.146677934705707,1.0063379226837872,0.0
google,2023-11-20,0.0853125901819382,0.833249456773536,0.0814379585530968,29,0.0038746316288413,0.166750543226464,2,0.5895696732623037,4.692734729094316,0.0
google,2023-11-27,0.0869071682934938,0.770454105999967,0.1426387322548381,24,-0.0557315639613443,0.229545894000033,2,0.0046583145522163,0.6931471805599453,0.0
google,2023-12-04,0.052234592185653,0.8192530952125028,0.1285123105713847,33,-0.0762777183857316,0.1807469047874972,1,-0.2056454432969303,0.6931471805599453,0.0
google,2023-12-11,0.1672972368204922,0.662880417091983,0.1698223392666758,26,-0.0025251024461836,0.337119582908017,2,-0.1793288007775118,4.224028726290688,0.0
google,2023-12-18,0.1568574960004597,0.789791877286403,0.0533506263693729,15,0.1035068696310867,0.210208122713597,4,-0.0796222232522723,1.141087047866959,0.0
google,2023-12-25,0.0641819168184079,0.7868419330637341,0.1489761555363071,21,-0.0847942387178991,0.2131580669362659,2,-0.1640570004734627,2.727660557678851,0.0
google,2024-01-01,0.071219962764714,0.8212754560714006,0.1075045961692397,19,-0.0362846334045256,0.1787245439285993,0,,,
google,2024-01-08,0.0802829449059337,0.8462044613570386,0.0735125889727876,27,0.0067703559331461,0.1537955386429613,0,,,
google,2024-01-15,0.0761936114809953,0.7467641591836102,0.1770422362051784,20,-0.1008486247241831,0.2532358408163898,0,,,
google,2024-01-22,0.0457044907403315,0.9050451363023456,0.049250380451664,20,-0.0035458897113324,0.0949548636976542,2,-0.1042955262985287,0.6931471805599453,0.0
google,2024-01-29,0.0556957118098013,0.793582733528578,0.1507215513300229,12,-0.0950258395202216,0.206417266471422,5,-0.0864318698465183,1.7240943081739482,0.0
google,2024-02-05,,,,0,,,3,-0.1173876624338656,0.6931471805599453,0.0
google,2024-02-12,,,,0,,,2,-0.0904822106103893,1.151292546497023,0.0
google,2024-02-19,,,,0,,,2,-0.1784471218696204,0.6931471805599453,0.0
google,2024-02-26,,,,0,,,5,-0.0999026680815454,1.1772208062900311,0.0
google,2024-03-11,,,,0,,,2,0.1289205680877785,3.0342127941220554,0.0
google,2024-04-01,,,,0,,,4,0.0111080645417587,2.405546271762097,0.0
google,2024-04-08,,,,0,,,5,-0.0352467202085335,2.045461734320756,0.0
google,2024-04-15,,,,0,,,10,-0.0708043816623728,2.274322755427906,1.0
google,2024-04-22,,,,0,,,1,-0.0581902232443098,0.6931471805599453,0.0
google,2024-04-29,,,,0,,,2,-0.1923604216781314,1.844439727056968,0.0
google,2024-05-13,,,,0,,,3,0.0119056549666538,1.2296264847046456,0.0
google,2024-05-20,,,,0,,,2,0.1341369076374547,3.036522267050202,0.0
google,2024-05-27,,,,0,,,4,0.0293878414415758,2.1410191943287717,0.0
google,2024-06-10,,,,0,,,1,0.0199757834677996,0.6931471805599453,0.0
google,2024-06-17,,,,0,,,7,0.0049991231647774,2.6150034066373604,0.0
google,2024-06-24,,,,0,,,7,-0.0470525077443073,2.5032452916301553,0.0
google,2024-07-01,,,,0,,,1,0.0684029664116678,0.6931471805599453,0.0
google,2024-07-08,,,,0,,,2,0.0213522377297579,4.259994639359119,0.0
google,2024-07-15,,,,0,,,9,-0.1042412467353667,1.0142995981039635,0.0
google,2024-07-22,,,,0,,,14,-0.0088358729931071,1.6633506948051282,1.0
google,2024-07-29,,,,0,,,12,-0.0813047742295296,1.5944441108312637,1.0
google,2024-08-05,,,,0,,,11,-0.0689044127860495,1.8319468646675132,1.0
google,2024-08-12,,,,0,,,6,0.0183839663532883,1.5208696864265578,0.0
google,2024-08-19,,,,0,,,4,-0.2883445502102404,3.212402331384196,0.0
google,2024-08-26,,,,0,,,7,-0.110312225576495,2.5963018536134745,0.0
google,2024-09-02,,,,0,,,12,-0.1137957626198632,1.717666159161767,1.0
google,2024-09-09,,,,0,,,9,-0.0255477883995606,1.8299239715793432,0.0
google,2024-09-16,,,,0,,,12,-0.0736594757610618,1.944725360867984,1.0
google,2024-09-23,,,,0,,,5,-0.1050294370203801,2.739266109398418,0.0
google,2024-09-30,,,,0,,,8,0.0293263252892863,2.482780529417425,0.0
google,2024-10-07,,,,0,,,19,0.0187763514710541,1.823255191444038,1.0
google,2024-10-14,,,,0,,,8,-0.0326333197735948,2.471539929329716,0.0
google,2024-10-21,,,,0,,,3,-0.113835273017519,1.6917246050779422,0.0
google,2024-10-28,,,,0,,,4,-0.0796915563033131,3.116893750049642,0.0
google,2024-11-04,,,,0,,,1,0.2237220784162445,0.6931471805599453,0.0
google,2024-11-11,,,,0,,,5,-0.0429041414960636,3.033920384808813,0.0
google,2024-11-18,,,,0,,,6,0.0276316454368353,4.548769168684362,0.0
google,2024-11-25,,,,0,,,2,-0.1303752852643356,5.19973173152589,0.0
google,2024-12-02,,,,0,,,2,-0.1282261188661593,1.7328679513998633,0.0
google,2024-12-09,,,,0,,,6,0.0145584737071592,2.8043092573143515,0.0
google,2024-12-16,,,,0,,,5,-0.1043894536222666,3.8722569648620455,0.0
google,2024-12-23,,,,0,,,1,0.0032905145635595,8.649623978596727,0.0
gucci,2023-01-02,5.22686696058372e-06,0.9990747570991516,0.0009200406091546,3,-0.000914813742194,0.0009252429008483,0,,,
gucci,2023-01-09,0.0004399242736734,0.961888142923514,0.0376719267018188,5,-0.0372320024281453,0.038111857076486,0,,,
gucci,2023-01-16,0.0007458168839357,0.9590577639685944,0.0401964049383832,5,-0.0394505880544474,0.0409422360314056,0,,,
gucci,2023-01-23,0.0008529374255351,0.9985045279775348,0.0006425347149663,7,0.0002104027105688,0.0014954720224652,0,,,
gucci,2023-01-30,1.945841188444319e-05,0.999975840250651,4.652893229225204e-06,3,1.4805518655217993e-05,2.415974934899534e-05,0,,,
gucci,2023-02-06,0.1252705766098273,0.8743966516483918,0.0003327503108329,8,0.1249378262989943,0.1256033483516082,0,,,
gucci,2023-02-13,7.59790670296449e-05,0.998083472251892,0.0018405639129923,3,-0.0017645848459627,0.0019165277481079,0,,,
gucci,2023-02-20,0.2500182207180472,0.6512937998415964,0.0986879848793762,4,0.151330235838671,0.3487062001584036,0,,,
gucci,2023-02-27,0.0400258899515967,0.9234769938022576,0.0364971094289107,5,0.003528780522686,0.0765230061977424,0,,,
gucci,2023-03-06,0.003326740259309,0.9387187532016208,0.0579544820743811,7,-0.054627741815072,0.061281246798379,0,,,
gucci,2023-03-13,8.746442148321877e-08,0.999996304512024,3.6684184294699662e-06,2,-3.5809540079867475e-06,3.695487976074219e-06,0,,,
gucci,2023-03-20,0.0008272010777168,0.999146968126297,2.5793073390900645e-05,4,0.0008014080043259,0.000853031873703,0,,,
gucci,2023-03-27,0.0169770736295795,0.981894738972187,0.0011282058577251,4,0.0158488677718544,0.0181052610278129,0,,,
gucci,2023-04-10,2.2323057237372268e-05,0.9999450445175172,3.255154661019333e-05,2,-1.022848937282106e-05,5.495548248291016e-05,0,,,
gucci,2023-04-17,2.167684545950621e-05,0.9545654356479644,0.045412864952766,2,-0.0453911881073065,0.0454345643520355,0,,,
gucci,2023-04-24,1.807897405115e-07,0.9999992847442628,5.166739924788999e-07,1,-3.358842519673999e-07,7.152557373046875e-07,0,,,
gucci,2023-05-01,0.0088546591548746,0.8576397064934858,0.1335056327723596,5,-0.124650973617485,0.1423602935065142,0,,,
gucci,2023-05-08,2.4506649264960993e-06,0.777729288658899,0.2222682819200498,3,-0.2222658312551233,0.222270711341101,0,,,
gucci,2023-05-15,4.1704778297457785e-08,0.99999737739563,2.5904740823534667e-06,2,-2.548769304056009e-06,2.6226043701171875e-06,0,,,
gucci,2023-05-22,0.0004865078954026,0.9890143573284148,0.0104991297703236,2,-0.010012621874921,0.010985642671585,0,,,
gucci,2023-05-29,5.218851399035884e-06,0.999964952468872,2.985014180012513e-05,3,-2.4631290401089245e-05,3.504753112792969e-05,0,,,
gucci,2023-06-05,0.0001454518810667,0.9994582782189052,0.0003962919126342,4,-0.0002508400315674,0.0005417217810947,0,,,
gucci,2023-06-12,4.561332389130257e-05,0.999848484992981,0.0001058445996022,1,-6.023127571097575e-05,0.000151515007019,0,,,
gucci,2023-06-19,8.988680285426653e-06,0.9999802708625792,1.0726196705945767e-05,2,-1.737516420519114e-06,1.9729137420654297e-05,0,,,
gucci,2023-06-26,7.264609394042054e-06,0.150194451212883,0.849798321723938,1,-0.849791057114544,0.849805548787117,0,,,
gucci,2023-07-03,6.49394675335202e-05,0.9958738178014755,0.0040612181951322,5,-0.0039962787275986,0.0041261821985244,0,,,
gucci,2023-07-10,1.658208113042292e-07,0.9999982118606568,1.6034771306294715e-06,2,-1.4376563193252425e-06,1.7881393432617188e-06,0,,,
gucci,2023-07-17,0.0496397931318227,0.7935703483468387,0.1567898597279892,5,-0.1071500665961664,0.2064296516531613,0,,,
gucci,2023-07-24,4.378283051664766e-06,0.9996112287044524,0.0003843990108407,2,-0.000380020727789,0.0003887712955474,0,,,
gucci,2023-07-31,0.0138072894727939,0.9860775219405896,0.0001152060266412,8,0.0136920834461526,0.0139224780594102,0,,,
gucci,2023-08-07,0.0345054019987991,0.8411031663510632,0.1243914562455553,4,-0.0898860542467562,0.1588968336489368,0,,,
gucci,2023-08-14,0.1664327315451365,0.8315555439136612,0.0020116900749561,6,0.1644210414701803,0.1684444560863388,0,,,
gucci,2023-08-21,2.519622483987405e-07,0.9999968111515044,2.906322720264143e-06,4,-2.6543604718654024e-06,3.1888484954833984e-06,0,,,
gucci,2023-08-28,5.274442628433462e-06,0.999990463256836,4.273280865163542e-06,1,1.00116176326992e-06,9.5367431640625e-06,0,,,
gucci,2023-09-04,0.0001094800230198,0.9994247823953628,0.0004657257450631,5,-0.0003562457220432,0.0005752176046371,0,,,
gucci,2023-09-11,0.0002835983642881,0.799740634454065,0.1999757788194529,5,-0.1996921804551646,0.200259365545935,0,,,
gucci,2023-09-18,0.0093910301613438,0.9904914125800132,0.0001175726755112,4,0.0092734574858326,0.0095085874199867,0,,,
gucci,2023-09-25,0.0306349468200238,0.952243600638214,0.0171214454074957,3,0.013513501412528,0.0477563993617859,0,,,
gucci,2023-10-02,0.0001214908357383,0.8245684951543808,0.1753100403002463,4,-0.175188549464508,0.1754315048456192,0,,,
gucci,2023-10-09,1.749373205939264e-05,0.9878876209259032,0.0120949220422517,1,-0.0120774283101923,0.0121123790740966,0,,,
gucci,2023-10-16,8.942066873629528e-07,0.9999924302101136,6.681326112811803e-06,4,-5.78711942544885e-06,7.569789886474609e-06,0,,,
gucci,2023-10-23,6.7421006662016225e-06,0.9999734163284302,1.9862325643771328e-05,2,-1.3120224977569706e-05,2.658367156982422e-05,0,,,
gucci,2023-10-30,3.0215962851798395e-06,0.9999953508377076,1.6528962305528694e-06,1,1.36870005462697e-06,4.649162292480469e-06,0,,,
gucci,2023-11-06,0.0001079930665059,0.942012776931127,0.0578792456723628,6,-0.0577712526058569,0.057987223068873,0,,,
gucci,2023-11-13,3.854429526661818e-07,0.9999861568212508,1.3447374527686408e-05,2,-1.3061931575020225e-05,1.3843178749084473e-05,0,,,
gucci,2023-11-20,5.7730478175699325e-08,0.999994158744812,5.833761861140374e-06,1,-5.776031382964675e-06,5.841255187988281e-06,0,,,
gucci,2023-11-27,1.537792854833242e-06,0.9999685287475586,2.996476905536838e-05,1,-2.8426976200535137e-05,3.147125244140625e-05,0,,,
gucci,2023-12-04,1.719163126381318e-05,0.9990215301513672,0.0009612618509891,5,-0.0009440702197252,0.0009784698486328,0,,,
gucci,2023-12-11,2.859703224089571e-05,0.9978168408075968,0.0021545104502062,3,-0.0021259134179653,0.0021831591924031,0,,,
gucci,2023-12-18,3.8378973830077714e-07,0.9999756217002868,2.398202944959849e-05,5,-2.359823971129771e-05,2.437829971313477e-05,0,,,
gucci,2024-01-01,2.4785099412838463e-06,0.999962329864502,3.523018312989734e-05,2,-3.2751673188613495e-05,3.7670135498046875e-05,0,,,
gucci,2024-01-08,0.1285598416925495,0.7708558338599687,0.1005843545960942,4,0.0279754870964552,0.2291441661400313,0,,,
gucci,2024-01-15,0.0190476981135889,0.9681899110476176,0.0127624136724421,3,0.0062852844411468,0.0318100889523824,0,,,
gucci,2024-01-22,7.579997355833257e-05,0.9977336327234904,0.0021906075353399,3,-0.0021148075617816,0.0022663672765096,0,,,
gucci,2024-09-02,,,,0,,,1,0.1037528624378865,0.6931471805599453,0.0
heineken,2022-12-26,2.6958394627740745e-08,0.9999954700469972,4.478318260225933e-06,1,-4.451359865598192e-06,4.5299530029296875e-06,0,,,
heineken,2023-02-06,0.3053078259863457,0.694680872062842,1.130852300927169e-05,1,0.3052965174633364,0.305319127937158,0,,,
heineken,2023-02-27,0.0001837693294959,0.0135728642990216,0.9862433895468712,2,-0.9860596202173753,0.9864271357009784,0,,,
heineken,2023-07-31,0.2629595162045912,0.513919813550007,0.2231206486806074,3,0.0398388675239837,0.4860801864499929,0,,,
heineken,2023-08-21,0.1350471934910361,0.5811874761046576,0.2837653234481487,1,-0.1487181299571125,0.4188125238953424,0,,,
heineken,2023-09-18,4.483128179799678e-07,0.9999927282333374,6.820602266088827e-06,1,-6.372289448108859e-06,7.271766662597656e-06,0,,,
heineken,2023-12-18,0.0004146906786483,0.8648322224617004,0.1347530631597162,2,-0.1343383724810678,0.1351677775382995,0,,,
heineken,2024-01-01,4.5159101347280746e-08,0.9999985694885254,1.3813447594657191e-06,1,-1.3361856581184384e-06,1.430511474609375e-06,0,,,
henessy,2023-01-09,0.248718866539137,0.7500653474141843,0.0012157993135175,1,0.2475030672256195,0.2499346525858157,0,,,
henessy,2023-01-23,0.0961608646937204,0.8829363503619314,0.0209027833007788,2,0.0752580813929415,0.1170636496380685,0,,,
henessy,2023-01-30,0.143876226304996,0.7455607052302016,0.1105630745542029,3,0.0333131517507931,0.2544392947697984,0,,,
henessy,2023-03-20,0.0867403243667047,0.8482049503965499,0.0650547325186377,3,0.021685591848067,0.1517950496034501,0,,,
henessy,2023-04-03,0.0811438384857496,0.764457062024087,0.1543990949571654,3,-0.0732552564714157,0.2355429379759129,0,,,
henessy,2023-04-10,0.1035993917944999,0.7818796996121818,0.1145209123882537,1,-0.0109215205937538,0.2181203003878181,0,,,
henessy,2023-04-17,0.185419633578009,0.7237701438860692,0.0908102181746002,4,0.0946094154034088,0.2762298561139308,0,,,
henessy,2023-04-24,0.0175810722655663,0.8678803345032229,0.1145385911086332,3,-0.0969575188430669,0.1321196654967771,0,,,
henessy,2023-05-15,0.081478065019279,0.751875381575621,0.1666465565143435,3,-0.0851684914950644,0.248124618424379,0,,,
henessy,2023-05-29,0.0307875588467485,0.9572370639107248,0.0119753740451471,2,0.0188121848016014,0.0427629360892751,0,,,
henessy,2023-06-12,0.0718798119817571,0.8432616731312075,0.0848585201515104,1,-0.0129787081697532,0.1567383268687925,0,,,
henessy,2023-06-19,0.0193364884225424,0.8265882480844731,0.154075263762071,2,-0.1347387753395285,0.1734117519155269,0,,,
henessy,2023-07-17,0.1993496173681352,0.6298610369612527,0.1707893414981438,1,0.0285602758699914,0.3701389630387472,0,,,
henessy,2023-07-31,0.0370359123226825,0.8785659225795743,0.084398148932984,1,-0.0473622366103014,0.1214340774204256,0,,,
henessy,2023-08-07,0.3315687028092722,0.5454814774948401,0.1229498355671755,1,0.2086188672420967,0.4545185225051599,0,,,
henessy,2023-08-28,0.0010440709100458,0.996950870401719,0.0020050594411279,1,-0.0009609885310821,0.0030491295982809,0,,,
henessy,2023-09-11,0.0650970321204632,0.8232043337596239,0.1116986365740465,3,-0.0466016044535833,0.1767956662403761,0,,,
henessy,2023-09-18,0.0583162861016769,0.8942582466275424,0.0474254621286538,2,0.010890823973023,0.1057417533724576,0,,,
henessy,2023-10-02,0.0758143552420806,0.8801677408986367,0.0440179019085286,1,0.031796453333552,0.1198322591013633,0,,,
henessy,2023-10-09,0.0410518981067288,0.9392690981519656,0.0196790015531447,3,0.021372896553584,0.0607309018480343,0,,,
henessy,2023-10-16,0.0051808444303464,0.8375653511866403,0.1572538086150875,1,-0.152072964184741,0.1624346488133596,0,,,
henessy,2023-10-23,0.1176013890068063,0.8791226578876377,0.0032759420950586,1,0.1143254469117477,0.1208773421123623,0,,,
henessy,2024-01-22,0.07279870272094,0.8426602089680276,0.084541087767924,3,-0.011742385046984,0.1573397910319723,0,,,
hennessy,2024-08-05,,,,0,,,1,0.3285915827455028,0.6931471805599453,0.0
honda,2023-01-02,5.299870906583237e-07,1.3150297739628058e-07,0.9999993443489076,2,-0.9999988143618168,0.9999998684970226,0,,,
honda,2023-01-16,1.1274288112872456e-05,0.999752163887024,0.000236584221966,2,-0.0002253099338531,0.000247836112976,0,,,
honda,2023-01-23,9.989050795411458e-07,0.999990940093994,8.144763341988437e-06,1,-7.145858262447291e-06,9.059906005859377e-06,0,,,
honda,2023-01-30,0.6501689011017663,0.2595642287340946,0.0902668661277382,6,0.559902034974028,0.7404357712659053,0,,,
honda,2023-02-06,0.0725994753468869,0.4519039592895582,0.4754965723491819,7,-0.402897097002295,0.5480960407104418,0,,,
honda,2023-02-13,4.600748612422952e-05,0.7845848472934449,0.2153691054037381,4,-0.2153230979176138,0.2154151527065551,0,,,
honda,2023-02-20,9.10311044322043e-08,0.999996304512024,3.608925226217252e-06,1,-3.517894121785048e-06,3.695487976074219e-06,0,,,
honda,2023-03-13,1.98763552816672e-06,0.999855637550354,0.000142342512845,2,-0.0001403548773168,0.0001443624496459,0,,,
honda,2023-03-20,6.252274170037708e-05,0.7500533598140464,0.2498841058821881,2,-0.2498215831404877,0.2499466401859535,0,,,
honda,2023-03-27,0.1668970178317673,0.8330963984190021,6.559024058105933e-06,3,0.1668904588077092,0.1669036015809979,0,,,
honda,2023-04-03,3.7539961945347903e-06,0.8807643765371939,0.1192318627835728,4,-0.1192281087873782,0.1192356234628061,0,,,
honda,2023-04-17,0.2636376433074474,0.7295414805412292,0.006820880662417,2,0.2568167626450304,0.2704585194587707,0,,,
honda,2023-04-24,2.2070869817980565e-05,0.1302753835916519,0.8697025179862976,1,-0.8696804471164796,0.8697246164083481,0,,,
honda,2023-05-01,9.418533224447856e-07,0.9999310970306396,6.794905325335776e-05,2,-6.700719993091298e-05,6.890296936035156e-05,0,,,
honda,2023-05-08,1.978335149033228e-07,0.9999891519546508,1.0655740879883524e-05,1,-1.04579073649802e-05,1.0848045349121094e-05,0,,,
honda,2023-05-29,7.156252522122486e-06,0.9999790191650392,1.3858102647645865e-05,2,-6.701850125523379e-06,2.09808349609375e-05,0,,,
honda,2023-06-05,1.5157105735852385e-05,0.9998540878295898,0.0001307632046518,1,-0.000115606098916,0.0001459121704101,0,,,
honda,2023-06-12,0.2498384750226243,0.5129746868187794,0.2371868102591179,2,0.0126516647635064,0.4870253131812205,0,,,
honda,2023-06-26,1.7567888789926656e-05,0.9989622831344604,0.0010201295372098,1,-0.0010025616484199,0.0010377168655395,0,,,
honda,2023-07-03,0.7483594721161353,0.2509411452535914,0.0006993936115549,4,0.7476600785045804,0.7490588547464085,0,,,
honda,2023-07-24,0.3639870017209896,0.635982237578719,3.074458117187835e-05,5,0.3639562571398178,0.364017762421281,0,,,
honda,2023-07-31,0.0234435442835092,0.0038794495631009,0.9726770520210266,1,-0.9492335077375174,0.9961205504368992,0,,,
honda,2023-08-07,0.2417217263486236,0.2613993117809321,0.4968790165899072,2,-0.2551572902412835,0.7386006882190679,0,,,
honda,2023-08-14,3.209457236152957e-05,0.3341470905385601,0.6658207875370863,3,-0.6657886929647248,0.6658529094614398,0,,,
honda,2023-08-28,0.3981189403050848,0.5995926055028576,0.0022884636762682,5,0.3958304766288165,0.4004073944971423,0,,,
honda,2023-09-04,6.790880156870571e-06,0.8755860168021172,0.1244072362739743,4,-0.1244004453938174,0.1244139831978827,0,,,
honda,2023-09-11,0.0021353458504356,0.9975933006831578,0.0002713664827557,7,0.0018639793676799,0.0024066993168422,0,,,
honda,2023-09-25,6.130043402663432e-06,0.9999085664749146,8.538685506209731e-05,1,-7.925681165943388e-05,9.143352508544922e-05,0,,,
honda,2023-10-02,0.0015578175264434,0.9691178732448154,0.0293242988181911,3,-0.0277664812917477,0.0308821267551846,0,,,
honda,2023-10-16,0.0222919394150717,0.7415325911715627,0.2361754973782505,2,-0.2138835579631788,0.2584674088284373,0,,,
honda,2023-10-23,0.0916035518776554,0.7974527188764315,0.1109437265931268,9,-0.0193401747154714,0.2025472811235684,0,,,
honda,2023-10-30,0.0001146828708442,0.9996671974658966,0.0002180862375098,4,-0.0001034033666655,0.0003328025341033,0,,,
honda,2023-11-06,4.887386694463203e-06,0.9998630285263062,0.0001321189192822,1,-0.0001272315325877,0.0001369714736938,0,,,
honda,2023-11-13,0.441170673095911,0.5200585526652427,0.0387707582965841,3,0.4023999147993269,0.4799414473347573,0,,,
honda,2023-11-20,0.0018416889943182,0.9808043837547302,0.0173538886010646,1,-0.0155121996067464,0.0191956162452697,0,,,
honda,2023-11-27,0.318739067399224,0.6691854718216745,0.012075472237799,2,0.306663595161425,0.3308145281783254,0,,,
honda,2023-12-04,1.779298023999824e-05,0.9999033411343892,7.880556927375437e-05,3,-6.101258903375613e-05,9.665886561072146e-05,0,,,
honda,2023-12-11,0.0372811746051364,0.9509047791361808,0.0118140605574884,4,0.0254671140476479,0.0490952208638191,0,,,
honda,2023-12-18,0.0546311065554618,0.9101093411445618,0.0352595373988151,1,0.0193715691566467,0.0898906588554382,0,,,
honda,2024-01-01,0.5000001037357649,0.499971226393475,2.8646088326977903e-05,2,0.4999714576474379,0.500028773606525,0,,,
honda,2024-01-15,0.2684941629290733,0.6634051834383475,0.0681006887267964,1,0.2003934742022768,0.3365948165616524,0,,,
honda,2024-01-29,0.001989056043385,0.9152708500623704,0.0827401161659509,4,-0.0807510601225658,0.0847291499376297,0,,,
honda,2024-07-15,,,,0,,,3,0.0332557159600597,1.2613965446394204,0.0
honda,2024-07-22,,,,0,,,2,-0.0277138673191075,4.5016581012709285,0.0
honda,2024-07-29,,,,0,,,1,-0.1724214453415697,2.3978952727983707,0.0
honda,2024-08-05,,,,0,,,3,-0.1059525867758471,1.4769389329477711,0.0
honda,2024-08-12,,,,0,,,3,0.0176350089168598,2.1740309327233844,0.0
honda,2024-09-02,,,,0,,,1,0.0197656094915146,0.6931471805599453,0.0
honda,2024-09-09,,,,0,,,2,-0.1498443188611418,1.039720770839918,0.0
honda,2024-09-16,,,,0,,,4,0.0264376347255357,1.4357507969523706,1.0
honda,2024-12-02,,,,0,,,1,0.2047634545260734,0.6931471805599453,0.0
honda,2024-12-09,,,,0,,,3,-0.3718565185804626,4.400340991725346,0.0
honda,2024-12-23,,,,0,,,1,-0.1486173838843569,0.6931471805599453,0.0
hp,2023-02-06,5.404680905485293e-06,0.999913454055786,8.120606071315706e-05,1,-7.580137980767176e-05,8.654594421386719e-05,0,,,
hp,2023-02-27,9.095685527427122e-06,0.9999852180480956,5.760715794167481e-06,1,3.3349697332596406e-06,1.4781951904296877e-05,0,,,
hp,2023-05-08,0.0010753034148365,0.9819452166557312,0.0169795211404562,1,-0.0159042177256196,0.0180547833442688,0,,,
hp,2023-05-22,9.311854114457674e-07,0.6666433188790203,0.3333557715701924,3,-0.3333548403847809,0.3333566811209797,0,,,
hp,2023-06-05,,,,0,,,1,0.2347107798925662,1.791759469228055,0.0
hp,2023-07-03,0.4233163688023609,0.543135579675436,0.033548041999893,2,0.3897683268024678,0.456864420324564,0,,,
hp,2023-07-10,2.9012356961288788e-08,0.9999991655349731,8.593483471486252e-07,1,-8.303359901873364e-07,8.344650268554688e-07,2,-0.1518088504074342,0.6931471805599453,0.0
hp,2023-07-17,,,,0,,,1,-0.084520616676059,0.6931471805599453,0.0
hp,2023-08-28,1.55087172970525e-06,4.5663796299777466e-08,0.9999984502792358,1,-0.999996899407506,0.9999999543362036,0,,,
hp,2023-09-04,0.8731416463851929,0.1267697662115097,8.856929343892261e-05,1,0.873053077091754,0.8732302337884903,0,,,
hp,2023-09-11,3.1889449019217864e-05,0.9899455904960632,0.0100225387141108,1,-0.0099906492650916,0.0100544095039367,0,,,
hp,2023-11-13,9.574179784976876e-06,0.9999672174453736,2.320982275705319e-05,1,-1.3635642972076312e-05,3.2782554626464844e-05,0,,,
hp,2023-11-20,6.394303470121561e-06,0.9999781052271524,1.551375068705359e-05,3,-9.11944721693203e-06,2.1894772847530497e-05,0,,,
hp,2023-12-11,3.926892986783059e-06,0.9999927282333374,3.286563241999829e-06,1,6.403297447832301e-07,7.271766662597656e-06,0,,,
hp,2023-12-18,0.0004120876281348,0.9994846979777018,0.0001032532524429,1,0.0003088343756919,0.0005153020222982,0,,,
hp,2024-01-01,2.593434089703806e-07,9.327743555331836e-07,0.9999988079071044,1,-0.9999985485636956,0.9999990672256444,0,,,
hp,2024-01-08,4.8686980505863175e-05,0.9998681545257568,8.316030834976118e-05,2,-3.4473327843898005e-05,0.0001318454742431,0,,,
hp,2024-01-15,5.1705654186662287e-05,0.9981803894042968,0.0017679118318483,1,-0.0017162061776616,0.0018196105957031,0,,,
hp,2024-03-04,,,,0,,,2,0.0839903029179822,2.555993894178272,0.0
hp,2024-05-13,,,,0,,,1,-0.1311078967376318,0.6931471805599453,0.0
hp,2024-06-10,,,,0,,,2,0.292612688716872,1.629048269010741,0.0
hp,2024-07-29,,,,0,,,1,-0.0570041081997167,0.6931471805599453,0.0
hp,2024-10-07,,,,0,,,2,0.1361352189724698,0.6931471805599453,0.0
huawei,2023-01-16,0.0002067237328446,0.499790416372889,0.5000028207105061,2,-0.4997960969776613,0.500209583627111,0,,,
huawei,2023-01-23,0.0003901292220689,0.99956077337265,4.903360240859911e-05,1,0.0003410956196603,0.0004392266273498,0,,,
huawei,2023-01-30,5.223630796535872e-05,0.0612915679812431,0.938656210899353,1,-0.9386039745913876,0.9387084320187568,0,,,
huawei,2023-02-06,0.0084547151345759,0.901177853345871,0.0903674105647951,2,-0.0819126954302191,0.098822146654129,0,,,
huawei,2023-02-13,0.0006817847479396,0.6548312952363631,0.3444868984321753,3,-0.3438051136842356,0.3451687047636369,1,-0.1635061021838737,3.970291913552122,0.0
huawei,2023-02-20,0.0004027714204966,0.9458175152540208,0.0537797185068029,4,-0.0533769470863063,0.0541824847459793,0,,,
huawei,2023-02-27,2.3862770982911266e-06,1.0529456858421328e-05,0.9999870856602988,3,-0.9999846993832004,0.9999894705431416,0,,,
huawei,2023-03-06,1.0992529496434145e-05,0.9999821186065674,6.911130185471848e-06,1,4.081399310962297e-06,1.7881393432617188e-05,0,,,
huawei,2023-03-20,2.000879021579749e-06,0.9895676970481871,0.0104302652180194,2,-0.0104282643389979,0.0104323029518127,0,,,
huawei,2023-03-27,0.0130857598634702,0.6017458237061533,0.3851684407675828,1,-0.3720826809041125,0.3982541762938467,0,,,
huawei,2023-04-03,0.0002789776590557,0.2603230800596066,0.7393979583189321,4,-0.7391189806598764,0.7396769199403934,0,,,
huawei,2023-04-10,0.1239117444909538,0.1430361660411123,0.733052087958165,4,-0.6091403434672111,0.8569638339588876,0,,,
huawei,2023-04-17,1.779673038981855e-05,0.938725471496582,0.0612567390004793,3,-0.0612389422700895,0.0612745285034179,0,,,
huawei,2023-04-24,0.6439924147277623,0.0227180763811483,0.3332895160358049,2,0.3107028986919573,0.9772819236188516,0,,,
huawei,2023-05-01,0.001274451809877,0.9864977598190308,0.0122278316412121,2,-0.010953379831335,0.0135022401809692,0,,,
huawei,2023-05-08,0.003461341947234,0.3188166491963784,0.6777220009069728,4,-0.6742606589597386,0.6811833508036216,0,,,
huawei,2023-05-15,9.452908216189826e-06,0.9991950690746308,0.0007954874440656,1,-0.0007860345358494,0.0008049309253692,0,,,
huawei,2023-05-22,0.2164731117122301,0.4598848417168483,0.3236420464163529,5,-0.1071689347041228,0.5401151582831517,0,,,
huawei,2023-06-19,0.0560010905958583,0.751782153974795,0.1922167542423286,2,-0.1362156636464703,0.248217846025205,0,,,
huawei,2023-06-26,0.0014124686638865,0.7484557610860065,0.2501317632231803,4,-0.2487192945592937,0.2515442389139934,0,,,
huawei,2023-07-03,0.0008395210606977,0.5027615420985967,0.496398898991174,2,-0.4955593779304763,0.4972384579014033,0,,,
huawei,2023-07-17,5.447125658974983e-06,0.3803541362285614,0.6196404099464417,1,-0.6196349628207827,0.6196458637714386,0,,,
huawei,2023-07-24,0.0005629151249498,0.4318571289380391,0.5675799200932184,3,-0.5670170049682686,0.5681428710619609,0,,,
huawei,2023-08-07,2.1414938498054426e-05,0.969751626253128,0.0302269626595261,4,-0.0302055477210281,0.0302483737468719,0,,,
huawei,2023-08-21,0.0009713058243505,0.9725688695907592,0.0264597795903682,1,-0.0254884737660177,0.0274311304092407,0,,,
huawei,2023-09-04,0.0625952456549953,0.6900338431085402,0.2473708885949236,1,-0.1847756429399282,0.3099661568914598,0,,,
huawei,2023-09-11,0.0638807978632034,0.7986453018224127,0.1374739176356014,5,-0.073593119772398,0.2013546981775873,0,,,
huawei,2023-09-18,0.0007569759551628,0.5001183750573546,0.4991246504596347,2,-0.4983676745044718,0.4998816249426454,0,,,
huawei,2023-09-25,0.1047097017720653,0.8166107315837872,0.07867956404268,1,0.0260301377293853,0.1833892684162128,0,,,
huawei,2023-10-02,0.0469637433874052,0.529908620648914,0.4231276440087741,3,-0.3761639006213689,0.470091379351086,0,,,
huawei,2023-10-09,0.0001162797343567,0.9998496770858764,3.399319393793121e-05,1,8.22865404188633e-05,0.0001503229141235,0,,,
huawei,2023-10-16,1.3298425945625544e-05,0.9999125103155772,7.422482212859904e-05,3,-6.09263961829735e-05,8.748968442284788e-05,0,,,
huawei,2023-10-30,3.439522259895966e-05,0.2560892820811205,0.7438763315076358,2,-0.7438419362850368,0.7439107179188795,0,,,
huawei,2023-11-13,0.8850583434104919,0.1070875152945518,0.00785418972373,1,0.8772041536867619,0.8929124847054482,0,,,
huawei,2023-11-20,0.8850583434104919,0.1070875152945518,0.00785418972373,1,0.8772041536867619,0.8929124847054482,0,,,
huawei,2023-11-27,1.0523352740676728e-05,0.6660118258907459,0.333977641849924,2,-0.3339671184971834,0.3339881741092541,0,,,
huawei,2023-12-04,0.00024030688337,0.7125057820230722,0.2872539232885174,1,-0.2870136164051473,0.2874942179769277,0,,,
huawei,2023-12-18,2.6804178432371373e-05,0.5017729597166181,0.4982002153483336,2,-0.4981734111699012,0.4982270402833819,0,,,
huawei,2023-12-25,0.9996589422225952,0.0003099958703387,3.1149913411354646e-05,1,0.999627792309184,0.9996900041296612,0,,,
huawei,2024-01-01,0.367568701505661,0.6152578592300415,0.0171734485775232,1,0.3503952529281378,0.3847421407699585,0,,,
huawei,2024-01-08,0.0017022561995531,0.5982507056964096,0.4000470318354814,5,-0.3983447756359283,0.4017492943035904,0,,,
huawei,2024-01-15,0.5004489407510846,0.1853044087965827,0.3142466557029151,2,0.1862022850481694,0.8146955912034173,0,,,
huawei,2024-01-22,0.0001589637395227,0.8410550355911255,0.1587860882282257,1,-0.1586271244887029,0.1589449644088745,0,,,
huawei,2024-09-16,,,,0,,,1,-0.1004272795031226,0.6931471805599453,0.0
huawei,2024-11-11,,,,0,,,1,-0.0230420848711219,5.8522024797744745,0.0
hyundai,2022-12-26,5.020068329031346e-06,0.9968038499355316,0.0031910930410958,1,-0.0031860729727668,0.0031961500644683,0,,,
hyundai,2023-01-02,0.1108013808134252,0.885401413017125,0.0037972045225042,9,0.107004176290921,0.1145985869828749,0,,,
hyundai,2023-01-09,0.0004250547415303,0.9987557530403136,0.000819207654672,4,-0.0003941529131417,0.0012442469596862,0,,,
hyundai,2023-01-23,0.0012686881818808,0.0002952818176709,0.9984360635280608,2,-0.99716737534618,0.9997047181823292,0,,,
hyundai,2023-01-30,0.8327830399527253,0.1672073275370083,9.64773412104325e-06,6,0.8327733922186042,0.8327926724629917,0,,,
hyundai,2023-02-06,0.0001168858408894,0.9152173728172291,0.084665760001665,4,-0.0845488741607756,0.0847826271827708,0,,,
hyundai,2023-02-13,7.847729692084865e-05,0.7750827850035321,0.2248387275855697,3,-0.2247602502886489,0.2249172149964678,0,,,
hyundai,2023-02-20,0.0001657246951367,0.9930658340454102,0.0067684763683549,3,-0.0066027516732181,0.0069341659545898,0,,,
hyundai,2023-02-27,4.231877028360031e-05,0.9455224275588988,0.0544352680444717,1,-0.0543929492741881,0.054477572441101,0,,,
hyundai,2023-03-06,0.0003565732866921,0.7347117613483958,0.2649316999295842,5,-0.2645751266428921,0.2652882386516042,0,,,
hyundai,2023-03-13,3.2262378226732835e-05,0.9999516010284424,1.610136496310588e-05,1,1.6161013263626955e-05,4.839897155761719e-05,0,,,
hyundai,2023-03-20,0.0002133858416439,0.9949242273966472,0.0048623734575004,3,-0.0046489876158564,0.0050757726033529,0,,,
hyundai,2023-03-27,1.1997432011412457e-05,0.987073520819346,0.0129144920127449,1,-0.0129024945807335,0.0129264791806539,0,,,
hyundai,2023-04-03,0.002763923915495,0.996893604596456,0.0003425195112261,3,0.0024214044042688,0.003106395403544,0,,,
hyundai,2023-04-10,0.04372729722335,0.9541104912757874,0.0021622323904011,5,0.0415650648329489,0.0458895087242126,0,,,
hyundai,2023-04-17,0.1036618378502467,0.566560869463197,0.3297773052372484,2,-0.2261154673870017,0.433439130536803,0,,,
hyundai,2023-04-24,0.0632241492642862,0.6761474911351539,0.2606283989229802,2,-0.1974042496586939,0.323852508864846,0,,,
hyundai,2023-05-01,1.5415701000165427e-06,0.9999736547470092,2.4774151825113225e-05,1,-2.323258172509668e-05,2.6345252990722656e-05,0,,,
hyundai,2023-05-08,0.3680819077417254,0.3386007398366928,0.2933173709216135,2,0.0747645368201119,0.6613992601633072,0,,,
hyundai,2023-05-15,1.6859762581589166e-05,0.9999462366104126,3.693440279069667e-05,3,-2.0074640209107507e-05,5.3763389587402344e-05,0,,,
hyundai,2023-05-22,0.0721572421635445,0.9277201763886428,0.0001225872458162,2,0.0720346549177282,0.0722798236113573,0,,,
hyundai,2023-06-05,1.5830342636746766e-07,0.9999900460243224,9.793964494519967e-06,2,-9.6356610681525e-06,9.953975677490234e-06,0,,,
hyundai,2023-06-19,1.325176413047302e-07,0.9999996423721312,1.8588939099117854e-07,1,-5.337174968644832e-08,3.576278686523438e-07,0,,,
hyundai,2023-06-26,1.421418858171819e-07,0.9999954700469972,4.395143605506746e-06,1,-4.253001719689564e-06,4.5299530029296875e-06,0,,,
hyundai,2023-07-03,0.5524903424010518,0.4472324817088534,0.0002771827140215,5,0.5522131596870302,0.5527675182911466,0,,,
hyundai,2023-07-17,0.6177673488855362,0.0207615095205255,0.3614711221536026,2,0.2562962267319335,0.9792384904794744,0,,,
hyundai,2023-07-24,0.2000585758523811,0.7999092606914928,3.2215677867952765e-05,5,0.2000263601745132,0.2000907393085071,0,,,
hyundai,2023-08-07,1.0384794222773053e-05,0.999956488609314,3.3150692615890875e-05,2,-2.2765898393117823e-05,4.351139068603515e-05,0,,,
hyundai,2023-08-14,5.962765953881899e-06,0.9999825954437256,1.1414849723223597e-05,1,-5.452083769341698e-06,1.7404556274414062e-05,0,,,
hyundai,2023-08-21,0.2606210977687119,0.6655268931865268,0.0738519948866572,1,0.1867691028820546,0.3344731068134732,0,,,
hyundai,2023-08-28,0.2565646309453344,0.6694376969405174,0.0739976763604336,5,0.1825669545849007,0.3305623030594826,0,,,
hyundai,2023-09-04,1.2274497152020558e-07,0.9999953508377076,4.513915769166488e-06,2,-4.391170797646282e-06,4.649162292480469e-06,0,,,
hyundai,2023-09-11,0.9999998211860656,1.8571294263525218e-07,4.8371450733775134e-09,2,0.9999998163489204,0.9999998142870574,0,,,
hyundai,2023-09-25,4.1449117392270786e-05,0.6888676022111515,0.3110909630717856,2,-0.3110495139543933,0.3111323977888485,0,,,
hyundai,2023-10-02,0.0017426842783676,0.9418451653586494,0.0564121569534184,3,-0.0546694726750508,0.0581548346413506,0,,,
hyundai,2023-10-09,1.2268683349248022e-06,0.9999829530715942,1.5828092728042975e-05,1,-1.4601224393118171e-05,1.704692840576172e-05,0,,,
hyundai,2023-10-16,7.14506995791453e-08,1.7238899374660835e-07,0.9999997615814208,1,-0.9999996901307212,0.9999998276110064,0,,,
hyundai,2023-10-23,0.0652206462120318,0.8361590752378106,0.0986202795088123,5,-0.0333996332967804,0.1638409247621893,0,,,
hyundai,2023-10-30,0.6666270340156188,0.3332453612935448,0.0001276092583566,3,0.6664994247572622,0.6667546387064551,0,,,
hyundai,2023-11-06,0.2341111319182781,0.7297987793002634,0.0360900749194427,5,0.1980210569988353,0.2702012206997366,0,,,
hyundai,2023-11-13,0.4423588901991024,0.5188850762871198,0.0387560169403927,3,0.4036028732587097,0.4811149237128802,0,,,
hyundai,2023-11-20,0.9997867941856384,0.0002131007640855,1.1131179178391905e-07,1,0.9997866828738466,0.9997868992359144,0,,,
hyundai,2023-11-27,0.5115426878103608,0.4843290327893146,0.0041282856340323,5,0.5074144021763285,0.5156709672106854,0,,,
hyundai,2023-12-11,0.1449309877582815,0.3556062511883415,0.499462785549724,4,-0.3545317977914425,0.6443937488116585,0,,,
hyundai,2023-12-18,0.3033172709952326,0.6965307606580785,0.0001519817442131,3,0.3031652892510195,0.3034692393419215,0,,,
hyundai,2024-01-01,0.2500030423310355,0.249993361099281,0.5000036290021667,4,-0.2500005866711311,0.750006638900719,0,,,
hyundai,2024-01-15,0.4513684570984329,0.4999634242269621,0.0486681646039457,1,0.4027002924944871,0.5000365757730378,0,,,
hyundai,2024-01-22,0.1193695366382598,0.2425003051757812,0.6381301879882812,1,-0.5187606513500214,0.7574996948242188,0,,,
hyundai,2024-09-16,,,,0,,,1,-0.0557501975156355,0.6931471805599453,0.0
hyundai,2024-10-21,,,,0,,,2,-0.0573405417198955,0.6931471805599453,1.0
ibm,2022-12-26,0.0583573775192737,0.7877417622866909,0.1539008541845302,1,-0.0955434766652565,0.2122582377133091,0,,,
ibm,2023-01-02,0.0408801994836047,0.8658270267157846,0.0932927717670506,10,-0.0524125722834459,0.1341729732842154,0,,,
ibm,2023-01-09,0.1093390415834978,0.7245503451651755,0.1661106096156551,4,-0.0567715680321573,0.2754496548348245,0,,,
ibm,2023-01-16,0.0001768444060683,0.999791572491328,3.153539110674804e-05,2,0.0001453090149616,0.000208427508672,0,,,
ibm,2023-01-23,0.2400898574976504,0.5346860750502075,0.2252240413231314,4,0.0148658161745189,0.4653139249497925,0,,,
ibm,2023-01-30,0.1556524885774714,0.5368011194710062,0.3075463856401624,10,-0.151893897062691,0.4631988805289938,0,,,
ibm,2023-02-06,0.0563089810766674,0.8470097369991209,0.0966812877289242,12,-0.0403723066522567,0.1529902630008791,0,,,
ibm,2023-02-13,0.1360971089908755,0.7978779869626131,0.0660249007529681,5,0.0700722082379073,0.2021220130373868,0,,,
ibm,2023-02-20,0.0566173188446547,0.7085537459029931,0.234828966419018,5,-0.1782116475743632,0.2914462540970068,0,,,
ibm,2023-02-27,0.017682371077429,0.8450355644404217,0.1372820934670394,6,-0.1195997223896104,0.1549644355595782,0,,,
ibm,2023-03-06,0.0240788516900269,0.8187011201335298,0.1572200279936526,7,-0.1331411763036256,0.1812988798664702,0,,,
ibm,2023-03-13,0.0450042335898808,0.922358397739276,0.0326373361341728,3,0.0123668974557079,0.0776416022607241,0,,,
ibm,2023-03-20,0.0755881213623012,0.8097852272240026,0.114626650971212,3,-0.0390385296089108,0.1902147727759974,0,,,
ibm,2023-03-27,0.0270199569077871,0.9341670037819706,0.0388130229289802,3,-0.011793066021193,0.0658329962180294,0,,,
ibm,2023-04-03,0.127577377098567,0.5746977152110256,0.2977249037760821,3,-0.1701475266775151,0.4253022847889743,0,,,
ibm,2023-04-10,0.0867194652602425,0.7568220859835959,0.1564584470126122,5,-0.0697389817523696,0.2431779140164041,1,0.0632535195509262,2.6390573296152584,0.0
ibm,2023-04-17,0.0535326844945569,0.8963558167727071,0.050111525663997,4,0.0034211588305598,0.1036441832272928,0,,,
ibm,2023-04-24,0.0219682181651195,0.943507703968742,0.0345240276659943,4,-0.0125558095008747,0.056492296031258,0,,,
ibm,2023-05-01,0.4397764721248256,0.4956979794916529,0.0645255361394818,3,0.3752509359853438,0.504302020508347,0,,,
ibm,2023-05-08,0.0735558472877762,0.8735860367027597,0.0528581206952136,4,0.0206977265925626,0.1264139632972403,0,,,
ibm,2023-05-15,0.0556205997196049,0.9127519752729154,0.0316274309795168,8,0.0239931687400881,0.0872480247270846,0,,,
ibm,2023-05-22,0.0350839647511439,0.9219578474268644,0.0429581632886714,6,-0.0078741985375274,0.0780421525731355,0,,,
ibm,2023-06-05,0.0330369298069169,0.5914605791609057,0.3755024708179489,3,-0.342465541011032,0.4085394208390943,0,,,
ibm,2023-06-12,5.5098386024354795e-05,0.9997987598180772,0.0001461411241052,4,-9.104273808091534e-05,0.0002012401819229,0,,,
ibm,2023-06-19,0.0966673475031707,0.8570250193036323,0.0463076125403676,3,0.050359734962803,0.1429749806963677,0,,,
ibm,2023-06-26,0.0328164761431739,0.8743065824868381,0.0928769505540224,3,-0.0600604744108485,0.1256934175131618,0,,,
ibm,2023-07-03,0.1696775161214778,0.7079147293781622,0.122407755813154,7,0.0472697603083237,0.2920852706218377,0,,,
ibm,2023-07-17,0.0820646722247788,0.679056789141418,0.2388785291951317,2,-0.1568138569703529,0.320943210858582,0,,,
ibm,2023-07-24,0.0983138442196669,0.7980465447243432,0.1036396193964604,6,-0.0053257751767935,0.2019534552756567,0,,,
ibm,2023-07-31,2.826744669448545e-07,0.9999673366546632,3.235879796648078e-05,2,-3.2076123499535925e-05,3.266334533691406e-05,0,,,
ibm,2023-08-07,0.0512475659685016,0.8648989143405705,0.0838535222092837,3,-0.0326059562407821,0.1351010856594294,0,,,
ibm,2023-08-14,0.1749119910706935,0.7279034692892481,0.0971845337634643,1,0.0777274573072292,0.2720965307107519,0,,,
ibm,2023-08-21,0.2378597267799569,0.7283974148278537,0.033742853357419,7,0.2041168734225379,0.2716025851721463,0,,,
ibm,2023-08-28,0.0541408424906584,0.846672053259372,0.0991871186897928,8,-0.0450462761991343,0.153327946740628,0,,,
ibm,2023-09-04,0.0109069191641596,0.8319861025931149,0.1571069927654275,4,-0.1462000736012679,0.1680138974068851,2,-0.0339000976400711,0.6931471805599453,0.0
ibm,2023-09-11,0.2341930460441932,0.6256130262636841,0.1401939473287165,3,0.0939990987154766,0.3743869737363159,0,,,
ibm,2023-09-18,0.2979130628973507,0.6300496945671815,0.0720372808088238,1,0.2258757820885269,0.3699503054328185,0,,,
ibm,2023-09-25,0.0703333748292357,0.8468087602403793,0.08285787863483,6,-0.0125245038055942,0.1531912397596206,0,,,
ibm,2023-10-02,0.1676508083799788,0.6321896150150542,0.2001595727607641,3,-0.0325087643807852,0.3678103849849458,0,,,
ibm,2023-10-09,0.0811561788769287,0.8358121226449892,0.0830316499466554,2,-0.0018754710697267,0.1641878773550108,0,,,
ibm,2023-10-16,0.3895395859960917,0.4833625725794443,0.1270978444812902,3,0.2624417415148015,0.5166374274205556,0,,,
ibm,2023-10-23,0.1829042512341913,0.7204634269223807,0.096632314340795,8,0.0862719368933963,0.2795365730776192,0,,,
ibm,2023-10-30,0.2042131232414927,0.7216211492129107,0.0741657237895527,4,0.13004739945194,0.2783788507870893,0,,,
ibm,2023-11-06,0.120496362969702,0.7932715868887266,0.0862320505299202,8,0.0342643124397818,0.2067284131112734,0,,,
ibm,2023-11-13,0.0450083618551725,0.8716153620247854,0.0833763013678242,7,-0.0383679395126516,0.1283846379752146,0,,,
ibm,2023-11-20,0.0505661099843312,0.7997105418800908,0.1497233480812057,7,-0.0991572380968744,0.2002894581199091,0,,,
ibm,2023-11-27,0.0969710032386528,0.6841659772504255,0.2188630052966137,9,-0.1218920020579608,0.3158340227495745,0,,,
ibm,2023-12-04,1.0175929332945088e-05,0.6664895263093058,0.3335002823273498,3,-0.3334901063980169,0.3335104736906942,0,,,
ibm,2023-12-11,0.0875922187826902,0.7632818010246929,0.1491259839569648,6,-0.0615337651742746,0.2367181989753071,0,,,
ibm,2023-12-18,0.0430810301534026,0.8830746426399609,0.0738443507612324,6,-0.0307633206078297,0.116925357360039,0,,,
ibm,2023-12-25,0.0344996588675513,0.8133919872646138,0.1521083541301719,4,-0.1176086952626206,0.1866080127353862,0,,,
ibm,2024-01-01,0.1878957250808104,0.618882005539906,0.1932222681900349,4,-0.0053265431092244,0.381117994460094,0,,,
ibm,2024-01-15,0.1682254427215837,0.7313224153799701,0.1004521480964676,1,0.0677732946251161,0.2686775846200299,0,,,
ibm,2024-01-22,0.2494458915901182,0.6833023963468459,0.0672517130389473,6,0.1821941785511708,0.3166976036531541,0,,,
ibm,2024-01-29,1.5870770084802643e-06,0.9994776844978333,0.0005207593203522,1,-0.0005191722433437,0.0005223155021667,0,,,
ibm,2024-05-27,,,,0,,,2,0.5364892593352124,5.004554017199907,0.0
ikea,2023-08-21,,,,0,,,1,-0.3247961020464345,0.6931471805599453,0.0
ikea,2023-08-28,,,,0,,,1,-0.3247961020464345,0.6931471805599453,0.0
ikea,2024-06-10,,,,0,,,2,-0.0412250443405355,1.629048269010741,0.0
ikea,2024-08-26,,,,0,,,2,-0.1667487114427785,1.9756218592907135,0.0
ikea,2024-09-16,,,,0,,,1,0.5786375366151333,0.6931471805599453,0.0
ikea,2024-12-23,,,,0,,,1,-0.077483578120109,2.772588722239781,0.0
instagram,2022-12-26,0.3332799569090525,0.6664592918532435,0.0002607410205731,3,0.3330192158884794,0.3335407081467565,0,,,
instagram,2023-01-02,0.0451215901529842,0.878454740112598,0.0764236693094094,42,-0.0313020791564251,0.1215452598874019,0,,,
instagram,2023-01-09,0.0493085548475426,0.923112662449282,0.0275787822005123,26,0.0217297726470302,0.0768873375507178,0,,,
instagram,2023-01-16,0.0537317747583367,0.8721415617765915,0.0741266571326966,29,-0.0203948823743599,0.1278584382234084,0,,,
instagram,2023-01-23,0.0509702639375837,0.9028895070748932,0.0461402312902136,22,0.0048300326473701,0.0971104929251066,1,0.184959797290162,1.6094379124341005,0.0
instagram,2023-01-30,0.0853832153337907,0.7989496473452979,0.1156671405884222,28,-0.0302839252546314,0.201050352654702,1,0.0644428474097367,3.1780538303479458,0.0
instagram,2023-02-06,0.0242746735486648,0.9249922184832702,0.050733098403661,28,-0.0264584248549961,0.0750077815167298,0,,,
instagram,2023-02-13,0.0527416840131187,0.8156931397762904,0.131565182554418,24,-0.0788234985412993,0.1843068602237095,0,,,
instagram,2023-02-20,0.009937922312851,0.9732857978657672,0.0167762689160022,19,-0.0068383466031512,0.0267142021342328,0,,,
instagram,2023-02-27,0.0072929614040244,0.9732478163170596,0.0194592353758655,27,-0.0121662739718411,0.0267521836829405,0,,,
instagram,2023-03-06,0.0218654435353476,0.8768684569960882,0.1012661054563416,24,-0.079400661920994,0.1231315430039118,1,0.1284636031280115,1.791759469228055,0.0
instagram,2023-03-13,0.0089979062903912,0.9001907300003108,0.0908113694354894,29,-0.0818134631450981,0.0998092699996892,0,,,
instagram,2023-03-20,0.0726814097438101,0.9085653179635604,0.018753266997579,30,0.0539281427462311,0.0914346820364395,1,0.1240162513745417,3.1780538303479458,0.0
instagram,2023-03-27,0.0501623513325711,0.807635555304036,0.1422020924119764,14,-0.0920397410794053,0.192364444695964,0,,,
instagram,2023-04-03,0.0146206560465389,0.9241025236249726,0.0612768309806983,19,-0.0466561749341594,0.0758974763750274,0,,,
instagram,2023-04-10,0.0395696015980709,0.8306528612258844,0.1297775353941138,25,-0.0902079337960428,0.1693471387741155,0,,,
instagram,2023-04-17,0.0608108174985202,0.8514558283444041,0.08773336432903,22,-0.0269225468305098,0.1485441716555958,0,,,
instagram,2023-04-24,0.1046387984633277,0.8041023423479436,0.0912588637081473,22,0.0133799347551804,0.1958976576520563,0,,,
instagram,2023-05-01,0.0290707742596312,0.9112411719674312,0.0596880546397411,33,-0.0306172803801098,0.0887588280325687,0,,,
instagram,2023-05-08,0.0734447872789793,0.890030065006673,0.0365251353404439,17,0.0369196519385354,0.1099699349933269,1,-0.1343254568510019,3.5553480614894135,0.0
instagram,2023-05-15,0.0534558754055195,0.8290203264124284,0.117523797688442,29,-0.0640679222829225,0.1709796735875716,0,,,
instagram,2023-05-22,0.000109670267158,0.9690889817533046,0.030801356624074,23,-0.030691686356916,0.0309110182466954,0,,,
instagram,2023-05-29,0.063460547483839,0.8659371596804704,0.070602286806961,16,-0.007141739323122,0.1340628403195296,0,,,
instagram,2023-06-05,0.0415386516015138,0.9039810328753708,0.0544803251246329,27,-0.0129416735231191,0.0960189671246293,1,0.2702000312365271,2.302585092994046,0.0
instagram,2023-06-12,0.0494282063987735,0.7359701297023086,0.2146016588150851,29,-0.1651734524163115,0.2640298702976914,0,,,
instagram,2023-06-19,0.0485444972946189,0.7903752266524436,0.1610802733400692,25,-0.1125357760454502,0.2096247733475563,0,,,
instagram,2023-06-26,0.0852922220096498,0.809852941600477,0.1048548474767535,21,-0.0195626254671037,0.1901470583995229,0,,,
instagram,2023-07-03,0.0701677380398934,0.853990659386854,0.075841605358225,35,-0.0056738673183316,0.1460093406131459,0,,,
instagram,2023-07-10,0.0598228290791698,0.8811630253049096,0.0590141569350055,27,0.0008086721441642,0.1188369746950903,0,,,
instagram,2023-07-17,0.0135232212124326,0.8887019032781521,0.0977748772179438,26,-0.0842516560055111,0.1112980967218478,0,,,
instagram,2023-07-24,0.1272167766044259,0.8143977276776476,0.0583854975276791,26,0.0688312790767468,0.1856022723223523,0,,,
instagram,2023-07-31,0.0268914158286312,0.9083978580466684,0.0647107267740352,26,-0.037819310945404,0.0916021419533315,0,,,
instagram,2023-08-07,0.0060935690848049,0.8907464097185724,0.1031600141360512,24,-0.0970664450512462,0.1092535902814275,3,-0.2587109605192381,1.3647815207407,0.0
instagram,2023-08-14,0.0541713630557387,0.8586494331066142,0.0871791948015712,24,-0.0330078317458325,0.1413505668933857,0,,,
instagram,2023-08-21,0.049040137019099,0.9048412977196492,0.0461185745294798,26,0.0029215624896191,0.0951587022803508,0,,,
instagram,2023-08-28,0.0143720938433009,0.95925060337379,0.0263773116632485,23,-0.0120052178199476,0.04074939662621,0,,,
instagram,2023-09-04,0.1090762611059784,0.8333316907770695,0.0575920508133843,18,0.0514842102925941,0.1666683092229305,0,,,
instagram,2023-09-11,0.0286184591870661,0.8460039158313729,0.1253776272390222,21,-0.096759168051956,0.1539960841686271,0,,,
instagram,2023-09-18,0.0408693655828,0.8888106986648991,0.0703199411291943,21,-0.0294505755463942,0.1111893013351008,0,,,
instagram,2023-09-25,0.0812683766082058,0.837272925439023,0.0814587064502468,28,-0.0001903298420409,0.162727074560977,0,,,
instagram,2023-10-02,0.0754378827324709,0.8382549688481449,0.0863071504259345,19,-0.0108692676934636,0.1617450311518551,0,,,
instagram,2023-10-09,0.0094920128341371,0.9132764488209748,0.077231533920862,42,-0.0677395210867249,0.086723551179025,0,,,
instagram,2023-10-16,0.0702240578673146,0.7889489770198287,0.1408269560534457,36,-0.0706028981861311,0.2110510229801713,0,,,
instagram,2023-10-23,0.0576325908887397,0.7938732602684401,0.1484941515614602,38,-0.0908615606727204,0.2061267397315599,1,-0.1061212610511574,0.6931471805599453,0.0
instagram,2023-10-30,0.0491633976165867,0.910710735179773,0.0401258608336079,46,0.0090375367829787,0.089289264820227,0,,,
instagram,2023-11-06,0.0483945238498071,0.8619638460978531,0.0896416255131856,41,-0.0412471016633784,0.1380361539021468,0,,,
instagram,2023-11-13,0.005557486520615,0.8836454045617688,0.110797115271034,42,-0.105239628750419,0.1163545954382312,3,-0.0984524884178341,3.1407402436705603,0.0
instagram,2023-11-20,0.0696563089691909,0.8745652196086467,0.0557784622899167,33,0.0138778466792742,0.1254347803913532,0,,,
instagram,2023-11-27,0.0055506293201802,0.9344196964947638,0.0600296858028867,27,-0.0544790564827065,0.0655803035052362,0,,,
instagram,2023-12-04,0.0598892030629773,0.8834262994306805,0.0566845023360677,27,0.0032047007269096,0.1165737005693194,0,,,
instagram,2023-12-11,0.0060338801581428,0.9324868579146584,0.0614792712892841,19,-0.0554453911311413,0.0675131420853416,0,,,
instagram,2023-12-18,0.0627554951856074,0.8570442987020734,0.080200210303901,34,-0.0174447151182935,0.1429557012979265,0,,,
instagram,2023-12-25,0.0902098578336502,0.9070630111893864,0.0027271280319738,33,0.0874827298016763,0.0929369888106135,1,-0.0220045159983328,0.6931471805599453,0.0
instagram,2024-01-01,0.0214263978890273,0.9595440679405186,0.0190295345547602,29,0.0023968633342671,0.0404559320594813,0,,,
instagram,2024-01-08,0.0539555493257973,0.865028952272976,0.081015496155772,32,-0.0270599468299746,0.1349710477270239,0,,,
instagram,2024-01-15,0.040303086771795,0.9227302991052266,0.0369666313001752,28,0.0033364554716198,0.0772697008947733,2,-0.1021102177585362,1.3862943611198906,0.0
instagram,2024-01-22,0.106377398337233,0.8622280761406946,0.0313945263067867,34,0.0749828720304463,0.1377719238593053,0,,,
instagram,2024-01-29,0.1131244649372633,0.7903841928610745,0.0964913413370535,20,0.0166331236002097,0.2096158071389254,0,,,
instagram,2024-02-12,,,,0,,,3,-0.055878062027953,1.2613965446394204,0.0
instagram,2024-02-26,,,,0,,,2,-0.1626999434719209,1.151292546497023,0.0
instagram,2024-03-04,,,,0,,,1,-0.1849695792770944,3.4339872044851463,0.0
instagram,2024-03-11,,,,0,,,2,-0.0763451507334593,4.252964999568763,0.0
instagram,2024-03-18,,,,0,,,2,-0.065785673067694,1.545521226679158,0.0
instagram,2024-03-25,,,,0,,,1,-0.0621241324661241,0.6931471805599453,0.0
instagram,2024-04-01,,,,0,,,1,-0.0237888091782494,0.6931471805599453,0.0
instagram,2024-04-08,,,,0,,,1,-0.1181283360824068,2.70805020110221,0.0
instagram,2024-04-22,,,,0,,,1,-0.0193832381824563,0.6931471805599453,0.0
instagram,2024-05-06,,,,0,,,2,-0.7524379558963119,1.7005986908310775,0.0
instagram,2024-05-13,,,,0,,,1,-0.2953949512850613,2.4849066497880004,0.0
instagram,2024-05-20,,,,0,,,2,-0.0755329455678293,4.021831676196972,0.0
instagram,2024-05-27,,,,0,,,2,-0.076711610120725,1.039720770839918,0.0
instagram,2024-06-10,,,,0,,,1,-0.3233690902065405,0.6931471805599453,0.0
instagram,2024-06-17,,,,0,,,2,-0.031489676250203,1.666102255087602,0.0
instagram,2024-07-01,,,,0,,,2,0.0223713545401551,1.039720770839918,0.0
instagram,2024-07-08,,,,0,,,1,-0.1060926838090381,0.6931471805599453,0.0
instagram,2024-07-15,,,,0,,,4,0.0982250685639769,1.2687934538084569,0.0
instagram,2024-07-22,,,,0,,,9,-0.0256030687959152,2.483908103988056,1.0
instagram,2024-07-29,,,,0,,,2,0.1204077973370658,2.282174095733918,0.0
instagram,2024-08-05,,,,0,,,1,0.0823184804685297,0.6931471805599453,0.0
instagram,2024-08-12,,,,0,,,3,0.010269538940431,1.155245300933242,0.0
instagram,2024-08-19,,,,0,,,4,0.0580362533112008,1.7167333211154705,0.0
instagram,2024-09-02,,,,0,,,10,0.0646939799452051,1.7181350984537231,1.0
instagram,2024-09-09,,,,0,,,1,-0.3631593715399503,0.6931471805599453,0.0
instagram,2024-09-16,,,,0,,,2,0.069959613197664,2.433767225227791,0.0
instagram,2024-09-23,,,,0,,,4,-0.0490203683442871,1.4292569253515557,0.0
instagram,2024-10-07,,,,0,,,3,-0.031510474806718,2.5309567626149394,0.0
instagram,2024-10-14,,,,0,,,8,0.0235675512838895,0.9678002527269728,1.0
instagram,2024-10-28,,,,0,,,5,-0.0168749607261332,1.1982929094215966,1.0
instagram,2024-11-04,,,,0,,,1,0.0407099843623868,0.6931471805599453,0.0
instagram,2024-11-11,,,,0,,,1,-0.162467577398786,2.70805020110221,0.0
instagram,2024-11-18,,,,0,,,3,0.1096435650740232,0.6931471805599453,0.0
instagram,2024-11-25,,,,0,,,2,-0.1836009636744302,1.039720770839918,0.0
instagram,2024-12-02,,,,0,,,2,0.1337012656697425,1.039720770839918,0.0
instagram,2024-12-09,,,,0,,,1,0.0327558311473694,0.6931471805599453,0.0
instagram,2024-12-16,,,,0,,,3,0.0262468382014008,1.3647815207407,0.0
instagram,2024-12-23,,,,0,,,1,-0.3486810939419911,0.6931471805599453,0.0
intel,2022-12-26,0.0001594504718894,0.9998066499829292,3.3899355514677154e-05,2,0.0001255511163748,0.0001933500170707,0,,,
intel,2023-01-02,0.0001596641952902,0.9997832551598548,5.708773119295074e-05,2,0.0001025764640972,0.0002167448401451,0,,,
intel,2023-01-09,0.1425640574018695,0.676485917333618,0.1809500084849933,3,-0.0383859510831237,0.323514082666382,0,,,
intel,2023-01-23,0.3341244629894693,0.6622873909022738,0.0035881609179,3,0.3305363020715693,0.3377126090977261,0,,,
intel,2023-01-30,4.1972432545852225e-06,0.9995515379640793,0.0004442720115602,2,-0.0004400747683056,0.0004484620359208,0,,,
intel,2023-02-06,0.1106248099344308,0.8867195507304536,0.0026556325970356,9,0.1079691773373952,0.1132804492695463,0,,,
intel,2023-02-20,0.0989680804658414,0.7019610627544397,0.1990708664754947,8,-0.1001027860096533,0.2980389372455603,0,,,
intel,2023-02-27,0.1037460488345602,0.8611508680446043,0.0351030987876524,5,0.0686429500469077,0.1388491319553957,0,,,
intel,2023-03-06,0.0710534593090415,0.928714156150818,0.0002323730295756,2,0.0708210862794658,0.0712858438491821,0,,,
intel,2023-03-13,1.7522243695111683e-05,0.4997767076038144,0.5002057987367152,4,-0.5001882764930201,0.5002232923961856,0,,,
intel,2023-03-20,0.0982017464052642,0.8108129310603228,0.0909853169366327,4,0.0072164294686315,0.1891870689396771,0,,,
intel,2023-03-27,0.0788438501121492,0.8585115072006981,0.0626446335455928,2,0.0161992165665564,0.1414884927993018,0,,,
intel,2023-04-03,0.1425806500289042,0.7516665966915232,0.1057527894335278,1,0.0368278605953763,0.2483334033084767,0,,,
intel,2023-04-10,0.0028654843513827,0.8481058462574663,0.149028671687928,3,-0.1461631873365453,0.1518941537425336,0,,,
intel,2023-04-17,0.0008971922327371,0.999052494764328,5.030593930162771e-05,3,0.0008468862934355,0.0009475052356719,0,,,
intel,2023-04-24,0.4011168391036335,0.5988156874548896,6.742874075111871e-05,5,0.4010494103628824,0.4011843125451104,0,,,
intel,2023-05-01,0.0049318341192222,0.7954503248135248,0.1996178664214404,3,-0.1946860323022182,0.2045496751864751,0,,,
intel,2023-05-08,0.3440383755956645,0.6558921113587985,6.950269292644861e-05,1,0.3439688729027381,0.3441078886412014,0,,,
intel,2023-05-15,0.1762333759511695,0.7611165644792474,0.062650064822386,4,0.1135833111287835,0.2388834355207526,0,,,
intel,2023-05-22,2.8317696063595577e-06,0.8750020371944629,0.1249951444087713,2,-0.1249923126391649,0.1249979628055371,0,,,
intel,2023-05-29,3.2375626801695034e-07,0.9999986886978148,9.590908121026589e-07,1,-6.353345440857083e-07,1.3113021850585938e-06,0,,,
intel,2023-06-05,2.1098612990044785e-07,0.999998927116394,7.808740178916196e-07,2,-5.698878879911717e-07,1.0728836059570312e-06,0,,,
intel,2023-06-12,2.9296784020971245e-07,0.9999827146530152,1.6950178178376518e-05,2,-1.6657210338166806e-05,1.728534698486328e-05,0,,,
intel,2023-06-19,2.0261793451936683e-06,0.9998809099197388,0.0001170813338831,1,-0.0001150551545379,0.0001190900802612,0,,,
intel,2023-06-26,0.0137303705740635,0.5409874408294855,0.4452822188846767,1,-0.4315518483106131,0.4590125591705145,0,,,
intel,2023-07-03,9.9700275768555e-07,0.999963402748108,3.565655424608849e-05,1,-3.465955148840294e-05,3.659725189208984e-05,0,,,
intel,2023-07-10,1.5606512533850037e-05,0.9999819993972778,2.3306483853957616e-06,1,1.3275864148454277e-05,1.800060272216797e-05,0,,,
intel,2023-07-17,3.1482802569371415e-06,0.9999840259552002,1.2819534276786726e-05,1,-9.671254019849584e-06,1.5974044799804688e-05,1,-0.196957044817168,0.6931471805599453,0.0
intel,2023-07-24,5.838984725414775e-05,9.26797042666294e-07,0.9999406337738036,1,-0.9998822439265496,0.9999990732029572,0,,,
intel,2023-07-31,0.2922873951655897,0.548342469863807,0.1593701288887873,2,0.1329172662768023,0.451657530136193,0,,,
intel,2023-08-07,0.0637889987117927,0.8117231881878766,0.1244877987329329,4,-0.0606988000211402,0.1882768118121234,0,,,
intel,2023-08-14,0.0164079679795318,0.8498526589730773,0.1337393747770049,2,-0.1173314067974731,0.1501473410269227,0,,,
intel,2023-08-21,0.1833192085318435,0.5730809433697138,0.2435998360889784,6,-0.0602806275571348,0.4269190566302862,0,,,
intel,2023-08-28,0.2501167855784736,0.2488208672537908,0.501062343762726,4,-0.2509455581842523,0.7511791327462092,0,,,
intel,2023-09-04,0.0030223496466383,0.9968225061893464,0.0001552214168896,2,0.0028671282297487,0.0031774938106536,0,,,
intel,2023-09-11,3.962669460596165e-05,0.999958872795105,1.5109254623742647e-06,3,3.8115769143587386e-05,4.112720489501953e-05,0,,,
intel,2023-09-18,0.0009946612151424,0.7107988280942663,0.2882064960859679,5,-0.2872118348708255,0.2892011719057337,0,,,
intel,2023-10-02,0.0010975374666518,0.4973484993828541,0.5015539477344104,2,-0.5004564102677586,0.5026515006171459,0,,,
intel,2023-10-16,3.2302185483482995e-06,0.9995775355233086,0.0004192089726934,3,-0.000415978754145,0.0004224644766913,0,,,
intel,2023-10-23,0.9999958276748656,4.043749413540354e-06,6.356701476306625e-08,1,0.999995764107851,0.9999959562505863,0,,,
intel,2023-10-30,0.0026706515345722,0.8614299893379211,0.1358993500471115,1,-0.1332286985125392,0.1385700106620788,0,,,
intel,2023-11-06,1.496761910857458e-06,0.999980092048645,1.8335640561417677e-05,1,-1.683887865056022e-05,1.990795135498047e-05,0,,,
intel,2023-11-13,1.0082713401970975e-06,0.999992311000824,6.71227849124989e-06,2,-5.704007151052792e-06,7.68899917602539e-06,0,,,
intel,2023-11-20,8.76357953529805e-05,0.992675483226776,0.0072368211112916,1,-0.0071491853159386,0.0073245167732238,0,,,
intel,2023-11-27,0.0047796379924136,0.6770210849742094,0.3181993252544544,3,-0.3134196872620407,0.3229789150257905,0,,,
intel,2023-12-04,0.096725279232487,0.6693353820592165,0.2339393431320786,1,-0.1372140638995915,0.3306646179407835,0,,,
intel,2023-12-11,0.188726386014423,0.7671357095241547,0.0441379006345717,3,0.1445884853798512,0.2328642904758453,0,,,
intel,2023-12-18,1.6416512309547215e-06,0.9977589696645736,0.002239399329948,1,-0.0022377576787171,0.0022410303354263,0,,,
intel,2023-12-25,0.3857457396621612,0.5514710959438162,0.0627831736361031,3,0.3229625660260581,0.4485289040561838,0,,,
intel,2024-01-01,0.491040788309273,0.5089534882456064,5.739838232443617e-06,2,0.4910350484710406,0.4910465117543936,0,,,
intel,2024-01-08,0.0011296543598291,0.9988466203212738,2.370175479882164e-05,2,0.0011059526050303,0.0011533796787261,0,,,
intel,2024-01-15,0.9999418258666992,5.793441960122436e-05,1.811379632954413e-07,1,0.999941644728736,0.9999420655803988,0,,,
intel,2024-01-22,0.0581092819652887,0.8322732453258747,0.1096174777983591,6,-0.0515081958330704,0.1677267546741253,0,,,
intel,2024-02-05,1.3203091953073456e-07,0.99999737739563,2.4867424599506194e-06,1,-2.354711540419885e-06,2.6226043701171875e-06,0,,,
intel,2024-02-19,0.1666197403852507,0.5377274117504763,0.2956528384868822,4,-0.1290330981016314,0.4622725882495236,0,,,
intel,2024-02-26,1.254918492676893e-06,0.7499991848563354,0.2499995748715378,2,-0.2499983199530451,0.2500008151436645,0,,,
intel,2024-03-04,7.255221703417192e-07,0.999964952468872,3.437405393924564e-05,1,-3.364853176890392e-05,3.504753112792969e-05,0,,,
intel,2024-03-11,0.2499691271216008,0.5638935140479588,0.1861373806375169,4,0.0638317464840838,0.4361064859520411,0,,,
intel,2024-03-18,0.111412754756185,0.8333188494824646,0.055268408935924,6,0.056144345820261,0.1666811505175354,0,,,
intel,2024-03-25,0.0045341131954004,0.6668768780145911,0.3285889953965958,6,-0.3240548822011954,0.3331231219854089,0,,,
intel,2024-04-01,0.3809749804834415,0.619012272191304,1.27401740083347e-05,3,0.3809622403094332,0.380987727808696,0,,,
intel,2024-04-08,0.3435472180499346,0.6561357538836698,0.0003170078030052,2,0.3432302102469293,0.3438642461163301,0,,,
intel,2024-04-15,0.1040859397750027,0.892279074061662,0.0036349964645864,5,0.1004509433104162,0.107720925938338,0,,,
intel,2024-04-22,0.6654639281332493,0.3333992513262487,0.0011368379402346,3,0.6643270901930146,0.6666007486737513,0,,,
intel,2024-04-29,0.083626392766746,0.3914972658603801,0.5248763095587492,2,-0.4412499167920032,0.6085027341396199,0,,,
intel,2024-05-06,0.2502569238404248,0.491259774520131,0.2584833046498858,2,-0.0082263808094609,0.508740225479869,0,,,
intel,2024-05-13,0.3983707863628751,0.5304227801090746,0.0712064252738628,5,0.3271643610890123,0.4695772198909254,0,,,
intel,2024-05-20,0.3753752238278025,0.6234364718451957,0.0011883315490095,4,0.374186892278793,0.3765635281548043,0,,,
intel,2024-06-03,0.5055844380187484,0.4926370986868663,0.0017784542921012,4,0.5038059837266472,0.5073629013131337,0,,,
intel,2024-06-17,7.481548323085008e-07,0.9999864101409912,1.2885237083537504e-05,1,-1.2137082251229003e-05,1.3589859008789062e-05,0,,,
intel,2024-07-01,7.15756128570888e-05,0.9997697472572328,0.0001586942746598,2,-8.711866180277639e-05,0.0002302527427673,0,,,
intel,2024-07-08,0.3333347115832718,0.6666561814934546,9.107438337707665e-06,3,0.3333256041449341,0.3333438185065454,0,,,
intel,2024-07-15,0.0003607130201999,0.1718912422657013,0.8277480602264404,1,-0.8273873472062405,0.8281087577342987,0,,,
intel,2024-07-22,4.414871623836803e-07,0.99998473127683,1.4842736315282917e-05,4,-1.4401249152899236e-05,1.5268723169925558e-05,0,,,
intel,2024-07-29,0.0673927054769042,0.4292965014869738,0.5033108156025412,5,-0.4359181101256369,0.5707034985130262,2,-0.0261631835219304,2.0302215052732095,1.0
intel,2024-08-05,0.0554073165099132,0.8867678565848522,0.057824835638343,6,-0.0024175191284298,0.1132321434151477,0,,,
intel,2024-08-12,0.217689369255936,0.7820839695632458,0.0002266140436404,2,0.2174627552122956,0.2179160304367542,0,,,
intel,2024-08-19,0.9999958276748656,3.9314189308470304e-06,2.018685201221615e-07,2,0.9999956258063456,0.9999960685810692,0,,,
intel,2024-08-26,0.724078545626071,0.2528621219098568,0.0230593179221614,4,0.7010192277039096,0.7471378780901432,0,,,
intel,2024-09-09,0.0021060833140609,0.6641619933361653,0.3337319426918839,4,-0.3316258593778229,0.3358380066638347,0,,,
intel,2024-09-16,0.2190020694290445,0.5694181660067146,0.2115797850110339,4,0.0074222844180105,0.4305818339932854,0,,,
intel,2024-09-23,0.0707571796310665,0.4009161234046892,0.5283267033022849,1,-0.4575695236712184,0.5990838765953108,0,,,
intel,2024-09-30,0.0003086665343516,0.9856261511643728,0.0140651869429954,3,-0.0137565204086437,0.0143738488356272,0,,,
intel,2024-10-14,3.82724260816758e-06,0.3693566472953513,0.6306394636631012,2,-0.630635636420493,0.6306433527046487,0,,,
intel,2024-10-21,0.2072739943422797,0.5499941296644966,0.2427318770108151,1,-0.0354578826685354,0.4500058703355034,0,,,
intel,2024-10-28,0.2031616658635969,0.330879454729995,0.4659588786608754,5,-0.2627972127972784,0.669120545270005,0,,,
intel,2024-11-04,0.0078903986141085,0.8714413940906525,0.1206682251031452,2,-0.1127778264890366,0.1285586059093475,1,-0.0799849731284325,0.6931471805599453,0.0
intel,2024-11-11,0.3333331761104905,0.6665900558114117,7.677482619783405e-05,3,0.3332564012842927,0.3334099441885882,0,,,
intel,2024-11-18,1.8450330685482186e-07,0.9999958276748656,3.935843778890558e-06,1,-3.751340472035736e-06,4.172325134277344e-06,0,,,
intel,2024-11-25,0.0554539918721217,0.7536168622291205,0.190929156633861,5,-0.1354751647617393,0.2463831377708795,0,,,
intel,2024-12-02,0.1406682908634413,0.411253115642152,0.4480786123629728,4,-0.3074103214995315,0.588746884357848,1,0.2931344076920936,0.6931471805599453,0.0
intel,2024-12-09,0.0002211569661199,0.9992903470993042,0.0004884992376901,4,-0.0002673422715702,0.0007096529006958,0,,,
intel,2024-12-16,0.0001012203429127,0.5543456673622131,0.4455530941486358,1,-0.4454518738057231,0.4456543326377868,0,,,
intel,2024-12-23,2.4867232544541668e-05,0.6666893021174474,0.3332858564893589,3,-0.3332609892568143,0.3333106978825526,1,0.077018833381544,3.5553480614894135,0.0
jackdaniels,2023-02-06,0.0005805627442896,0.9993889133135476,3.0487425343987223e-05,3,0.0005500753189456,0.0006110866864522,0,,,
jackdaniels,2023-02-27,0.1649095357961675,0.6946173125336854,0.1404731491712874,2,0.0244363866248801,0.3053826874663146,0,,,
jackdaniels,2023-03-20,0.040381922778541,0.8970061258694912,0.0626119473181853,1,-0.0222300245396442,0.1029938741305087,0,,,
jackdaniels,2023-06-05,0.0170961881221819,0.9188423059392714,0.0640615294666918,2,-0.0469653413445098,0.0811576940607285,0,,,
jackdaniels,2023-10-16,0.1066004025998519,0.8486787777020788,0.0447208117862472,1,0.0618795908136046,0.1513212222979212,0,,,
jackdaniels,2024-05-06,5.666020115313586e-07,0.9999991655349731,2.2609258110151134e-07,1,3.405094304298473e-07,8.344650268554688e-07,0,,,
jackdaniels,2024-09-30,7.136680437724863e-06,0.9979938566684724,0.0019990236560261,2,-0.0019918869755883,0.0020061433315277,0,,,
jackdaniels,2024-10-14,,,,0,,,2,0.0271480577557667,0.8958797346140275,0.0
jackdaniels,2024-12-23,7.434156259478186e-07,0.9999746084213256,2.4703562303329815e-05,1,-2.3960146677382e-05,2.539157867431641e-05,0,,,
kelloggs,2024-02-26,,,,0,,,1,-0.0564040916769954,2.8903717578961645,0.0
kelloggs,2024-10-28,,,,0,,,1,0.1122938214812165,0.6931471805599453,0.0
kellogs,2023-01-23,0.0513270726229503,0.8834697404452942,0.0652031755348922,2,-0.0138761029119418,0.1165302595547057,0,,,
kellogs,2023-01-30,0.0314078585814136,0.7992180543721021,0.169374086121835,3,-0.1379662275404213,0.2007819456278978,0,,,
kellogs,2023-02-06,0.0327644228145738,0.8008871887629273,0.1663483927432095,3,-0.1335839699286357,0.1991128112370727,0,,,
kellogs,2023-02-13,0.038782043374241,0.8979054403812058,0.0633125166094134,1,-0.0245304732351724,0.1020945596187942,0,,,
kellogs,2023-02-20,0.0085322630898698,0.908908223728337,0.0825595164342608,1,-0.074027253344391,0.0910917762716629,0,,,
kellogs,2023-03-06,0.0562823416597573,0.8993952462694772,0.0443224170874393,2,0.0119599245723179,0.1006047537305228,0,,,
kellogs,2023-03-13,0.0601129181646515,0.9225580088517094,0.0173290684274497,1,0.0427838497372018,0.0774419911482906,0,,,
kellogs,2023-04-03,0.1179688082528438,0.7854935670157714,0.0965376347546476,1,0.0214311734981961,0.2145064329842285,0,,,
kellogs,2023-04-10,0.0568132188352646,0.7892072370881215,0.1539795457129264,1,-0.0971663268776617,0.2107927629118785,0,,,
kellogs,2023-05-15,0.0916133360049156,0.8015729129721212,0.1068137566687962,1,-0.0152004206638806,0.1984270870278788,0,,,
kellogs,2023-05-29,0.0450152792121483,0.9129370289676648,0.0420476892425224,1,0.0029675899696259,0.0870629710323351,0,,,
kellogs,2023-06-05,0.3813746879878492,0.3955236195703919,0.2231016896057956,1,0.1582729983820535,0.604476380429608,0,,,
kellogs,2023-06-12,0.0718798119817571,0.8432616731312075,0.0848585201515104,1,-0.0129787081697532,0.1567383268687925,0,,,
kellogs,2023-06-26,0.0599437812845152,0.8019683687056393,0.1380878543234034,2,-0.0781440730388882,0.1980316312943607,0,,,
kellogs,2023-07-03,0.0531133559572341,0.781145905069246,0.1657407458904659,1,-0.1126273899332317,0.218854094930754,0,,,
kellogs,2023-07-17,0.0292747554831619,0.8716964136912222,0.0990288362274911,3,-0.0697540807443292,0.1283035863087778,0,,,
kellogs,2023-08-07,0.1362286727096198,0.7100759042551829,0.1536954225796669,5,-0.0174667498700471,0.2899240957448171,0,,,
kellogs,2023-09-25,0.0101362469065711,0.9014130748344096,0.0884506710458966,2,-0.0783144241393254,0.0985869251655905,0,,,
kellogs,2023-10-09,0.0351178708392724,0.866348925248158,0.0985332045618757,2,-0.0634153337226032,0.133651074751842,0,,,
kellogs,2023-10-16,0.0377385909657201,0.8489731881293721,0.113288223955098,2,-0.0755496329893778,0.1510268118706279,0,,,
kellogs,2023-10-23,0.1483395437675535,0.6912578597477061,0.1604026006503147,1,-0.0120630568827611,0.3087421402522938,0,,,
kellogs,2023-11-06,0.1079502120509985,0.7969453835380621,0.0951044041460167,3,0.0128458079049817,0.2030546164619379,0,,,
kellogs,2023-12-04,0.2207343355012259,0.6818326467764303,0.0974330181861895,1,0.1233013173150364,0.3181673532235697,0,,,
kellogs,2023-12-11,0.2437232355273862,0.5966459270473565,0.1596308378915318,2,0.0840923976358544,0.4033540729526434,0,,,
kellogs,2023-12-25,0.0215196763619137,0.8573083050002385,0.1211720160203403,1,-0.0996523396584266,0.1426916949997615,0,,,
kellogs,2024-01-15,0.0856786111509324,0.7896861362464493,0.1246352394144879,2,-0.0389566282635555,0.2103138637535506,0,,,
kellogs,2024-01-22,0.1131782487679727,0.8061281398510249,0.0806936098513013,4,0.0324846389166714,0.193871860148975,0,,,
kellogs,2024-01-29,0.0686713647168111,0.9155719938702044,0.015756652386947,2,0.0529147123298641,0.0844280061297957,0,,,
kellogs,2024-02-12,0.0233521104465022,0.9147504454515292,0.0618974354393323,3,-0.0385453249928301,0.0852495545484709,0,,,
kellogs,2024-02-19,0.1154894429555253,0.7644481041556662,0.1200624489936494,2,-0.004573006038124,0.2355518958443337,0,,,
kellogs,2024-03-04,0.0393893630115215,0.8671207302407977,0.0934899025862135,4,-0.0541005395746919,0.1328792697592022,0,,,
kellogs,2024-03-18,0.0412618282666679,0.7623437138426976,0.1963944614388938,1,-0.1551326331722258,0.2376562861573024,0,,,
kellogs,2024-03-25,0.1137942024549928,0.8193865392370695,0.0668192549330559,3,0.0469749475219369,0.1806134607629305,0,,,
kellogs,2024-04-15,0.0155537497436175,0.8431401791141329,0.1413060699662022,1,-0.1257523202225846,0.1568598208858671,0,,,
kellogs,2024-04-29,0.0616799476215523,0.8885525915377362,0.0497674664983804,1,0.0119124811231718,0.1114474084622637,0,,,
kellogs,2024-05-20,0.0229802312136843,0.956051456237853,0.0209683153809429,1,0.0020119158327413,0.0439485437621469,0,,,
kellogs,2024-05-27,0.084780627327615,0.7865909928011481,0.1286283942473861,4,-0.043847766919771,0.2134090071988519,0,,,
kellogs,2024-06-10,0.0111701955826805,0.8503497059573419,0.1384801026698507,1,-0.1273099070871702,0.149650294042658,0,,,
kellogs,2024-06-17,0.0133495120870078,0.8260109498361615,0.1606395294116485,1,-0.1472900173246407,0.1739890501638384,0,,,
kellogs,2024-07-08,0.1418018962740091,0.7821604152975616,0.0760376895619453,1,0.0657642067120638,0.2178395847024383,0,,,
kellogs,2024-07-29,0.0521665700164201,0.8478590868744939,0.0999743468690545,1,-0.0478077768526344,0.1521409131255061,0,,,
kellogs,2024-08-05,0.3522158295821732,0.4607436005683916,0.1870405714197485,1,0.1651752581624246,0.5392563994316084,0,,,
kellogs,2024-08-12,0.2466921948427978,0.6343952942419255,0.1189125066514852,2,0.1277796881913125,0.3656047057580744,0,,,
kellogs,2024-08-26,0.0361844398804224,0.8716034235476715,0.0922121432562924,1,-0.05602770337587,0.1283965764523285,0,,,
kellogs,2024-09-02,0.1655407937403957,0.8010584034765067,0.0334007984754346,2,0.132139995264961,0.1989415965234933,0,,,
kellogs,2024-09-16,0.0166521461430702,0.9678030620703022,0.0155447967041406,1,0.0011073494389295,0.0321969379296978,0,,,
kellogs,2024-09-23,0.1073714797590285,0.7743814376286434,0.1182470828027807,6,-0.0108756030437522,0.2256185623713565,0,,,
kellogs,2024-09-30,0.0546152620601191,0.8822287318651753,0.0631560058204403,3,-0.0085407437603212,0.1177712681348247,0,,,
kellogs,2024-10-07,0.0503411163547498,0.8866292472409371,0.0630296440544355,1,-0.0126885276996856,0.1133707527590629,0,,,
kellogs,2024-10-21,0.0719972000645444,0.8215579639495706,0.1064448326081217,3,-0.0344476325435772,0.1784420360504294,0,,,
kellogs,2024-11-04,0.0339282627035132,0.8262195681435446,0.139852159866724,1,-0.1059238971632107,0.1737804318564554,0,,,
kellogs,2024-11-11,0.0887935102101074,0.7979659925608251,0.1132404958940145,4,-0.024446985683907,0.2020340074391748,0,,,
kellogs,2024-11-18,0.0476302301272165,0.8138707075111633,0.1384990635584357,2,-0.0908688334312191,0.1861292924888367,0,,,
kellogs,2024-11-25,0.0400013592887506,0.7598838027276787,0.2001148330641553,3,-0.1601134737754047,0.2401161972723212,0,,,
kellogs,2024-12-02,0.0479090248616595,0.8096916187172226,0.1423993464375065,1,-0.094490321575847,0.1903083812827773,0,,,
kellogs,2024-12-09,0.0728168931622332,0.870285339749319,0.0568977670362594,6,0.0159191261259737,0.129714660250681,0,,,
kellogs,2024-12-23,0.0917315527870732,0.8660976382259573,0.0421708075843592,2,0.0495607452027139,0.1339023617740427,0,,,
kellogs,2024-12-30,0.0705564178549199,0.8930118559542867,0.0364317223181518,1,0.034124695536768,0.1069881440457133,0,,,
kfc,2022-12-26,9.473026096884497e-08,0.9999916553497314,8.178113603207748e-06,2,-8.083383342238903e-06,8.344650268554688e-06,0,,,
kfc,2023-01-02,9.473026096884497e-08,0.9999916553497314,8.178113603207748e-06,1,-8.083383342238903e-06,8.344650268554688e-06,0,,,
kfc,2023-02-06,9.641088543806593e-07,0.3347202826601763,0.6652787482962594,3,-0.665277784187405,0.6652797173398237,0,,,
kfc,2023-02-27,2.340214768281612e-05,0.9328774213790894,0.0670991517618517,2,-0.0670757496141689,0.0671225786209106,0,,,
kfc,2023-03-06,9.644802958064249e-06,0.9999675750732422,2.282594869029708e-05,1,-1.3181145732232837e-05,3.24249267578125e-05,0,,,
kfc,2023-05-08,3.052715840112797e-07,0.999974012374878,2.5647970687714405e-05,1,-2.534269910370313e-05,2.5987625122070312e-05,0,,,
kfc,2023-05-15,,,,0,,,1,0.019217172259232,4.663439094112067,0.0
kfc,2023-07-31,1.038102764638893e-06,0.9979786574840546,0.0020203643834975,2,-0.0020193262807328,0.0020213425159454,0,,,
kfc,2023-08-07,6.226120774499577e-08,0.99999737739563,2.468864067850518e-06,1,-2.4066028601055223e-06,2.6226043701171875e-06,0,,,
kfc,2023-10-09,3.539028341492667e-07,0.9999951124191284,4.504642674874049e-06,1,-4.150739840724782e-06,4.887580871582031e-06,0,,,
kfc,2023-10-16,4.8103149765665876e-06,0.9999765753746032,1.8650896109306817e-05,1,-1.3840581132740226e-05,2.3424625396728516e-05,0,,,
kfc,2023-11-13,1.562117404318997e-07,0.999998927116394,1.0059760597869172e-06,1,-8.497643193550175e-07,1.0728836059570312e-06,0,,,
kfc,2023-11-27,1.7469873228037611e-06,1.8908290826402665e-06,0.9999963641166688,2,-0.999994617129346,0.9999981091709174,0,,,
kfc,2023-12-04,7.569587623379449e-08,0.9999989867210388,9.297208123371092e-07,2,-8.540249361033148e-07,1.0132789611816406e-06,0,,,
kfc,2023-12-18,3.33309060351894e-07,0.9999984502792358,1.1891411304532085e-06,1,-8.558320701013145e-07,1.5497207641601562e-06,1,0.1347106589309987,9.038008749211576,0.0
kfc,2024-01-15,4.164185156696476e-05,0.2822745144367218,0.7176838517189026,1,-0.7176422098673356,0.7177254855632782,0,,,
kfc,2024-01-22,4.3526692024897784e-05,0.4737633764743805,0.5261930823326111,1,-0.5261495556405862,0.5262366235256195,0,,,
kfc,2024-01-29,1.0175639175713513e-07,0.9999990463256836,8.530398076800338e-07,1,-7.512834159228987e-07,9.5367431640625e-07,0,,,
kfc,2024-02-05,1.0331641675520586e-07,0.4999995287058607,0.500000363435845,1,-0.5000002601194282,0.5000004712941393,0,,,
kfc,2024-02-19,1.543775624668342e-06,0.9999327659606934,6.570689583895728e-05,1,-6.416312021428894e-05,6.723403930664062e-05,2,0.0780691056627951,4.590043664402581,0.0
kfc,2024-02-26,,,,0,,,2,-0.2023529739747687,2.3025850929940455,0.0
kfc,2024-04-15,0.1458216412266182,0.6495607234537601,0.2046176768490113,4,-0.0587960356223931,0.3504392765462398,0,,,
kfc,2024-04-22,,,,0,,,1,0.0903203188557348,0.6931471805599453,0.0
kfc,2024-04-29,4.35009397392605e-08,4.084826255024154e-09,1.0,1,-0.9999999564990604,0.9999999959151736,0,,,
kfc,2024-05-06,0.0001218200959556,0.5069558890536427,0.4929222533828579,2,-0.4928004332869022,0.4930441109463572,0,,,
kfc,2024-05-13,8.469506155961426e-07,0.5999924207557641,0.400006751408091,5,-0.4000059044574754,0.4000075792442359,2,0.1123968312040233,1.3195286648076292,0.0
kfc,2024-06-03,7.946482760701201e-08,0.4999970839123313,0.5000028880413083,2,-0.5000028085764807,0.5000029160876687,0,,,
kfc,2024-06-17,0.0015173568019122,0.5078086904250085,0.4906739838894509,1,-0.4891566270875387,0.4921913095749914,0,,,
kfc,2024-06-24,1.2305435120651964e-05,0.000537805724889,0.999449908733368,2,-0.9994376032982472,0.999462194275111,0,,,
kfc,2024-07-01,,,,0,,,3,-0.3177583048670651,1.1945063128187037,0.0
kfc,2024-07-08,,,,0,,,2,-0.0552006156030984,3.5491878192953936,0.0
kfc,2024-07-22,5.900351993659569e-07,0.9993162155151368,0.0006831724313087,1,-0.0006825823961094,0.0006837844848632,0,,,
kfc,2024-07-29,0.0002141597069567,0.9997703433036804,1.5446034012711607e-05,1,0.0001987136729439,0.0002296566963195,6,-0.0675238517776056,2.424996681307688,1.0
kfc,2024-08-05,0.1667305548418956,0.1023998971761123,0.7308695545235334,3,-0.5641389996816377,0.8976001028238877,2,-0.2257560706166259,0.6931471805599453,0.0
kfc,2024-08-12,3.145473281544279e-06,0.3333426898879376,0.666654182315464,3,-0.6666510368421825,0.6666573101120623,0,,,
kfc,2024-08-19,,,,0,,,2,-0.274873269998352,3.5788677421249533,0.0
kfc,2024-08-26,,,,0,,,1,0.0990458577055655,3.7612001156935624,0.0
kfc,2024-09-02,1.5130774642102551e-06,0.9953176975250244,0.0046807870012344,1,-0.0046792739237702,0.0046823024749755,0,,,
kfc,2024-09-16,5.527483608602779e-07,0.9999946355819702,4.771148269355763e-06,1,-4.218399908495485e-06,5.364418029785156e-06,0,,,
kfc,2024-09-23,3.1310657959693344e-06,0.9999723434448242,2.4502007363480516e-05,1,-2.137094156751118e-05,2.765655517578125e-05,2,-0.0108879841462368,1.039720770839918,0.0
kfc,2024-09-30,,,,0,,,1,-0.1473248967469942,0.6931471805599453,0.0
kfc,2024-10-14,,,,0,,,2,0.0911340242309961,1.9560115027140732,0.0
kfc,2024-10-21,0.0002742529613897,0.0047672051005065,0.9949585795402528,1,-0.994684326578863,0.9952327948994936,0,,,
kfc,2024-10-28,1.5869827772500383e-05,0.3502046319905882,0.6497795160360814,3,-0.649763646208309,0.6497953680094117,0,,,
kfc,2024-11-04,1.6373804937686032e-05,0.4999271649693741,0.5000565108130104,1,-0.5000401370080727,0.5000728350306258,3,-0.069496391769853,5.952661898318346,0.0
kfc,2024-11-18,9.58170221565524e-06,0.9999773502349854,1.3120474250172263e-05,1,-3.5387720345170237e-06,2.264976501464844e-05,0,,,
kfc,2024-11-25,2.1565359347164303e-06,0.999994695186615,3.1607145842826867e-06,1,-1.0041786495662564e-06,5.304813385009766e-06,1,-0.2761510292148159,6.135564891081739,0.0
kfc,2024-12-02,8.549615813535638e-06,0.9906381368637084,0.0093533406034111,1,-0.0093447909875976,0.0093618631362915,1,-0.1265774438916764,7.374629015218945,0.0
kfc,2024-12-09,,,,0,,,1,0.0265140532631598,6.993932975223189,0.0
kfc,2024-12-16,6.03223497819272e-08,0.9999949932098388,4.923677352053346e-06,1,-4.863355002271419e-06,5.0067901611328125e-06,0,,,
kia,2023-01-02,0.997047245502472,0.0027617579326033,0.0001909778075059,1,0.996856267694966,0.9972382420673966,0,,,
kia,2023-01-09,0.0008339664809682,0.9967477023601532,0.002418315027171,2,-0.0015843485462028,0.0032522976398468,0,,,
kia,2023-01-16,9.994953416025965e-07,0.999886393547058,0.0001126963252318,1,-0.0001116968298902,0.0001136064529418,0,,,
kia,2023-01-30,0.7138141015492749,0.2861768237627133,9.088973207933244e-06,7,0.713805012576067,0.7138231762372866,0,,,
kia,2023-02-06,1.4563926065136457e-08,0.9999996423721312,3.27885146589324e-07,1,-3.1332122052418754e-07,3.576278686523438e-07,0,,,
kia,2023-02-13,6.336126112197842e-05,0.9998516043027242,8.504488232574658e-05,3,-2.168362120376817e-05,0.0001483956972757,0,,,
kia,2023-02-20,0.0001657246951367,0.9930658340454102,0.0067684763683549,3,-0.0066027516732181,0.0069341659545898,0,,,
kia,2023-03-06,0.0005780345070097,0.6214434905345207,0.3779784738883103,2,-0.3774004393813006,0.3785565094654792,0,,,
kia,2023-03-20,0.0134359915204053,0.9849364161491394,0.0016276144803365,2,0.0118083770400687,0.0150635838508605,0,,,
kia,2023-03-27,4.003043613920454e-06,0.9613345265388488,0.0386614277958869,1,-0.038657424752273,0.0386654734611511,0,,,
kia,2023-04-03,1.1003024837918929e-06,0.999996542930603,2.3796446839696728e-06,1,-1.27934220017778e-06,3.457069396972656e-06,0,,,
kia,2023-04-10,0.2495022060210097,0.6874830693850527,0.0630147445530298,4,0.1864874614679799,0.3125169306149473,0,,,
kia,2023-04-17,0.1000760766912357,0.697294011957029,0.2026299673830943,2,-0.1025538906918585,0.302705988042971,0,,,
kia,2023-04-24,0.200049349199007,0.3999247091585852,0.4000259447626991,1,-0.1999765955636921,0.6000752908414148,0,,,
kia,2023-05-22,4.1114853956969455e-06,0.9999881982803344,7.765616828692146e-06,1,-3.6541314329952e-06,1.1801719665527344e-05,0,,,
kia,2023-05-29,2.6163293753711514e-08,0.9999996423721312,4.0327293504560657e-07,1,-3.7710964129189506e-07,3.576278686523438e-07,0,,,
kia,2023-07-03,0.748341866451625,0.2510437928281153,0.0006143310323354,4,0.7477275354192896,0.7489562071718847,0,,,
kia,2023-07-17,0.4118485894711436,0.347169928936637,0.2409814710996064,3,0.1708671183715372,0.652830071063363,0,,,
kia,2023-07-24,0.3332818085600593,0.6667177723866189,4.527422371817617e-07,3,0.3332813558178221,0.3332822276133811,0,,,
kia,2023-08-07,5.6887690482605126e-05,0.9982914584023612,0.0016516431013379,7,-0.0015947554108553,0.0017085415976387,0,,,
kia,2023-08-14,0.4999946963373531,0.4999991994791344,6.041814430091108e-06,2,0.499988654522923,0.5000008005208656,0,,,
kia,2023-08-28,0.0023994631932573,0.9376851420916424,0.0599154156716026,5,-0.0575159524783452,0.0623148579083576,0,,,
kia,2023-09-04,1.1272020117303329e-07,0.9999977350234984,2.157612698283629e-06,1,-2.0448924971105953e-06,2.264976501464844e-06,0,,,
kia,2023-09-25,8.675038467724033e-06,0.8293563427481179,0.1706350322500801,2,-0.1706263572116124,0.1706436572518821,0,,,
kia,2023-10-02,3.702575836446916e-06,0.9998133927583694,0.0001829223029877,3,-0.0001792197271512,0.0001866072416305,0,,,
kia,2023-10-16,1.6649062928308925e-07,0.999994456768036,5.374477495934116e-06,2,-5.2079868666510265e-06,5.543231964111328e-06,0,,,
kia,2023-11-06,0.4929998856969178,0.4279860431779525,0.0790140432381143,2,0.4139858424588034,0.5720139568220475,0,,,
kia,2023-11-13,3.621852294344308e-05,0.7511524567437391,0.2488113146739579,1,-0.2487750961510144,0.2488475432562609,0,,,
kia,2023-11-20,0.0003571204231036,0.7380535359675946,0.2615893450658859,1,-0.2612322246427823,0.2619464640324054,0,,,
kia,2023-11-27,1.2409007013047813e-06,0.9999916553497314,7.192691555246711e-06,1,-5.9517908539419295e-06,8.344650268554688e-06,0,,,
kia,2023-12-11,1.7015256162267178e-05,0.9999776482582092,5.344678470464714e-06,1,1.1670577691802464e-05,2.2351741790771484e-05,0,,,
kia,2023-12-18,0.4959516423159584,0.5040283440612257,1.9970909420408137e-05,2,0.495931671406538,0.4959716559387743,0,,,
kia,2023-12-25,0.0107558779418468,0.4310027956962585,0.5582413077354431,1,-0.5474854297935963,0.5689972043037415,0,,,
kia,2024-01-01,1.0,3.087380306965315e-08,5.4264197579811935e-09,1,0.9999999945735802,0.9999999691261968,0,,,
kia,2024-01-08,8.503027402184671e-07,0.9999934434890748,5.726582912757294e-06,1,-4.876280172538827e-06,6.556510925292969e-06,0,,,
kia,2024-01-15,0.1307006732790796,0.3498891122966597,0.519410204833548,2,-0.3887095315544684,0.6501108877033402,0,,,
kia,2024-02-05,0.9999998807907104,8.714373933571552e-08,3.6530082070385106e-08,1,0.9999998442606284,0.9999999128562608,0,,,
kia,2024-02-12,2.7350112645763147e-06,0.9996277689933776,0.0003695048772745,3,-0.0003667698660099,0.0003722310066223,0,,,
kia,2024-02-19,0.0067437621605535,0.99309304356575,0.0001631657905818,1,0.0065805963699716,0.0069069564342498,0,,,
kia,2024-02-26,0.3447155634998751,0.6552017480134964,8.264369171229191e-05,1,0.3446329198081628,0.3447982519865036,0,,,
kia,2024-03-04,0.009124644100666,0.8619018793106079,0.1289734989404678,1,-0.1198488548398017,0.1380981206893921,0,,,
kia,2024-03-11,0.0001519728031723,0.8875506103038788,0.1122974053223458,2,-0.1121454325191734,0.1124493896961211,0,,,
kia,2024-03-18,0.0120358164859908,0.98793163895607,3.252878832427086e-05,2,0.0120032876976665,0.01206836104393,0,,,
kia,2024-03-25,2.7401026159168396e-07,0.9999995231628418,1.8256814371397925e-07,1,9.144211787770473e-08,4.76837158203125e-07,0,,,
kia,2024-04-01,0.3348512647378356,0.4429535742190798,0.2221951585172835,3,0.1126561062205521,0.5570464257809202,0,,,
kia,2024-04-08,0.0329231806099414,0.9670544266700744,2.234951898572035e-05,1,0.0329008310909557,0.0329455733299255,0,,,
kia,2024-04-15,0.998840183019638,5.526322865989641e-06,0.0011542770080268,2,0.9976859060116112,0.999994473677134,1,0.059358089332818,0.6931471805599453,0.0
kia,2024-04-29,1.9679375782288844e-06,0.9999947547912598,3.1706895242678e-06,1,-1.2027519460389158e-06,5.245208740234375e-06,0,,,
kia,2024-05-20,6.913926942470679e-06,0.9980226026640998,0.0019704784386552,3,-0.0019635645117127,0.0019773973359001,0,,,
kia,2024-06-03,5.389093757912633e-07,0.9999992847442628,1.0603559985611356e-07,1,4.328737759351498e-07,7.152557373046875e-07,0,,,
kia,2024-06-17,0.0006464736391804,0.9592508524656296,0.0401026304812575,4,-0.039456156842077,0.0407491475343704,0,,,
kia,2024-06-24,3.078039583215286e-07,0.9999909996986388,8.68695951794507e-06,2,-8.379155559623541e-06,9.000301361083984e-06,0,,,
kia,2024-07-01,0.3333475833044688,0.5001667554882943,0.1664856657232517,3,0.1668619175812171,0.4998332445117057,0,,,
kia,2024-07-08,0.0075059266136445,0.7417938491452105,0.2507002815401371,2,-0.2431943549264925,0.2582061508547895,0,,,
kia,2024-07-15,1.565515049151145e-06,0.9999794960021972,1.896558933367487e-05,1,-1.7400074284523726e-05,2.0503997802734375e-05,0,,,
kia,2024-07-29,1.2061159182508166e-07,0.99995356798172,4.6291975564827226e-05,2,-4.6171363973002144e-05,4.64320182800293e-05,0,,,
kia,2024-08-05,0.0007696218708588,0.5174144767224789,0.4818158809234774,2,-0.4810462590526185,0.4825855232775211,0,,,
kia,2024-08-26,8.054872395657497e-05,0.994578406214714,0.0053410577140908,2,-0.0052605089901343,0.0054215937852859,1,0.1882883749422035,0.6931471805599453,0.0
kia,2024-09-02,,,,0,,,2,0.0021653172036337,1.791759469228055,1.0
kia,2024-09-09,0.9988000392913818,0.001198275364004,1.704619876363722e-06,1,0.9987983346715056,0.998801724635996,0,,,
kia,2024-09-30,0.1039666615006732,0.561807175325157,0.3342261085927021,3,-0.2302594470920287,0.438192824674843,0,,,
kia,2024-10-21,4.152945336954872e-06,0.9999332427978516,6.264819990065007e-05,1,-5.84952545636952e-05,6.67572021484375e-05,0,,,
kia,2024-11-11,9.579718531919449e-06,0.6667330065538408,0.333257348807668,3,-0.3332477690891361,0.3332669934461592,0,,,
kia,2024-11-25,2.054372032489482e-07,0.9999983310699464,1.3892063179810066e-06,1,-1.1837691147320584e-06,1.6689300537109375e-06,0,,,
kia,2024-12-09,6.796956380838992e-06,0.999533494313558,0.0004597192004591,3,-0.0004529222440782,0.000466505686442,1,-0.0769558067696536,5.480638923341991,0.0
kia,2024-12-16,,,,0,,,1,-0.0178675884841368,4.912654885736052,0.0
kia,2024-12-23,0.2500000520019156,0.4999992698914525,0.2500006808754791,2,-6.288735634463194e-07,0.5000007301085475,0,,,
lego,2023-01-02,1.0378074222217037e-07,0.9999948740005492,5.034630248701433e-06,2,-4.930849506479262e-06,5.125999450683594e-06,0,,,
lego,2023-01-09,0.0021353282211696,0.9977042277654012,0.0001604219282853,3,0.0019749062928842,0.0022957722345987,0,,,
lego,2023-01-16,4.483018992118559e-05,0.9994245618581772,0.0005305775133308,2,-0.0004857473234096,0.0005754381418228,0,,,
lego,2023-01-23,8.448477473166349e-08,0.9999990463256836,8.707002621122228e-07,1,-7.862154873805594e-07,9.5367431640625e-07,0,,,
lego,2023-02-06,3.932409526896663e-07,0.9999930262565612,6.643076744694554e-06,2,-6.2498357920048875e-06,6.973743438720703e-06,0,,,
lego,2023-02-20,2.300265349752806e-06,0.9999645948410034,3.315055101893449e-05,2,-3.085028566918169e-05,3.540515899658203e-05,0,,,
lego,2023-02-27,9.886983752949165e-05,0.9998378753662108,6.317665247479454e-05,1,3.5693185054697096e-05,0.000162124633789,0,,,
lego,2023-03-06,7.341780232650308e-07,0.7281558414300283,0.2718434325340506,3,-0.2718426983560273,0.2718441585699717,0,,,
lego,2023-03-27,9.93756293610204e-06,0.9998151659965516,0.0001749346411088,1,-0.0001649970781727,0.0001848340034484,0,,,
lego,2023-04-10,0.0001267123996626,0.9974435269832612,0.002429771806419,2,-0.0023030594067563,0.0025564730167388,0,,,
lego,2023-04-17,1.585419164484847e-05,0.9999114871025084,7.26204743841663e-05,2,-5.676628273931783e-05,8.851289749145508e-05,0,,,
lego,2023-04-24,1.0221046598720325e-06,0.9999905029932658,8.427424518231419e-06,3,-7.405319858359387e-06,9.497006734249249e-06,0,,,
lego,2023-05-01,0.0704315294261428,0.8949059715450587,0.0346624722686556,2,0.0357690571574871,0.1050940284549413,0,,,
lego,2023-05-08,1.1210745323175786e-06,0.9999579191207886,4.099076861052709e-05,4,-3.9869694078209506e-05,4.208087921142578e-05,0,,,
lego,2023-06-05,7.748742234525707e-07,0.9999841451644896,1.5077755847414664e-05,2,-1.4302881623962094e-05,1.5854835510253906e-05,1,-0.1707659061949016,6.612041034833092,0.0
lego,2023-06-12,0.0003247343937315,0.9495588974519208,0.0501163679462437,1,-0.0497916335525122,0.0504411025480791,0,,,
lego,2023-06-19,0.3012289216453183,0.6987452879548073,2.5786077458178625e-05,2,0.3012031355678601,0.3012547120451927,0,,,
lego,2023-06-26,5.9055204246760695e-06,0.9756811857223512,0.0243128821530262,2,-0.0243069766326016,0.0243188142776489,0,,,
lego,2023-07-03,6.73779481985548e-07,0.9999966621398926,2.6554935175227e-06,1,-1.981714035537152e-06,3.337860107421875e-06,0,,,
lego,2023-07-24,0.0029170671752041,0.9970791041851044,3.8745599368894545e-06,2,0.0029131926152672,0.0029208958148956,0,,,
lego,2023-07-31,2.8146093313807796e-06,0.9997101128101348,0.0002870748248824,2,-0.000284260215551,0.0002898871898651,0,,,
lego,2023-08-07,0.0011041605396506,0.9986602514982224,0.0002355662807218,4,0.0008685942589288,0.0013397485017776,0,,,
lego,2023-08-21,,,,0,,,2,-0.1230150597058354,0.6931471805599453,0.0
lego,2023-08-28,1.8426686892780708e-05,0.9996388256549836,0.000342742583598,1,-0.0003243158967052,0.0003611743450164,0,,,
lego,2023-09-18,0.0016269437037408,0.9983533620834352,1.974856058950536e-05,1,0.0016071951431513,0.0016466379165649,0,,,
lego,2023-09-25,0.0034556489620592,0.996256709098816,0.0002876156121989,4,0.0031680333498602,0.003743290901184,0,,,
lego,2023-10-02,,,,0,,,1,-0.0279937405712189,0.6931471805599453,0.0
lego,2023-10-09,2.613451783872734e-07,0.9999992847442628,4.963108608535549e-07,1,-2.3496568246628163e-07,7.152557373046875e-07,0,,,
lego,2023-10-16,7.684025331400335e-05,0.4292056858539581,0.5707175135612488,2,-0.5706406733079348,0.5707943141460419,0,,,
lego,2023-10-30,5.237647201283835e-05,0.8791030645370483,0.120844580233097,1,-0.1207922037610842,0.1208969354629516,0,,,
lego,2023-11-20,4.923777652265926e-07,0.9999024271965028,9.709253936307503e-05,2,-9.660016159784846e-05,9.757280349731444e-05,0,,,
lego,2023-12-04,5.692859216033241e-06,0.7499992521097738,0.2499950317732029,4,-0.2499893389139869,0.2500007478902262,0,,,
lego,2023-12-25,0.0014405978980533,0.8918149388498731,0.1067444371976004,1,-0.105303839299547,0.1081850611501269,2,0.0070994884883361,3.1345481418531307,0.0
lego,2024-01-01,1.610957234277066e-08,0.9999992847442628,6.611677463297383e-07,1,-6.450581739869676e-07,7.152557373046875e-07,0,,,
lego,2024-01-15,0.4966351846244379,0.40564771508798,0.0977170680371273,2,0.3989181165873106,0.59435228491202,0,,,
lego,2024-01-22,0.8437163233757019,0.1561646163463592,0.0001190803377539,1,0.8435972430379479,0.8438353836536407,0,,,
lego,2024-01-29,2.9468997766457505e-06,0.9999805688858032,1.6523031774795527e-05,1,-1.3576131998149776e-05,1.9431114196777344e-05,0,,,
lego,2024-02-05,0.0459405132439703,0.9114560203136474,0.0426034821052724,2,0.0033370311386979,0.0885439796863526,0,,,
lego,2024-02-19,0.033050739364891,0.9668902009725572,5.9053306140792e-05,4,0.0329916860587502,0.0331097990274429,1,-0.0702373014582917,0.6931471805599453,0.0
lego,2024-02-26,2.056051243926049e-06,0.9999957084655762,2.2152696601551725e-06,1,-1.5921841622912325e-07,4.291534423828125e-06,0,,,
lego,2024-03-04,0.0121352085843682,0.9859750866889954,0.0018896321998909,1,0.0102455763844773,0.0140249133110046,0,,,
lego,2024-03-11,1.9945554218026015e-05,0.999110867579778,0.0008691653035649,2,-0.0008492197493469,0.000889132420222,0,,,
lego,2024-03-25,3.423053556161904e-07,0.9999877214431764,1.1948731298616622e-05,1,-1.1606425943000431e-05,1.2278556823730469e-05,0,,,
lego,2024-04-01,1.3799311204820697e-07,0.9999946355819702,5.226166649663355e-06,2,-5.088173537615148e-06,5.364418029785156e-06,0,,,
lego,2024-04-08,,,,0,,,4,0.0364521682454181,2.8203870271822287,1.0
lego,2024-04-15,0.4978336717613274,0.5020046415738761,0.0001616619074411,2,0.4976720098538862,0.4979953584261238,2,-0.0089178906293909,3.643095857351191,0.0
lego,2024-04-22,1.1285618484180304e-06,0.99999737739563,1.5052778508106712e-06,1,-3.767160023926408e-07,2.6226043701171875e-06,0,,,
lego,2024-04-29,0.0286043427120853,0.97136496924437,3.0697708478026714e-05,2,0.0285736450036073,0.0286350307556298,0,,,
lego,2024-05-06,0.0415369697569592,0.9580973469548756,0.0003656758208371,1,0.0411712939361221,0.0419026530451245,0,,,
lego,2024-05-13,5.332918817657628e-07,0.999988317489624,1.115608392865397e-05,2,-1.0622792046888208e-05,1.1682510375976562e-05,2,-0.1198905012392401,1.4451858789480825,0.0
lego,2024-05-20,1.270645400097692e-05,0.9998336732387544,0.0001536173112981,1,-0.0001409108572971,0.0001663267612457,0,,,
lego,2024-06-03,0.0914084020160795,0.900737531564158,0.00785406352097,1,0.0835543384951095,0.099262468435842,2,0.1974961388441443,1.5890269151739729,0.0
lego,2024-06-10,5.95871370023815e-07,0.999997615814209,1.8102313106282963e-06,1,-1.2143599406044814e-06,2.384185791015625e-06,2,-0.0440774696508015,0.6931471805599453,0.0
lego,2024-07-15,5.075645987062671e-06,0.999992161989212,2.717789101325252e-06,2,2.3578568857374194e-06,7.838010787963867e-06,2,0.1409264384292328,1.3195286648076292,0.0
lego,2024-07-22,0.0124934067262074,0.98324753344059,0.0042590782686602,2,0.0082343284575472,0.01675246655941,0,,,
lego,2024-07-29,3.980038205675385e-07,0.9999694228172302,3.0151452051541128e-05,1,-2.975344823097359e-05,3.057718276977539e-05,0,,,
lego,2024-08-05,,,,0,,,1,-0.1384448237367905,0.6931471805599453,0.0
lego,2024-08-12,4.479531071410747e-06,0.9998570680618286,0.0001384289062116,1,-0.0001339493751402,0.0001429319381713,2,-0.0207235103298444,1.8187930798631928,0.0
lego,2024-08-26,0.0114266868764805,0.8567342195813679,0.1318390910115926,2,-0.1204124041351121,0.1432657804186321,2,0.0166478547748383,2.3317195470560335,0.0
lego,2024-09-02,3.210903582366124e-06,0.999988301595052,8.461447987428984e-06,3,-5.25054440506286e-06,1.1698404947857456e-05,0,,,
lego,2024-09-09,6.239532022315568e-06,0.982267200946808,0.0177265641130664,3,-0.0177203245810441,0.0177327990531921,0,,,
lego,2024-09-23,2.936157539323858e-08,0.9999991655349731,8.90549188170553e-07,2,-8.611876127773144e-07,8.344650268554688e-07,0,,,
lego,2024-09-30,,,,0,,,4,0.112190713956366,1.1610977247853431,1.0
lego,2024-10-07,0.0898374716772399,0.8594661042959423,0.0506963769568629,4,0.0391410947203769,0.1405338957040577,0,,,
lego,2024-10-14,9.753341292562112e-05,0.9996320009231568,0.0002705135466385,4,-0.0001729801337129,0.0003679990768432,1,-0.1400686223084335,0.6931471805599453,0.0
lego,2024-10-21,0.0006855267326955,0.9992850422859192,2.9458481094479794e-05,2,0.000656068251601,0.0007149577140808,1,-0.042125284927863,1.9459101490553132,0.0
lego,2024-11-04,0.3088389635086059,0.6873351335525513,0.0038258461281657,1,0.3050131173804402,0.3126648664474487,1,-0.0985185967114432,8.480529207044645,0.0
lego,2024-11-11,1.0801861757651446e-05,0.6657070475121145,0.3342821377885532,3,-0.3342713359267956,0.3342929524878855,0,,,
lego,2024-11-18,0.0014106901527254,0.9507535014153374,0.0478358480502343,2,-0.0464251578975088,0.0492464985846625,0,,,
lego,2024-11-25,0.0008496716036461,0.999148726463318,1.4976227475926862e-06,1,0.0008481739808985,0.0008512735366821,0,,,
lego,2024-12-02,0.1666688928919484,0.8333182235254432,1.2867353187099676e-05,3,0.1666560255387613,0.1666817764745568,1,0.013299306799908,0.6931471805599453,0.0
lego,2024-12-16,1.9239263338022286e-07,0.9999984502792358,1.3667038274434162e-06,1,-1.1743111940631934e-06,1.5497207641601562e-06,0,,,
lego,2024-12-23,7.002203119554906e-07,0.9996072947978972,0.0003920825838577,2,-0.0003913823635457,0.0003927052021026,0,,,
lego,2024-12-30,0.9962908029556274,0.0036664369981735,4.277015250409022e-05,1,0.9962480328031234,0.9963335630018264,0,,,
linkedin,2023-01-02,0.5000377418889457,0.4999562017910648,6.074958283974752e-06,2,0.5000316669306617,0.5000437982089352,0,,,
linkedin,2023-01-16,0.0402329598500568,0.9597423225641252,2.4691940694765435e-05,4,0.040208267909362,0.0402576774358749,0,,,
linkedin,2023-01-23,2.657779216856208e-06,0.9985217650731404,0.0014756114119336,3,-0.0014729536327167,0.0014782349268595,0,,,
linkedin,2023-01-30,4.3182529907426215e-06,0.9954529404640198,0.0045427471038124,4,-0.0045384288508216,0.0045470595359802,0,,,
linkedin,2023-02-06,5.179478785066749e-05,0.9998838603496552,6.438114553475316e-05,2,-1.258635768408567e-05,0.0001161396503448,0,,,
linkedin,2023-02-13,1.469330186409934e-06,0.9999945163726808,4.085729869984789e-06,1,-2.616399683574855e-06,5.4836273193359375e-06,0,,,
linkedin,2023-02-20,0.1719213374462015,0.8263922542333603,0.0016864006012231,5,0.1702349368449783,0.1736077457666397,0,,,
linkedin,2023-02-27,0.0007491995784221,0.664852468840157,0.3343983522887963,3,-0.3336491527103741,0.3351475311598429,0,,,
linkedin,2023-03-06,7.477509314698001e-05,0.9948560198148092,0.0050692195256942,6,-0.0049944444325473,0.0051439801851908,0,,,
linkedin,2023-03-13,0.0004288604832254,0.9995427131652832,2.8453563572838902e-05,1,0.0004004069196525,0.0004572868347167,0,,,
linkedin,2023-03-20,0.0714429397631864,0.8927627361897197,0.0357943383850768,4,0.0356486013781095,0.1072372638102803,0,,,
linkedin,2023-03-27,5.623433068009305e-07,0.8894870655345181,0.1105123409341744,9,-0.1105117785908676,0.1105129344654819,0,,,
linkedin,2023-04-03,8.877265387733739e-05,0.9998003244400024,0.000110909397866,3,-2.2136743988691393e-05,0.0001996755599975,0,,,
linkedin,2023-04-10,0.0013755302564031,0.9359390320877232,0.0626854314502907,10,-0.0613099011938876,0.0640609679122766,0,,,
linkedin,2023-04-17,0.2418880667429922,0.7580366184314092,7.529863239597034e-05,6,0.2418127681105962,0.2419633815685907,0,,,
linkedin,2023-04-24,0.4943319418803753,0.005652489114027,0.5000155350389832,2,-0.0056835931586078,0.994347510885973,0,,,
linkedin,2023-05-01,0.7471708945072493,0.2527512969532637,7.784648280750872e-05,4,0.7470930480244418,0.7472487030467363,0,,,
linkedin,2023-05-08,7.856085245551623e-05,0.9252905806436168,0.0746308609978752,4,-0.0745523001454197,0.074709419356383,0,,,
linkedin,2023-05-15,0.0001764462558142,0.9982490738232932,0.0015744647359099,6,-0.0013980184800956,0.0017509261767069,0,,,
linkedin,2023-05-22,1.5096917138635038e-07,0.9999924302101136,7.431169819938077e-06,2,-7.280200648551727e-06,7.569789886474609e-06,0,,,
linkedin,2023-05-29,0.1997556132713658,0.8002279262291268,1.644359340104984e-05,5,0.1997391696779647,0.1997720737708732,0,,,
linkedin,2023-06-05,3.770176408579573e-05,0.9999244213104248,3.7898087612120435e-05,1,-1.963235263247043e-07,7.557868957519531e-05,0,,,
linkedin,2023-06-12,0.024162192369646,0.974819004535675,0.0010187851148657,2,0.0231434072547802,0.0251809954643249,0,,,
linkedin,2023-06-19,6.05607234938077e-06,0.9999735156695048,2.044357574959577e-05,2,-1.4387503400214996e-05,2.6484330495124553e-05,0,,,
linkedin,2023-06-26,2.9657410749450722e-08,0.999997615814209,2.4190560452552745e-06,1,-2.389398634505824e-06,2.384185791015625e-06,0,,,
linkedin,2023-07-03,4.239480404066853e-06,0.9832194447517396,0.0167763791978359,1,-0.0167721397174318,0.0167805552482604,0,,,
linkedin,2023-07-10,1.053949563356582e-05,0.2339019328355789,0.766087532043457,1,-0.7660769925478235,0.7660980671644211,0,,,
linkedin,2023-07-17,0.3334429663676701,0.6664734757903261,8.356377876239662e-05,3,0.3333594025889077,0.3335265242096739,0,,,
linkedin,2023-07-24,1.6877021380423685e-06,0.9993138313293456,0.0006844571325927,1,-0.0006827694304547,0.0006861686706542,0,,,
linkedin,2023-08-14,1.6226954076733098e-06,0.9998475114504496,0.0001508175913992,3,-0.0001491948959915,0.0001524885495504,0,,,
linkedin,2023-08-21,0.0141639203265716,0.9858327706654868,3.3022132204981367e-06,3,0.0141606181133511,0.0141672293345133,0,,,
linkedin,2023-08-28,4.8431580580654554e-05,0.9999095797538756,4.197690213914029e-05,2,6.454678441514261e-06,9.042024612426758e-05,0,,,
linkedin,2023-09-04,0.0186174413703004,0.9811483919620514,0.0002341596591577,6,0.0183832817111427,0.0188516080379486,0,,,
linkedin,2023-09-11,0.0317987829370167,0.968157994747162,4.321712430055413e-05,5,0.0317555658127162,0.031842005252838,0,,,
linkedin,2023-09-18,0.1100645349088113,0.7815785128999675,0.1083569490929259,2,0.0017075858158854,0.2184214871000325,0,,,
linkedin,2023-09-25,1.5205237247073455e-06,0.9999758005142212,2.2713082671543816e-05,2,-2.119255894683647e-05,2.419948577880859e-05,0,,,
linkedin,2023-10-09,0.6659655506712264,0.3340336226462265,8.19463874165057e-07,3,0.6659647312073522,0.6659663773537734,0,,,
linkedin,2023-10-16,0.0417730132446883,0.8105029925894006,0.1477239954368787,8,-0.1059509821921903,0.1894970074105993,0,,,
linkedin,2023-10-23,0.1000069789235425,0.7999822139181976,0.1000108032352747,5,-3.824311732181229e-06,0.2000177860818024,0,,,
linkedin,2023-10-30,0.0001382659331198,0.9985503792762755,0.001311366830771,10,-0.0011731008976511,0.0014496207237243,0,,,
linkedin,2023-11-06,0.1749738156795501,0.1124986335635185,0.7125275135040283,1,-0.5375536978244781,0.8875013664364815,0,,,
linkedin,2023-11-13,3.1129071089708304e-06,0.999988873799642,8.009548234137279e-06,3,-4.896641125166449e-06,1.112620035803591e-05,2,-0.1622880235663615,2.827995905409926,0.0
linkedin,2023-11-20,5.595387282397724e-07,0.6992198824882507,0.3007795442122803,3,-0.3007789846735521,0.3007801175117492,0,,,
linkedin,2023-11-27,0.0004476602361431,0.9162308963107838,0.0833214840295681,6,-0.082873823793425,0.0837691036892162,0,,,
linkedin,2023-12-04,0.200014296712726,0.6046197815542655,0.1953659142402898,5,0.0046483824724361,0.3953802184457344,0,,,
linkedin,2023-12-11,3.346082849020604e-06,0.014094416052103,0.9859021902084352,1,-0.985898844125586,0.985905583947897,0,,,
linkedin,2023-12-25,0.1312348314486371,0.8683481418660709,0.0004170416922144,7,0.1308177897564227,0.1316518581339291,0,,,
linkedin,2024-01-01,2.62629919234314e-06,0.9997450709342957,0.0002522957511246,1,-0.0002496694519322,0.0002549290657043,0,,,
linkedin,2024-01-08,3.5361911147428295e-05,0.8285530435618966,0.1714115637886001,6,-0.1713762018774526,0.1714469564381033,0,,,
linkedin,2024-01-15,7.731886687878387e-05,0.8120605682155916,0.1878621259720846,7,-0.1877848071052059,0.1879394317844084,0,,,
linkedin,2024-01-22,4.9336524714505e-06,0.9997641742229462,0.0002308848830807,4,-0.0002259512306093,0.0002358257770538,0,,,
linkedin,2024-01-29,0.0026712786639109,0.6485711982434926,0.3487575196947243,3,-0.3460862410308133,0.3514288017565073,0,,,
linkedin,2024-02-05,0.2993241597042744,0.700656458735466,1.9374091721147124e-05,3,0.2993047856125533,0.299343541264534,0,,,
linkedin,2024-02-12,7.291226381767046e-06,0.999973714351654,1.8963549621275888e-05,2,-1.1672323239508842e-05,2.6285648345947266e-05,0,,,
linkedin,2024-02-19,1.9565113689168356e-06,0.9999929666519164,5.158645308256382e-06,1,-3.2021339393395465e-06,7.033348083496094e-06,0,,,
linkedin,2024-02-26,0.0004359218282843,0.9955203533172609,0.0040437441784888,2,-0.0036078223502045,0.0044796466827392,0,,,
linkedin,2024-03-04,0.4010778160296837,0.5647342470508754,0.034187943151523,5,0.3668898728781606,0.4352657529491246,0,,,
linkedin,2024-03-11,3.617903822217272e-05,0.9994516298174858,0.0005121899879441,4,-0.0004760109497219,0.0005483701825141,2,0.0454075520476919,2.678293137336006,0.0
linkedin,2024-03-25,0.1657455117038087,0.6014193202524135,0.2328351599908273,6,-0.0670896482870186,0.3985806797475865,0,,,
linkedin,2024-04-01,0.0008180973796697,0.99811789393425,0.0010640160600814,5,-0.0002459186804117,0.0018821060657501,0,,,
linkedin,2024-04-08,0.1417944749028606,0.8581507086753846,5.481470611812256e-05,5,0.1417396601967425,0.1418492913246154,0,,,
linkedin,2024-04-15,0.5002880125856208,0.4997070829112999,4.908505710924753e-06,2,0.50028310407991,0.5002929170887,0,,,
linkedin,2024-04-22,2.6664274628274143e-06,0.9999934434890748,3.948699486500118e-06,1,-1.2822720236727037e-06,6.556510925292969e-06,0,,,
linkedin,2024-04-29,0.000680425759242,0.7755167800933123,0.2238027577013781,2,-0.223122331942136,0.2244832199066877,0,,,
linkedin,2024-05-06,8.010761121113319e-06,0.9994977712631226,0.000494242820423,1,-0.0004862320593019,0.0005022287368774,0,,,
linkedin,2024-05-13,1.0632972902158144e-06,0.999271720647812,0.0007272301220382,1,-0.000726166824748,0.0007282793521881,0,,,
linkedin,2024-05-20,6.283135682849661e-07,0.9999006986618042,9.864811204352009e-05,4,-9.801979847523512e-05,9.930133819580078e-05,0,,,
linkedin,2024-05-27,3.101001252166687e-05,0.9999397695064544,2.918515066122988e-05,6,1.824861860436993e-06,6.0230493545532227e-05,1,-0.296711729125775,0.6931471805599453,0.0
linkedin,2024-06-03,0.0741296609585546,0.8040882664887855,0.1217821038901452,4,-0.0476524429315906,0.1959117335112145,0,,,
linkedin,2024-06-10,1.2581067444727978e-05,0.999984085559845,3.3436532476116554e-06,2,9.237414197116324e-06,1.5914440155029297e-05,1,-0.3233690902065405,0.6931471805599453,0.0
linkedin,2024-06-17,0.1500117362237948,0.724811617289957,0.1251766385135844,2,0.0248350977102103,0.275188382710043,2,0.1132538026595284,1.3195286648076292,0.0
linkedin,2024-06-24,0.9999988079071044,9.744563840285991e-07,2.837198564975552e-07,1,0.999998524187248,0.999999025543616,0,,,
linkedin,2024-07-01,0.0618275216135468,0.9050737420717876,0.0330987213334689,3,0.0287288002800778,0.0949262579282125,0,,,
linkedin,2024-07-08,2.3486279587814354e-07,0.9999988079071044,9.396438258590932e-07,1,-7.047810299809498e-07,1.1920928955078125e-06,0,,,
linkedin,2024-07-15,0.0196396675072335,0.9801743745803831,0.000185901869554,5,0.0194537656376795,0.0198256254196167,0,,,
linkedin,2024-07-22,0.0008249068861232,0.9946203976869584,0.00455466249592,8,-0.0037297556097968,0.0053796023130416,0,,,
linkedin,2024-07-29,1.744223079112674e-06,0.9999828849520002,1.535986848466564e-05,7,-1.3615645405552963e-05,1.7115047999838318e-05,0,,,
linkedin,2024-08-05,0.0002470366991849,0.8796672075986862,0.1200857554129157,4,-0.1198387187137308,0.1203327924013137,0,,,
linkedin,2024-08-12,4.477574128477121e-05,0.9999043444792428,5.084935999851344e-05,6,-6.073618713742235e-06,9.56555207570764e-05,0,,,
linkedin,2024-08-19,1.9373494488661436e-06,0.9993263557553292,0.0006717134448734,8,-0.0006697760954246,0.0006736442446708,0,,,
linkedin,2024-08-26,4.572368936806015e-06,0.99997940659523,1.603969846541986e-05,4,-1.1467329528613844e-05,2.059340476989746e-05,0,,,
linkedin,2024-09-02,0.1428850828112367,0.7560136391958319,0.1011012660561713,10,0.0417838167550654,0.2439863608041681,3,0.3680258216069205,1.110734836725068,1.0
linkedin,2024-09-09,3.667337011847849e-07,0.9999994039535522,2.2884195516326147e-07,1,1.3789174602152346e-07,5.960464477539062e-07,0,,,
linkedin,2024-09-16,8.461246579827275e-06,0.9983168244361876,0.0016746819819672,2,-0.0016662207353874,0.0016831755638122,0,,,
linkedin,2024-09-23,0.0034703903367451,0.9965169628461202,1.2650945510965054e-05,5,0.0034577393912342,0.0034830371538797,0,,,
linkedin,2024-09-30,3.1663940802673096e-08,0.9999829530715942,1.699318272585515e-05,1,-1.6961518785052476e-05,1.704692840576172e-05,0,,,
linkedin,2024-10-07,0.027687331615807,0.9717774763703346,0.0005352048639082,2,0.0271521267518988,0.0282225236296653,0,,,
linkedin,2024-10-14,9.446990821023368e-06,0.9999875624974568,2.971127514683758e-06,3,6.47586330633961e-06,1.2437502543094505e-05,0,,,
linkedin,2024-10-21,2.4680286004515515e-06,0.9991241494814554,0.0008733921536077,3,-0.0008709241250072,0.0008758505185445,1,-0.0795298581506358,3.4011973816621555,0.0
linkedin,2024-10-28,2.177890425514306e-05,0.994505763053894,0.0054724740624199,3,-0.0054506951581648,0.0054942369461059,0,,,
linkedin,2024-11-11,0.0631852193893696,0.9367556469514966,5.9108494568249625e-05,8,0.0631261108948013,0.0632443530485034,0,,,
linkedin,2024-11-18,5.2431845967149115e-06,0.9997975006699562,0.000197244606511,8,-0.0001920014219143,0.0002024993300437,0,,,
linkedin,2024-11-25,0.0025117549598216,0.8983293183975749,0.0991589031610449,9,-0.0966471482012233,0.1016706816024251,0,,,
linkedin,2024-12-02,0.0002684292612684,0.9994733929634094,0.0002581650064712,2,1.0264254797220929e-05,0.0005266070365905,0,,,
linkedin,2024-12-09,0.111764425000264,0.8880443807380894,0.0001911730718499,6,0.111573251928414,0.1119556192619105,0,,,
linkedin,2024-12-16,1.2536356228072996e-05,0.9999722838401794,1.520558722252948e-05,6,-2.669230994456484e-06,2.771615982055664e-05,0,,,
linkedin,2024-12-23,2.900580754214843e-05,0.9981332421302797,0.0018377701773943,5,-0.0018087643698521,0.0018667578697204,0,,,
loreal,2023-01-02,0.1255051775641026,0.7812417364938493,0.0932530946592015,2,0.0322520829049011,0.2187582635061506,0,,,
loreal,2023-01-16,0.1044257124429349,0.7816705369577669,0.1139037460834363,5,-0.0094780336405014,0.2183294630422331,0,,,
loreal,2023-01-23,0.0439218144487716,0.9046147245245274,0.0514634622585525,3,-0.0075416478097809,0.0953852754754726,0,,,
loreal,2023-01-30,0.0878133283332081,0.7857225094586857,0.1264641625286324,4,-0.0386508341954242,0.2142774905413142,0,,,
loreal,2023-02-06,0.0746651216066945,0.8356672095043031,0.0896676661660107,2,-0.0150025445593161,0.1643327904956969,0,,,
loreal,2023-02-13,0.0470708365221191,0.8150142564735151,0.1379149142410073,1,-0.0908440777188882,0.1849857435264849,0,,,
loreal,2023-02-20,0.0837122317256611,0.7517522055649871,0.1645355627394532,5,-0.080823331013792,0.2482477944350128,0,,,
loreal,2023-02-27,0.1464501917661407,0.6236199853117005,0.2299298161752242,3,-0.0834796244090834,0.3763800146882995,0,,,
loreal,2023-03-06,0.0582921050846814,0.8417052175798819,0.1000026797909454,7,-0.041710574706264,0.158294782420118,0,,,
loreal,2023-03-13,0.1340872718477436,0.7843536849779323,0.081559042275189,1,0.0525282295725545,0.2156463150220676,0,,,
loreal,2023-03-20,0.0693827726896642,0.8400680461161967,0.0905491769051349,4,-0.0211664042154706,0.1599319538838033,0,,,
loreal,2023-03-27,0.1439774552815009,0.7389841738683516,0.1170383730301358,9,0.0269390822513651,0.2610158261316484,0,,,
loreal,2023-04-03,0.0749599485521391,0.7825984358649757,0.1424416097620463,6,-0.0674816612099072,0.2174015641350243,0,,,
loreal,2023-04-10,0.0994535648602918,0.7227549262951214,0.177791504861067,10,-0.0783379400007752,0.2772450737048786,0,,,
loreal,2023-04-17,0.0470219677009264,0.8565568175295194,0.0964212111990022,6,-0.0493992434980758,0.1434431824704806,0,,,
loreal,2023-04-24,0.0890898231914682,0.7884286041313275,0.1224815667803531,2,-0.0333917435888849,0.2115713958686724,0,,,
loreal,2023-05-01,0.1313144752976162,0.6313490133790316,0.2373365122358226,4,-0.1060220369382064,0.3686509866209684,0,,,
loreal,2023-05-08,0.0509301477680885,0.7844238685381981,0.1646459833090833,4,-0.1137158355409947,0.2155761314618018,0,,,
loreal,2023-05-15,0.0547322773775232,0.8814206461186532,0.0638470708805872,6,-0.0091147935030639,0.1185793538813467,0,,,
loreal,2023-05-22,0.0154050191302637,0.8375375223687334,0.1470574528414533,3,-0.1316524337111896,0.1624624776312666,0,,,
loreal,2023-05-29,0.0365485893618444,0.8883820797812557,0.075069326445686,5,-0.0385207370838416,0.1116179202187442,0,,,
loreal,2023-06-05,0.1592166840639949,0.7529467357757429,0.0878365748956552,1,0.0713801091683396,0.2470532642242571,0,,,
loreal,2023-06-12,0.0260872677191628,0.88200099345883,0.0919117471172146,2,-0.0658244793980517,0.11799900654117,0,,,
loreal,2023-06-19,0.0466720693268686,0.8845632591416415,0.0687646695292313,2,-0.0220926002023626,0.1154367408583585,0,,,
loreal,2023-06-26,0.1129902130948822,0.8767292474799108,0.0102805288842517,1,0.1027096842106304,0.1232707525200892,0,,,
loreal,2023-07-03,0.075147644575811,0.8033969091450975,0.1214554409705461,1,-0.0463077963947351,0.1966030908549024,0,,,
loreal,2023-07-10,0.0895335569117681,0.8277420785712144,0.0827243565581081,1,0.0068092003536599,0.1722579214287856,0,,,
loreal,2023-07-17,0.1667453422559539,0.7393322535953448,0.093922403533177,3,0.0728229387227769,0.2606677464046552,0,,,
loreal,2023-07-24,0.076617143130394,0.7218010800016926,0.201581779981263,1,-0.1249646368508689,0.2781989199983073,0,,,
loreal,2023-08-14,0.0404203857727402,0.9331441037772558,0.0264355092158098,3,0.0139848765569303,0.0668558962227442,0,,,
loreal,2023-08-21,0.0597490411151504,0.8464449387388188,0.0938060236186426,3,-0.0340569825034922,0.1535550612611812,0,,,
loreal,2023-08-28,0.2110463488696245,0.6654772047915825,0.1234764450848504,3,0.0875699037847741,0.3345227952084175,0,,,
loreal,2023-09-04,0.082673134612591,0.8272071355116063,0.0901197265103648,6,-0.0074465918977738,0.1727928644883937,0,,,
loreal,2023-09-11,0.0656727553960738,0.8516570610519038,0.0826701759298792,7,-0.0169974205338053,0.1483429389480962,0,,,
loreal,2023-09-18,0.1041485983091138,0.7777790277507258,0.1180723707976235,4,-0.0139237724885096,0.2222209722492741,0,,,
loreal,2023-09-25,0.0423898312334534,0.8742768925351082,0.0833332782886675,2,-0.040943447055214,0.1257231074648918,0,,,
loreal,2023-10-09,0.0969477386648812,0.6954081414493695,0.2076441180373207,3,-0.1106963793724394,0.3045918585506305,0,,,
loreal,2023-10-16,0.0987889773693523,0.725739796982383,0.1754712254021622,8,-0.0766822480328099,0.274260203017617,0,,,
loreal,2023-10-23,0.1571523606396122,0.7623495231584976,0.0804981156168387,7,0.0766542450227735,0.2376504768415024,0,,,
loreal,2023-10-30,0.0587378385869142,0.792994421257949,0.1482677419411995,10,-0.0895299033542853,0.207005578742051,0,,,
loreal,2023-11-06,0.0267547472364109,0.958893954621114,0.0143513400414497,3,0.0124034071949611,0.0411060453788859,0,,,
loreal,2023-11-13,0.0335097626310846,0.8893505724582829,0.0771396656060718,3,-0.0436299029749871,0.1106494275417171,0,,,
loreal,2023-11-20,0.0471418894195188,0.9034539796110436,0.0494041336504612,4,-0.0022622442309424,0.0965460203889564,0,,,
loreal,2023-11-27,0.0467142263758119,0.740300499767677,0.2129852700825841,6,-0.1662710437067722,0.259699500232323,0,,,
loreal,2023-12-04,0.0722882372131165,0.755291517302511,0.1724202404641419,5,-0.1001320032510253,0.244708482697489,0,,,
loreal,2023-12-11,0.0465921730246497,0.7636957643077364,0.1897120552613261,1,-0.1431198822366763,0.2363042356922635,0,,,
loreal,2023-12-25,0.0764705072636563,0.8240306615673827,0.0994988400175121,7,-0.0230283327538557,0.1759693384326173,0,,,
loreal,2024-01-01,0.0289002655285604,0.8971421424468324,0.0739575944278606,2,-0.0450573288993002,0.1028578575531675,0,,,
loreal,2024-01-08,0.0614588949046769,0.7884983997789442,0.1500426990974143,6,-0.0885838041927374,0.2115016002210558,0,,,
loreal,2024-01-15,0.1117260799687017,0.7222014168244645,0.1660725044705084,7,-0.0543464245018066,0.2777985831755355,0,,,
loreal,2024-01-22,0.0320714113620103,0.8134911129690161,0.1544374756341844,4,-0.122366064272174,0.1865088870309839,0,,,
loreal,2024-01-29,0.0549632877518434,0.8626097187504603,0.0824269904485747,3,-0.0274637026967313,0.1373902812495396,0,,,
loreal,2024-02-05,0.0432413029042422,0.8962034742439136,0.0605552163124395,5,-0.0173139134081972,0.1037965257560864,0,,,
loreal,2024-02-12,0.0656280699583577,0.8719094387675661,0.062462488525016,2,0.0031655814333417,0.1280905612324339,0,,,
loreal,2024-02-19,0.1155826698855806,0.8145369435645422,0.0698803866184379,1,0.0457022832671427,0.1854630564354578,0,,,
loreal,2024-02-26,0.0301542523850621,0.8832764331269825,0.0865693118356485,2,-0.0564150594505863,0.1167235668730175,0,,,
loreal,2024-03-04,0.1409284608245132,0.6659267928219388,0.1931447437998056,5,-0.0522162829752923,0.3340732071780612,0,,,
loreal,2024-03-11,0.0832814474814302,0.8158824558846398,0.100836094934756,4,-0.0175546474533258,0.1841175441153602,0,,,
loreal,2024-03-25,0.0807688215117028,0.7651225423670702,0.1541086400388408,6,-0.073339818527138,0.2348774576329297,0,,,
loreal,2024-04-01,0.0786938631275024,0.8571367233960109,0.0641694249236824,9,0.01452443820382,0.1428632766039891,0,,,
loreal,2024-04-08,0.0917930978626356,0.8311282310193355,0.0770786720368645,5,0.014714425825771,0.1688717689806644,0,,,
loreal,2024-04-15,0.0454017847936176,0.7775043272668988,0.1770938866853069,2,-0.1316921018916892,0.2224956727331012,0,,,
loreal,2024-04-22,0.0387870223699798,0.8830323078218607,0.0781806634535272,2,-0.0393936410835474,0.1169676921781393,0,,,
loreal,2024-04-29,0.0477866849252294,0.8590114806656386,0.0932018330225574,3,-0.045415148097328,0.1409885193343614,0,,,
loreal,2024-05-06,0.104162750354054,0.3937462248236352,0.5020910084553663,1,-0.3979282581013122,0.6062537751763648,0,,,
loreal,2024-05-13,0.0348081695253465,0.8697835166771315,0.0954083200250534,2,-0.0606001504997068,0.1302164833228685,0,,,
loreal,2024-05-20,0.0561973575477958,0.8682111565541941,0.0755914849433265,4,-0.0193941273955306,0.1317888434458058,0,,,
loreal,2024-05-27,0.0833141425668851,0.8122858898679768,0.1043999656495601,6,-0.021085823082675,0.1877141101320232,0,,,
loreal,2024-06-03,0.0229490003705247,0.8702706199361481,0.1067803783648177,4,-0.0838313779942929,0.1297293800638519,0,,,
loreal,2024-06-10,0.0280678352275971,0.8758843355627077,0.0960478198488691,2,-0.0679799846212719,0.1241156644372922,0,,,
loreal,2024-06-17,0.1343846854778722,0.7504426921211653,0.1151726247804657,2,0.0192120606974065,0.2495573078788346,0,,,
loreal,2024-06-24,0.0559074116868083,0.8529781313036046,0.0911144553613066,1,-0.0352070436744983,0.1470218686963954,0,,,
loreal,2024-07-01,0.1022137862630498,0.7338201492406474,0.1639660631256324,3,-0.0617522768625825,0.2661798507593526,0,,,
loreal,2024-07-08,0.0140368814702264,0.733220397737579,0.2527427694973909,6,-0.2387058880271645,0.266779602262421,0,,,
loreal,2024-07-15,0.1859127723635275,0.7463224038188013,0.0677648279310395,5,0.1181479444324879,0.2536775961811987,0,,,
loreal,2024-07-22,0.0498614733314112,0.8371828742898779,0.1129556487863904,8,-0.0630941754549791,0.162817125710122,0,,,
loreal,2024-07-29,0.0762121906622576,0.8158647419092286,0.1079230657729571,7,-0.0317108751106994,0.1841352580907713,0,,,
loreal,2024-08-05,0.0669314692681879,0.8302880569347932,0.1027804770522742,4,-0.0358490077840863,0.1697119430652067,0,,,
loreal,2024-08-12,0.0545170176654274,0.8290268227846023,0.1164561504713721,7,-0.0619391328059446,0.1709731772153977,0,,,
loreal,2024-08-19,0.0441816540034843,0.8563363373161368,0.0994820084100317,8,-0.0553003544065474,0.1436636626838632,0,,,
loreal,2024-08-26,0.0696857508543722,0.8159244908865376,0.1143897604858265,4,-0.0447040096314543,0.1840755091134623,0,,,
loreal,2024-09-02,0.0576697692651367,0.7743085468375985,0.1680216828564703,10,-0.1103519135913335,0.2256914531624014,0,,,
loreal,2024-09-09,0.0900658722884845,0.8083139547330296,0.1016201737783554,3,-0.0115543014898708,0.1916860452669704,0,,,
loreal,2024-09-16,0.0196715849124113,0.9174288484973918,0.0628995634868283,2,-0.043227978574417,0.0825711515026081,0,,,
loreal,2024-09-23,0.0565300290690553,0.8107820187187302,0.1326879531407737,5,-0.0761579240717183,0.1892179812812697,0,,,
loreal,2024-09-30,0.0811955366620435,0.8241795697739654,0.094624878512135,1,-0.0134293418500915,0.1758204302260345,0,,,
loreal,2024-10-07,0.0959462914992857,0.8348220186832553,0.0692316910073103,2,0.0267146004919754,0.1651779813167446,0,,,
loreal,2024-10-14,0.0490688924430108,0.88463455987293,0.0662965460696104,3,-0.0172276536265996,0.1153654401270699,0,,,
loreal,2024-10-21,0.0560689189256538,0.8295122284740546,0.1144188483589284,3,-0.0583499294332745,0.1704877715259454,0,,,
loreal,2024-10-28,0.0722379890942698,0.835799245884772,0.0919627676534723,3,-0.0197247785592025,0.164200754115228,0,,,
loreal,2024-11-11,0.0546107193754264,0.8188356212433235,0.1265536595819603,8,-0.0719429402065339,0.1811643787566764,0,,,
loreal,2024-11-18,0.0440958867199819,0.885651512943297,0.0702526000877707,9,-0.0261567133677887,0.1143484870567029,0,,,
loreal,2024-11-25,0.0628474386183321,0.8328881416643679,0.1042644203988963,11,-0.0414169817805642,0.1671118583356321,0,,,
loreal,2024-12-02,0.0364403914291124,0.8711020522015804,0.0924575511441385,2,-0.0560171597150261,0.1288979477984195,0,,,
loreal,2024-12-09,0.1298283516662065,0.8002693880952604,0.0699022579617644,6,0.0599260937044421,0.1997306119047396,0,,,
loreal,2024-12-16,0.0545682109915049,0.8101192013905559,0.1353125869369601,6,-0.0807443759454551,0.189880798609444,0,,,
loreal,2024-12-23,0.0564375532627844,0.7964885795531935,0.1470738688265397,6,-0.0906363155637553,0.2035114204468064,0,,,
loreal,2024-12-30,0.0276319391547484,0.9262796982942711,0.0460883655866998,1,-0.0184564264319513,0.0737203017057288,0,,,
lorealparis,2023-06-26,,,,0,,,1,0.0594262050530005,5.575949103146316,0.0
luisvuttion,2023-05-08,0.0153691043567492,0.9831902069822211,0.0014406749032978,2,0.0139284294534513,0.0168097930177787,0,,,
luisvuttion,2023-08-14,0.1430871601612849,0.8534504376990039,0.0034623930007943,1,0.1396247671604906,0.1465495623009961,0,,,
luisvuttion,2023-09-18,2.175195295970928e-05,0.9995627316561612,0.0004155363557378,2,-0.0003937844027781,0.0004372683438387,0,,,
luisvuttion,2023-10-16,0.0303326408462125,0.9500201338458848,0.0196472205886314,4,0.0106854202575811,0.0499798661541152,0,,,
luisvuttion,2023-11-06,0.0241116809090075,0.9258975729087306,0.0499907499711103,3,-0.0258790690621028,0.0741024270912693,0,,,
luisvuttion,2024-11-18,0.0166226563272003,0.9824131163390908,0.0009642408918493,1,0.0156584154353509,0.0175868836609093,0,,,
luisvuttion,2024-12-16,0.0653558243481096,0.7225548952801778,0.2120892738922966,1,-0.146733449544187,0.2774451047198222,0,,,
mastercard,2023-01-02,1.737574280014087e-07,0.9999957084655762,4.220296887069708e-06,1,-4.046539459068299e-06,4.291534423828125e-06,0,,,
mastercard,2023-02-06,1.2106197270137878e-05,0.6799972479542097,0.3199906943142802,3,-0.3199785881170101,0.3200027520457903,0,,,
mastercard,2023-02-13,2.5683403848120182e-08,0.9999988079071044,1.2120415249228245e-06,2,-1.1863581210747045e-06,1.1920928955078125e-06,0,,,
mastercard,2023-02-20,0.1741424981140656,0.7804866648576637,0.0453708319498724,3,0.1287716661641932,0.2195133351423362,0,,,
mastercard,2023-02-27,0.3040762114036018,0.6511891111731529,0.044734662876048,1,0.2593415485275537,0.3488108888268471,0,,,
mastercard,2023-03-06,0.0047347730355416,0.910046303186876,0.0852189443318877,3,-0.0804841712963461,0.0899536968131239,0,,,
mastercard,2023-03-13,0.0008820657017167,0.6718212192257246,0.3272967526407531,3,-0.3264146869390363,0.3281787807742754,0,,,
mastercard,2023-03-27,0.0002611653484052,0.999730572104454,8.253647592937341e-06,2,0.0002529117008123,0.0002694278955459,0,,,
mastercard,2023-04-03,0.2387628510734127,0.7611861228942871,5.103161970509973e-05,1,0.2387118194537076,0.2388138771057129,0,,,
mastercard,2023-04-10,0.2475936190720915,0.7524010045453906,5.391499854567883e-06,1,0.2475882275722369,0.2475989954546094,0,,,
mastercard,2023-05-01,0.008599448017776,0.9913747906684875,2.5709678084240295e-05,1,0.0085737383396917,0.0086252093315124,0,,,
mastercard,2023-05-15,9.06200220924802e-05,0.88680100440979,0.1131083965301513,1,-0.1130177765080588,0.1131989955902099,0,,,
mastercard,2023-05-29,0.0143315404000077,0.8954833447933197,0.090185105622254,2,-0.0758535652222462,0.1045166552066803,0,,,
mastercard,2023-06-19,0.2401733684428677,0.7594382566776403,0.0003883392752408,2,0.2397850291676269,0.2405617433223597,0,,,
mastercard,2023-07-10,1.388516011502361e-05,0.9999767541885376,9.460272849537432e-06,1,4.424887265486177e-06,2.3245811462402344e-05,0,,,
mastercard,2023-07-31,0.0012206505561778,0.6236766766831288,0.3751026420843573,1,-0.3738819915281794,0.3763233233168712,0,,,
mastercard,2023-08-14,5.498804512171773e-06,0.4998469787275326,0.5001475422031945,1,-0.5001420433986823,0.5001530212724674,0,,,
mastercard,2023-08-21,0.9655554890632628,0.0344342738389968,1.0252080755890349e-05,1,0.965545236982507,0.9655657261610032,0,,,
mastercard,2023-08-28,6.938030878700374e-07,0.4999722302345617,0.5000270647469733,1,-0.5000263709438855,0.5000277697654383,0,,,
mastercard,2023-09-18,1.4504485079669394e-06,0.99998676776886,1.1772685866162648e-05,1,-1.0322237358195707e-05,1.323223114013672e-05,0,,,
mastercard,2023-10-09,0.4984943815506995,0.5013668332248926,0.0001387833316357,2,0.4983555982190637,0.4986331667751074,0,,,
mastercard,2023-10-16,0.0570807677159105,0.6605201995532427,0.2823990281893722,1,-0.2253182604734616,0.3394798004467573,0,,,
mastercard,2023-11-06,1.1919536291316035e-06,0.9999985694885254,1.9292622255306926e-07,1,9.990274065785345e-07,1.430511474609375e-06,0,,,
mastercard,2023-11-20,4.2442985431989655e-05,0.999637246131897,0.0003203742089681,1,-0.0002779312235361,0.000362753868103,0,,,
mastercard,2023-11-27,0.4996840851699744,0.0007397021690849,0.4995762259934508,1,0.0001078591765235,0.9992602978309152,0,,,
mastercard,2023-12-04,0.4557023334581345,0.5442715026438236,2.609603416203754e-05,2,0.4556762374239724,0.4557284973561764,0,,,
mastercard,2023-12-11,1.1136918374177185e-06,0.999843180179596,0.0001556984955186,2,-0.0001545848036812,0.000156819820404,0,,,
mastercard,2023-12-18,0.0006822981306034,0.3391145900047074,0.6602030773369734,3,-0.6595207792063699,0.6608854099952925,0,,,
mastercard,2023-12-25,0.2079458957625269,0.5697794307210542,0.2222746899509123,3,-0.0143287941883853,0.4302205692789458,0,,,
mastercard,2024-01-08,3.342839818287757e-07,0.9999951124191284,4.563304628391052e-06,1,-4.229020646562276e-06,4.887580871582031e-06,0,,,
mastercard,2024-02-12,5.835556748934323e-07,0.9999675750732422,3.185589594068006e-05,1,-3.1272340265786625e-05,3.24249267578125e-05,0,,,
mastercard,2024-02-19,0.3266764456255562,0.673283334200581,4.023924242346766e-05,3,0.3266362063831328,0.326716665799419,0,,,
mastercard,2024-03-18,0.0002195821143686,0.0466470308601856,0.9531334042549132,1,-0.9529138221405448,0.9533529691398144,0,,,
mastercard,2024-03-25,0.1458075999155531,0.745540715748053,0.1086516721964394,3,0.0371559277191137,0.2544592842519469,0,,,
mastercard,2024-04-01,0.0001998847126145,0.999560445547104,0.000239640838231,2,-3.975612561646358e-05,0.0004395544528961,0,,,
mastercard,2024-04-29,0.5000052699128901,2.432584529366011e-07,0.4999945187396268,1,1.075117326321262e-05,0.9999997567415472,0,,,
mastercard,2024-06-17,7.674129420820465e-08,0.9999980926513672,1.7851268694357714e-06,1,-1.7083855752275667e-06,1.9073486328125e-06,0,,,
mastercard,2024-07-08,7.57565885578515e-07,0.9999899864196776,9.24574396776734e-06,1,-8.488178082188824e-06,1.0013580322265623e-05,0,,,
mastercard,2024-08-12,0.001043354277499,0.9986409544944764,0.0003157712344545,1,0.0007275830430444,0.0013590455055236,0,,,
mastercard,2024-08-19,7.245637334563072e-08,0.9999730587005616,2.6820793209481053e-05,1,-2.6748336836135422e-05,2.694129943847656e-05,0,,,
mastercard,2024-09-16,0.5002581120130518,0.4997378291494065,4.0755398283964794e-06,1,0.5002540364732234,0.5002621708505934,0,,,
mastercard,2024-09-23,0.1304543846326282,0.2563009976665285,0.6132446408723808,2,-0.4827902562397526,0.7436990023334715,0,,,
mastercard,2024-10-28,6.12361463936395e-06,0.9999922513961792,1.6785297702881508e-06,1,4.445084869075799e-06,7.748603820800781e-06,0,,,
mastercard,2024-11-11,1.0325047696824186e-05,0.999832272529602,0.0001573728077346,1,-0.0001470477600378,0.0001677274703979,0,,,
mastercard,2024-11-25,0.6686101709492505,0.3313004257120084,8.935956120037503e-05,1,0.6685208113880501,0.6686995742879915,0,,,
mastercard,2024-12-02,0.0263944913940864,0.9250611491045572,0.0485443595734361,8,-0.0221498681793497,0.0749388508954429,0,,,
mastercard,2024-12-23,0.3381338182097551,0.4951256683392178,0.1667405294630223,1,0.1713932887467327,0.5048743316607822,0,,,
mcdonalds,2023-01-30,,,,0,,,1,-0.1064367896152589,2.302585092994046,0.0
mcdonalds,2023-03-13,,,,0,,,1,0.0097191195630443,7.716906135298388,0.0
mcdonalds,2023-05-01,,,,0,,,1,-0.2379800280305346,0.0,0.0
mcdonalds,2023-05-29,,,,0,,,1,-0.1833338798907817,4.976733742420574,0.0
mcdonalds,2023-07-10,,,,0,,,1,-0.0425932893012372,0.6931471805599453,0.0
mcdonalds,2023-11-27,,,,0,,,2,-0.172067047259361,1.9944920232821373,0.0
mcdonalds,2023-12-11,,,,0,,,1,0.0807451065054465,0.6931471805599453,0.0
mcdonalds,2024-01-22,,,,0,,,1,0.2476463699301803,0.6931471805599453,0.0
mcdonalds,2024-01-29,,,,0,,,2,-0.0762758566752381,1.2424533248940002,0.0
mcdonalds,2024-03-04,,,,0,,,2,-0.3338605824961647,1.868834809141684,0.0
mcdonalds,2024-04-08,,,,0,,,4,-0.0506319634523784,3.647172957694007,0.0
mcdonalds,2024-05-27,,,,0,,,2,-0.2312315079376219,1.7328679513998633,0.0
mcdonalds,2024-07-22,,,,0,,,4,-0.0290384575936606,3.2527663172699377,0.0
mcdonalds,2024-07-29,,,,0,,,2,-0.0564770244013743,0.8958797346140275,0.0
mcdonalds,2024-08-05,,,,0,,,3,0.0736313664577513,1.4435777800954437,0.0
mcdonalds,2024-08-12,,,,0,,,4,0.0156203786402784,2.8732521077824673,0.0
mcdonalds,2024-08-19,,,,0,,,4,-0.1860849062539102,0.6931471805599453,0.0
mcdonalds,2024-08-26,,,,0,,,4,0.0308764764738853,1.4876606381469315,0.0
mcdonalds,2024-09-16,,,,0,,,6,0.434169986731528,3.222120088893297,1.0
mcdonalds,2024-09-23,,,,0,,,1,0.1858959079254418,0.6931471805599453,0.0
mcdonalds,2024-10-07,,,,0,,,5,-0.189771566366727,1.6295734259847894,1.0
mcdonalds,2024-10-14,,,,0,,,2,-0.0423407131225133,2.5737472384067264,0.0
mcdonalds,2024-10-21,,,,0,,,1,0.0623227219857653,1.0986122886681098,0.0
mcdonalds,2024-11-04,,,,0,,,2,-0.1016133331266928,2.456327442868026,0.0
mcdonalds,2024-11-11,,,,0,,,1,-0.1532136305104359,2.0794415416798357,0.0
mcdonalds,2024-11-18,,,,0,,,1,-0.1558907395422579,1.0986122886681098,0.0
mcdonalds,2024-11-25,,,,0,,,1,-0.1924323900420859,0.6931471805599453,0.0
mcdonalds,2024-12-02,,,,0,,,1,-0.2190166989724673,0.6931471805599453,0.0
mcdonalds,2024-12-09,,,,0,,,11,-0.1574567202769944,5.047621563797697,1.0
mercedes,2022-12-26,3.312559613277699e-07,0.9999974966049194,2.1351022496673977e-06,1,-1.803846288339628e-06,2.5033950805664062e-06,0,,,
mercedes,2023-01-02,0.0579038482279727,0.8955909196447902,0.0465052312874148,4,0.0113986169405579,0.1044090803552098,0,,,
mercedes,2023-01-09,0.0002212348151123,0.9997594157854716,1.934028226931635e-05,1,0.000201894532843,0.0002405842145284,0,,,
mercedes,2023-01-16,1.400804308104853e-07,0.9999929666519164,6.862603186164051e-06,1,-6.722522755353566e-06,7.033348083496094e-06,0,,,
mercedes,2023-01-30,0.331664002311237,0.591745170029071,0.0765908449876354,6,0.2550731573236015,0.408254829970929,0,,,
mercedes,2023-02-13,7.205868790833847e-05,0.4762808658182621,0.5236470465742968,5,-0.5235749878863885,0.5237191341817379,0,,,
mercedes,2023-02-20,0.0002748238315083,0.943868080774943,0.0558571075089275,3,-0.0555822836774192,0.056131919225057,0,,,
mercedes,2023-03-06,0.0007325651240535,0.9992569088935852,1.0491688954061829e-05,1,0.0007220734350994,0.0007430911064147,0,,,
mercedes,2023-03-13,0.000567625509575,0.9991632103919984,0.000269226002274,2,0.0002983995073009,0.0008367896080017,0,,,
mercedes,2023-03-27,2.627923822728917e-05,0.9998985528945924,7.52697087591514e-05,1,-4.899047053186223e-05,0.0001014471054077,0,,,
mercedes,2023-04-03,2.620622083782109e-07,0.999993622303009,6.03606258664513e-06,2,-5.774000378266919e-06,6.377696990966797e-06,0,,,
mercedes,2023-04-10,0.2207795358842287,0.6422927397819327,0.1369277197343943,8,0.0838518161498344,0.3577072602180673,0,,,
mercedes,2023-04-17,0.1303072555826281,0.6300087594991055,0.2396840081399318,4,-0.1093767525573037,0.3699912405008945,0,,,
mercedes,2023-04-24,0.0040594747494004,0.9958144028981528,0.0001261325869563,3,0.0039333421624441,0.0041855971018472,0,,,
mercedes,2023-05-01,1.3525629685891736e-06,0.9999934236208596,5.225725402624448e-06,4,-3.873162434035274e-06,6.576379140255106e-06,0,,,
mercedes,2023-05-08,0.0127125048893503,0.7910859882831573,0.1962015277628476,3,-0.1834890228734972,0.2089140117168426,0,,,
mercedes,2023-05-15,2.3377641980459885e-05,0.9984115660190582,0.0015650686495973,2,-0.0015416910076169,0.0015884339809417,0,,,
mercedes,2023-05-29,4.827138415445612e-05,0.6666584184373885,0.33329333233011,2,-0.3332450609459556,0.3333415815626115,0,,,
mercedes,2023-06-05,1.9774903421421186e-06,0.9999948143959044,3.1157650255408953e-06,2,-1.138274683398777e-06,5.185604095458984e-06,0,,,
mercedes,2023-06-19,3.890829596286949e-07,0.9999840021133424,1.5648884641450422e-05,5,-1.5259801681821727e-05,1.5997886657737048e-05,0,,,
mercedes,2023-06-26,0.0001554839313797,0.9971681386232376,0.0026763293774365,2,-0.0025208454460567,0.0028318613767623,0,,,
mercedes,2023-07-03,0.026090317124571,0.9200792459800444,0.0538304285178605,4,-0.0277401113932895,0.0799207540199556,0,,,
mercedes,2023-07-10,0.5000000721743163,0.4999916596967626,8.255849479610333e-06,2,0.4999918163248367,0.5000083403032374,0,,,
mercedes,2023-07-17,0.0019459175001514,0.4948090484765757,0.5032450086218887,4,-0.5012990911217372,0.5051909515234243,0,,,
mercedes,2023-07-24,0.2499614036271928,0.7499995862708602,3.9023898821710645e-05,4,0.2499223797283711,0.2500004137291398,0,,,
mercedes,2023-08-14,0.0300739650504077,0.9070628421887778,0.0628631750528454,5,-0.0327892100024377,0.0929371578112222,0,,,
mercedes,2023-08-21,0.9999682903289796,2.074302210530732e-05,1.0909508091572206e-05,1,0.999957380820888,0.9999792569778948,0,,,
mercedes,2023-08-28,1.4151692155905948e-06,0.9572999238967896,0.04269866376967,5,-0.0426972486004544,0.0427000761032104,0,,,
mercedes,2023-09-04,1.1272020117303329e-07,0.9999977350234984,2.157612698283629e-06,1,-2.0448924971105953e-06,2.264976501464844e-06,0,,,
mercedes,2023-09-11,0.0002270088079967,0.5997254353154858,0.4000475633511087,5,-0.3998205545431119,0.4002745646845141,0,,,
mercedes,2023-09-18,0.027583858853921,0.6368441717402841,0.3355719615773347,11,-0.3079881027234137,0.3631558282597159,0,,,
mercedes,2023-09-25,2.646845003490788e-06,0.9996511084692818,0.0003462356216264,7,-0.0003435887766229,0.0003488915307181,0,,,
mercedes,2023-10-02,0.164681765248288,0.6423132916646345,0.1930049552024083,7,-0.0283231899541202,0.3576867083353655,0,,,
mercedes,2023-10-09,2.136014398956831e-05,0.9988373667001724,0.0011412939971933,2,-0.0011199338532037,0.0011626332998275,0,,,
mercedes,2023-10-16,1.0342550912885905e-05,0.9996333916982016,0.0003562547137789,3,-0.000345912162866,0.0003666083017984,0,,,
mercedes,2023-10-23,0.0018904685374674,0.9953493997454644,0.0027601121622827,3,-0.0008696436248153,0.0046506002545356,0,,,
mercedes,2023-10-30,1.1278950609039384e-06,0.9997243583202362,0.000274492196695,2,-0.0002733643016341,0.0002756416797637,0,,,
mercedes,2023-11-06,1.7824221671958185e-06,0.8749975586260916,0.1250006647239274,4,-0.1249988823017602,0.1250024413739083,0,,,
mercedes,2023-11-13,2.336695249738341e-05,0.750682266545482,0.2492944019201104,4,-0.249271034967613,0.249317733454518,0,,,
mercedes,2023-11-20,4.649687252822332e-05,0.9995787739753724,0.0003747646405827,1,-0.0003282677680545,0.0004212260246276,0,,,
mercedes,2023-11-27,0.2459470742608269,0.7240075836724742,0.0300453447050494,8,0.2159017295557775,0.2759924163275258,0,,,
mercedes,2023-12-04,0.0003744744525227,0.7628529965877533,0.236772545227988,3,-0.2363980707754652,0.2371470034122467,0,,,
mercedes,2023-12-11,8.151366181419206e-05,0.9998808801174164,3.7600826850336944e-05,2,4.391283496385512e-05,0.0001191198825836,0,,,
mercedes,2023-12-18,8.167100040168407e-05,0.9998801648616792,3.813269836427935e-05,2,4.353830203740472e-05,0.0001198351383209,0,,,
mercedes,2023-12-25,0.0835528406560541,0.7308850623647156,0.1855620696532596,2,-0.1020092289972054,0.2691149376352844,0,,,
mercedes,2024-01-01,0.166685113023016,0.5017351392713559,0.3315797619082279,6,-0.1648946488852119,0.498264860728644,0,,,
mercedes,2024-01-08,7.440263289026916e-05,0.9992035031318665,0.0007220565457828,1,-0.0006476539128925,0.0007964968681335,0,,,
mercedes,2024-01-15,3.507327346596867e-05,0.9999234676361084,4.144888953305781e-05,1,-6.37561606708914e-06,7.653236389160156e-05,0,,,
mercedes,2024-01-22,1.3869406529920525e-06,0.9999949932098388,3.6340704809845192e-06,1,-2.2471298279924667e-06,5.0067901611328125e-06,0,,,
mercedes,2024-01-29,0.0813629429612774,0.4146484350967512,0.5039886040613055,1,-0.4226256611000281,0.5853515649032488,0,,,
mercedes,2024-02-12,0.000665562393447,0.9993293285369872,5.0304509500165295e-06,1,0.000660531942497,0.0006706714630126,0,,,
mercedes,2024-02-19,0.0006344314251691,0.4944496999424075,0.5049158870242536,2,-0.5042814555990844,0.5055503000575925,0,,,
mercedes,2024-02-26,0.0438000190564906,0.9559224652669704,0.0002774996036881,4,0.0435225194528025,0.0440775347330296,0,,,
mercedes,2024-03-04,7.425319091680649e-05,0.2814706470817327,0.7184551097501147,3,-0.7183808565591979,0.7185293529182673,0,,,
mercedes,2024-03-11,3.489452711491481e-05,0.518815947289113,0.4811491716045566,4,-0.4811142770774417,0.481184052710887,0,,,
mercedes,2024-03-18,0.0006917757228503,0.9046837368181774,0.0946245144032218,7,-0.0939327386803715,0.0953162631818226,0,,,
mercedes,2024-03-25,4.95931343245104e-05,0.9770556390285492,0.0228947554810012,4,-0.0228451623466767,0.0229443609714508,0,,,
mercedes,2024-04-01,8.104104920209446e-05,0.5890700964658805,0.4108488893119632,5,-0.4107678482627611,0.4109299035341195,0,,,
mercedes,2024-04-08,3.371567922272334e-05,0.9284370839595796,0.0715291830329079,2,-0.0714954673536851,0.0715629160404205,0,,,
mercedes,2024-04-15,0.1887550810118506,0.6944413292791988,0.1168035797209926,8,0.0719515012908579,0.3055586707208012,0,,,
mercedes,2024-04-22,0.1111450640669539,0.7784671349825536,0.1103878246549137,3,0.0007572394120401,0.2215328650174464,0,,,
mercedes,2024-04-29,0.0004963259774055,0.999360031741006,0.0001436202842569,5,0.0003527056931486,0.000639968258994,0,,,
mercedes,2024-05-13,0.1163756264062982,0.8340250225037574,0.0495993427920642,15,0.066776283614234,0.1659749774962425,0,,,
mercedes,2024-05-20,0.0009741958068363,0.8013375139018373,0.197688293790032,6,-0.1967140979831957,0.1986624860981627,0,,,
mercedes,2024-05-27,0.0088543310123213,0.6135048334797224,0.3776408774623026,5,-0.3687865464499812,0.3864951665202776,0,,,
mercedes,2024-06-03,0.1696023780239919,0.7934918935056885,0.0369057046945897,8,0.1326966733294021,0.2065081064943115,0,,,
mercedes,2024-06-10,0.0002223402904141,0.7910435727144431,0.2087340896886568,6,-0.2085117493982426,0.2089564272855568,0,,,
mercedes,2024-06-17,9.515928582004562e-06,0.9999250372250876,6.545556122243094e-05,3,-5.593963264042638e-05,7.496277491247927e-05,0,,,
mercedes,2024-06-24,0.3258297678221424,0.6733185437818369,0.0008516914676874,3,0.3249780763544549,0.3266814562181631,0,,,
mercedes,2024-07-01,1.996700902395787e-07,0.9999989867210388,7.983444163528475e-07,2,-5.986743261132688e-07,1.0132789611816406e-06,0,,,
mercedes,2024-07-08,3.8641560043591504e-05,0.5802988860145383,0.4196624953208104,9,-0.4196238537607668,0.4197011139854617,0,,,
mercedes,2024-07-15,2.802243486144107e-07,0.9999953508377076,4.350303925093613e-06,2,-4.070079576479202e-06,4.649162292480469e-06,0,,,
mercedes,2024-07-22,1.7118345821742764e-05,0.7499690937590877,0.2500138058900347,4,-0.249996687544213,0.2500309062409123,0,,,
mercedes,2024-08-12,0.0208576243849544,0.9698342084884644,0.0093081455997889,3,0.0115494787851654,0.0301657915115356,0,,,
mercedes,2024-08-19,0.1652010085627608,0.8229308426380157,0.0118681907403394,3,0.1533328178224214,0.1770691573619842,0,,,
mercedes,2024-08-26,2.2940878845171635e-05,0.9911769529183706,0.0088000740191394,1,-0.0087771331402943,0.0088230470816293,0,,,
mercedes,2024-09-02,0.0010122208623215,0.0070257703773677,0.9919620156288148,1,-0.9909497947664933,0.9929742296226324,0,,,
mercedes,2024-09-09,1.3439152724004089e-07,0.9999946355819702,5.2730920288013294e-06,1,-5.1387005015612885e-06,5.364418029785156e-06,0,,,
mercedes,2024-09-16,0.0059353221586117,0.9704375476437272,0.0236270833043794,2,-0.0176917611457676,0.0295624523562727,0,,,
mercedes,2024-09-23,0.4999822544845056,1.7735084605341456e-05,0.5000000734943342,2,-1.7819009828556887e-05,0.9999822649153948,0,,,
mercedes,2024-09-30,0.0189104788073343,0.7699402139303857,0.2111493177508236,5,-0.1922388389434893,0.2300597860696143,0,,,
mercedes,2024-10-07,0.4764002580704982,0.0337697183713316,0.4898300267595914,2,-0.0134297686890931,0.9662302816286684,0,,,
mercedes,2024-10-21,0.0004712897626197,0.9437333835704086,0.0557953131840128,6,-0.055324023421393,0.0562666164295914,0,,,
mercedes,2024-10-28,2.137265467396787e-05,0.7999706986825913,0.2000079591394524,5,-0.1999865864847784,0.2000293013174087,0,,,
mercedes,2024-11-04,0.1498075319867425,0.8462356507778168,0.0039567661760884,5,0.1458507658106541,0.1537643492221831,0,,,
mercedes,2024-11-11,0.4997957076216153,0.5001733665703796,3.0881567397500476e-05,2,0.4997648260542178,0.4998266334296204,0,,,
mercedes,2024-11-18,1.939728099387139e-05,0.666827070293948,0.3331534745339013,3,-0.3331340772529074,0.3331729297060519,0,,,
mercedes,2024-11-25,0.0120479684434447,0.9331397314866384,0.0548122960627684,3,-0.0427643276193236,0.0668602685133615,0,,,
mercedes,2024-12-02,0.181743576463663,0.7080030111741675,0.1102533995898488,2,0.0714901768738142,0.2919969888258324,0,,,
mercedes,2024-12-09,5.124172730575083e-07,0.3333311742949044,0.6666683042233975,3,-0.6666677918061245,0.6666688257050957,0,,,
mercedes,2024-12-16,2.631199720326549e-07,0.9999828338623048,1.6953506928985007e-05,1,-1.6690386956952352e-05,1.71661376953125e-05,0,,,
mercedes,2024-12-30,9.948928436642746e-07,0.9999639987945556,3.499828017083928e-05,1,-3.4003387327175005e-05,3.600120544433594e-05,0,,,
mercedesbenz,2023-03-06,,,,0,,,1,-0.0705027459043776,1.791759469228055,0.0
mercedesbenz,2023-04-10,,,,0,,,1,-0.1613097494563931,0.0,0.0
mercedesbenz,2023-04-17,,,,0,,,1,-0.2168074117021206,2.772588722239781,0.0
mercedesbenz,2023-09-25,,,,0,,,1,-0.0903109040787057,0.6931471805599453,0.0
mercedesbenz,2023-10-02,,,,0,,,2,0.097631911303722,0.6931471805599453,0.0
mercedesbenz,2023-10-23,,,,0,,,1,-0.1483463305560235,0.6931471805599453,0.0
mercedesbenz,2024-01-15,,,,0,,,2,0.1247920153869586,2.282174095733918,0.0
mercedesbenz,2024-01-22,,,,0,,,2,-0.0506123090744949,2.1910133173369406,0.0
mercedesbenz,2024-01-29,,,,0,,,1,0.1281711169799564,1.0986122886681098,0.0
mercedesbenz,2024-04-15,,,,0,,,2,-0.1248010218105264,2.368099224197248,0.0
mercedesbenz,2024-04-22,,,,0,,,2,-0.0496886901964899,2.8810256913900885,0.0
mercedesbenz,2024-05-06,,,,0,,,2,-0.0558360152353998,2.3124864066421353,0.0
mercedesbenz,2024-06-10,,,,0,,,4,-0.03076551193476,3.18047742277977,1.0
mercedesbenz,2024-07-15,,,,0,,,2,0.1278118937179897,3.4034146801960885,0.0
mercedesbenz,2024-07-22,,,,0,,,2,-0.0262704543731615,0.6931471805599453,0.0
mercedesbenz,2024-08-05,,,,0,,,1,-0.0179222888945957,0.6931471805599453,0.0
mercedesbenz,2024-08-12,,,,0,,,2,0.0024650481350363,0.6931471805599453,0.0
mercedesbenz,2024-08-26,,,,0,,,6,0.0480729941516718,2.2803191938819443,1.0
mercedesbenz,2024-09-02,,,,0,,,1,-0.0297766499056706,1.791759469228055,0.0
mercedesbenz,2024-09-16,,,,0,,,1,-0.2142738208350465,0.6931471805599453,0.0
mercedesbenz,2024-11-04,,,,0,,,1,-0.0777059904521593,0.6931471805599453,0.0
mercedesbenz,2024-11-25,,,,0,,,1,-0.1189564484579932,3.688879454113936,0.0
microsoft,2022-12-26,8.126727152557578e-06,0.018761133775115,0.9812306761741638,1,-0.9812225494470111,0.981238866224885,0,,,
microsoft,2023-01-02,0.0369161149652738,0.6513067935048064,0.3117770584355622,7,-0.2748609434702883,0.3486932064951936,1,-0.2055306564375314,4.143134726391533,0.0
microsoft,2023-01-09,0.0599145819797838,0.6636966558215309,0.2763887350319787,4,-0.2164741530521949,0.3363033441784691,1,-0.0274097573502558,4.663439094112067,0.0
microsoft,2023-01-16,0.0432977397067885,0.8207359288805046,0.1359663172077012,16,-0.0926685775009126,0.1792640711194953,1,0.3994052873313194,2.9444389791664403,0.0
microsoft,2023-01-23,0.2117713752893593,0.6199359639621665,0.1682926731917458,23,0.0434787020976135,0.3800640360378334,1,0.1028667839442505,8.129174996911793,0.0
microsoft,2023-01-30,0.121004696780708,0.4711410970604741,0.4078542192142388,17,-0.2868495224335308,0.5288589029395259,0,,,
microsoft,2023-02-06,0.2031793535977447,0.6199245963816801,0.1768960645675559,18,0.0262832890301887,0.3800754036183199,1,-0.0759711657246953,5.308267697401205,0.0
microsoft,2023-02-13,0.1259545506788841,0.702828440504058,0.1712170000325613,21,-0.0452624493536771,0.297171559495942,0,,,
microsoft,2023-02-20,0.0647814067057602,0.8144563187497358,0.1207622679864007,13,-0.0559808612806405,0.1855436812502642,0,,,
microsoft,2023-02-27,0.0087744036779144,0.5815941604965441,0.4096314230363657,6,-0.4008570193584513,0.4184058395034559,1,-0.5468633312459588,5.602118820879701,0.0
microsoft,2023-03-06,0.350594889308951,0.6272901605558332,0.0221149319936088,4,0.3284799573153421,0.3727098394441668,0,,,
microsoft,2023-03-13,0.1536219021407276,0.7395185688808018,0.1068595223867599,19,0.0467623797539677,0.2604814311191982,1,0.0969364724605839,2.1972245773362196,0.0
microsoft,2023-03-20,0.0952096431403346,0.8323751879914798,0.0724151652955383,13,0.0227944778447962,0.1676248120085202,1,-0.1820519474531892,2.1972245773362196,0.0
microsoft,2023-03-27,0.14079072635058,0.585718333622642,0.2734909327376657,21,-0.1327002063870857,0.4142816663773579,0,,,
microsoft,2023-04-03,0.1185089401090047,0.7310986279231552,0.150392428912539,16,-0.0318834888035342,0.2689013720768448,1,-0.1217451526491117,2.3978952727983707,0.0
microsoft,2023-04-10,0.1627196848461141,0.3471661092331105,0.4901142050037022,13,-0.3273945201575881,0.6528338907668895,1,-0.1415266328790636,1.0986122886681098,0.0
microsoft,2023-04-17,0.002433061694373,0.5913492591326038,0.4062176807924302,6,-0.4037846190980572,0.4086507408673961,0,,,
microsoft,2023-04-24,0.3449275272328791,0.4202965930680604,0.2347758833818514,16,0.1101516438510277,0.5797034069319396,2,-0.0988122707301499,2.827995905409926,0.0
microsoft,2023-05-01,0.1131011706320393,0.8010166148864953,0.0858822289468331,9,0.0272189416852062,0.1989833851135046,0,,,
microsoft,2023-05-08,0.1584933665979282,0.7284665661082045,0.113040065361617,8,0.0454533012363111,0.2715334338917955,1,-0.1616977854619108,1.9459101490553132,0.0
microsoft,2023-05-15,0.0337486954126883,0.7018133065284083,0.26443799496254,8,-0.2306892995498516,0.2981866934715916,1,0.110745413463519,3.713572066704308,0.0
microsoft,2023-05-22,0.2255796976211055,0.6805686401666756,0.0938516555877898,14,0.1317280420333157,0.3194313598333244,0,,,
microsoft,2023-05-29,0.093910268761912,0.8280610955252566,0.0780286471945891,12,0.0158816215673229,0.1719389044747433,1,-0.0909293960321235,1.791759469228055,0.0
microsoft,2023-06-05,0.063868052574278,0.7168496867077465,0.219282268898235,16,-0.1554142163239569,0.2831503132922535,0,,,
microsoft,2023-06-12,0.1432915481402612,0.7126348425478708,0.1440736087944645,19,-0.0007820606542033,0.2873651574521292,0,,,
microsoft,2023-06-19,0.1825038839356536,0.5761734919122417,0.2413226271723219,14,-0.0588187432366682,0.4238265080877583,5,-0.0817781946847389,2.6519779558683467,0.0
microsoft,2023-06-26,0.1219898301620353,0.7003867708620661,0.1776234154228787,12,-0.0556335852608434,0.2996132291379338,2,-0.0867544243165099,3.052396616207493,0.0
microsoft,2023-07-03,0.0209712249182787,0.7691284564007219,0.2099003199137805,8,-0.1889290949955017,0.230871543599278,2,-0.0146867491658806,2.8518912373281005,0.0
microsoft,2023-07-10,0.1754210511844215,0.6895948208103121,0.1349841254172291,15,0.0404369257671924,0.3104051791896879,1,-0.0255490403596923,0.6931471805599453,0.0
microsoft,2023-07-17,0.1414192925379161,0.6916059697624961,0.1669747460884184,16,-0.0255554535505022,0.3083940302375039,0,,,
microsoft,2023-07-24,0.328982606850888,0.523423592442047,0.1475937867858419,14,0.181388820065046,0.476576407557953,0,,,
microsoft,2023-07-31,0.0868784890720787,0.5978902977986243,0.3152312176468954,10,-0.2283527285748166,0.4021097022013756,0,,,
microsoft,2023-08-07,0.1886234804684742,0.4904051360984643,0.3209714044739182,3,-0.1323479240054439,0.5095948639015357,0,,,
microsoft,2023-08-14,0.2090044839681297,0.7311401908596358,0.0598553147530026,5,0.1491491692151271,0.2688598091403642,3,-0.0629588227360595,0.6931471805599453,0.0
microsoft,2023-08-21,0.3303245630219021,0.6152413480556277,0.0544341105944238,11,0.2758904524274783,0.3847586519443723,2,-0.0672868726690012,0.6931471805599453,0.0
microsoft,2023-08-28,0.0114214399015371,0.8111952466424555,0.1773833152198752,8,-0.165961875318338,0.1888047533575445,2,0.0631842375781275,0.6931471805599453,0.0
microsoft,2023-09-04,0.3438997704993981,0.5134460897159675,0.1426541434531485,9,0.2012456270462496,0.4865539102840325,2,-0.0339000976400711,0.6931471805599453,0.0
microsoft,2023-09-11,0.0904071955014934,0.7922213445578068,0.1173714489312691,21,-0.0269642534297756,0.2077786554421932,0,,,
microsoft,2023-09-18,0.1623287165071443,0.6122004193684657,0.2254708554934669,11,-0.0631421389863226,0.3877995806315343,1,-0.3160418414659034,0.6931471805599453,0.0
microsoft,2023-09-25,0.0786338914280583,0.6985342898449215,0.2228318057684464,17,-0.1441979143403881,0.3014657101550785,0,,,
microsoft,2023-10-02,0.235438195615785,0.5231128087414817,0.2414489988312944,6,-0.0060108032155093,0.4768871912585183,1,-0.2108919129728974,0.6931471805599453,0.0
microsoft,2023-10-09,0.1338566060717718,0.6701020312267287,0.1960413395120463,8,-0.0621847334402745,0.3298979687732712,0,,,
microsoft,2023-10-16,0.0508218318895096,0.8987112805227905,0.0504668983269056,15,0.000354933562604,0.1012887194772095,0,,,
microsoft,2023-10-23,0.2372057371899368,0.6435054768964461,0.1192887977473681,19,0.1179169394425687,0.3564945231035539,0,,,
microsoft,2023-10-30,0.0027782176985949,0.8068508017184729,0.1903709814763814,13,-0.1875927637777865,0.1931491982815271,2,-0.0454262348819582,0.6931471805599453,0.0
microsoft,2023-11-06,0.0791395974274326,0.7413080931799847,0.179552339599073,11,-0.1004127421716403,0.2586919068200153,1,-0.1172925393038895,0.6931471805599453,0.0
microsoft,2023-11-13,0.0610935562181268,0.7907594972118049,0.1481469554341333,12,-0.0870533992160065,0.209240502788195,1,-0.146082710173232,0.6931471805599453,0.0
microsoft,2023-11-20,0.1553228867613747,0.7680415804143479,0.076635524579112,23,0.0786873621822626,0.2319584195856521,1,0.0859044652139857,2.1972245773362196,0.0
microsoft,2023-11-27,0.1745249585808646,0.7050613914744879,0.120413653172812,16,0.0541113054080525,0.2949386085255121,2,-0.1541928312535674,1.4451858789480825,0.0
microsoft,2023-12-04,0.0849244293500272,0.8031847190768205,0.1118908580895969,21,-0.0269664287395697,0.1968152809231794,1,0.1897684461057345,0.6931471805599453,0.0
microsoft,2023-12-11,0.2974656928453844,0.5832719795788373,0.1192623190149164,8,0.1782033738304679,0.4167280204211627,0,,,
microsoft,2023-12-18,0.0065327540588668,0.4829218148895182,0.5105454266803073,7,-0.5040126726214404,0.5170781851104818,0,,,
microsoft,2023-12-25,0.1104768689589761,0.568197404211518,0.3213257245673539,11,-0.2108488556083777,0.431802595788482,1,0.1072325470740906,2.70805020110221,0.0
microsoft,2024-01-01,0.0511879859268141,0.8971957034695015,0.0516163150222809,4,-0.0004283290954667,0.1028042965304985,2,-0.2131683607306058,0.6931471805599453,0.0
microsoft,2024-01-08,0.1354027277117644,0.6289521114578037,0.2356451568931598,13,-0.1002424291813953,0.3710478885421963,0,,,
microsoft,2024-01-15,0.0603389679119528,0.7164392860666075,0.2232217563215373,9,-0.1628827884095844,0.2835607139333925,1,0.0742878565781737,0.6931471805599453,0.0
microsoft,2024-01-22,0.2974624412026201,0.5692486670483728,0.1332888864763733,11,0.1641735547262467,0.4307513329516271,3,0.0066523337306231,2.293118601486813,0.0
microsoft,2024-01-29,0.18658489304198,0.6024821215195508,0.2109329728990593,18,-0.0243480798570792,0.3975178784804491,0,,,
microsoft,2024-02-05,0.1126011168997843,0.6956647087331322,0.1917341888820719,20,-0.0791330719822875,0.3043352912668677,2,0.436348027484601,1.4978661367769956,0.0
microsoft,2024-02-12,0.0361770218160278,0.5233986752871902,0.4404242959536738,13,-0.4042472741376459,0.4766013247128098,0,,,
microsoft,2024-02-19,0.1643313318486133,0.7196033503219869,0.1160653063019004,12,0.0482660255467129,0.2803966496780131,4,-0.375055108923334,1.3245793416370093,0.0
microsoft,2024-02-26,0.1082295234060563,0.5997065429045269,0.2920639312776639,15,-0.1838344078716076,0.4002934570954731,0,,,
microsoft,2024-03-04,0.136494692343565,0.7088814416092637,0.1546238697014671,21,-0.018129177357902,0.2911185583907363,0,,,
microsoft,2024-03-11,0.0273839466734631,0.8111190709239261,0.1614969893687071,12,-0.1341130426952439,0.1888809290760739,0,,,
microsoft,2024-03-18,0.043537079855451,0.5766099283231241,0.3798529921620798,19,-0.3363159123066288,0.4233900716768759,0,,,
microsoft,2024-03-25,0.0140327745946377,0.5527253070955506,0.4332419127097813,11,-0.4192091381151436,0.4472746929044494,1,0.0151586824968035,4.948759890378168,0.0
microsoft,2024-04-01,0.1523405205484026,0.6814364040354627,0.1662230635554206,12,-0.0138825430070179,0.3185635959645373,2,0.0542247596704328,1.8187930798631928,0.0
microsoft,2024-04-08,0.1939481015637828,0.6100261563407676,0.1960257475311991,14,-0.0020776459674163,0.3899738436592324,0,,,
microsoft,2024-04-15,0.0397796989992201,0.6941081983920012,0.2661120968521887,13,-0.2263323978529685,0.3058918016079988,2,0.1131197552731464,1.039720770839918,0.0
microsoft,2024-04-22,0.1514291924477177,0.6701957095015803,0.1783751114857565,15,-0.0269459190380387,0.3298042904984197,2,-0.1866226899437606,1.7328679513998633,0.0
microsoft,2024-04-29,0.2567282319674775,0.4384181254749941,0.3048536474330678,23,-0.0481254154655902,0.5615818745250059,2,0.458961829988084,2.368099224197248,0.0
microsoft,2024-05-06,0.0996597110246017,0.7846001100244228,0.1157401680606763,12,-0.0160804570360745,0.2153998899755772,4,0.0457080121606097,1.3939872757865792,0.0
microsoft,2024-05-13,0.0670296793205252,0.5948544093295153,0.338115911795726,16,-0.2710862324752008,0.4051455906704847,3,0.1410916853109161,1.4435777800954437,0.0
microsoft,2024-05-20,0.0595240843549294,0.5576377319167498,0.3828381635212832,11,-0.3233140791663537,0.4423622680832502,1,-0.0847284116695448,1.3862943611198906,0.0
microsoft,2024-05-27,0.0763895587456281,0.6603751659239089,0.2632352762540314,17,-0.1868457175084032,0.3396248340760911,0,,,
microsoft,2024-06-03,0.1341361742092293,0.713087561775019,0.1527762539830377,16,-0.0186400797738083,0.286912438224981,2,-0.3228640940948253,2.0126758453675744,0.0
microsoft,2024-06-10,0.1719854300285408,0.6994623725594358,0.1285521987494723,22,0.0434332312790685,0.3005376274405642,2,0.2786302994607013,2.1910133173369406,0.0
microsoft,2024-06-17,0.3446433693060349,0.4616813813481707,0.1936752497898319,13,0.1509681195162029,0.5383186186518292,8,-0.1210785265255367,1.2224104936346027,0.0
microsoft,2024-06-24,0.1473547850487616,0.6127560868757008,0.2398891272710043,15,-0.0925343422222426,0.3872439131242992,2,-0.1969284187707671,2.063567192522546,0.0
microsoft,2024-07-01,0.0416889408266646,0.5435682311557078,0.414742833008404,6,-0.3730538921817394,0.4564317688442921,0,,,
microsoft,2024-07-08,0.1822613749494,0.6051110021133683,0.2126276333065993,9,-0.0303662583571993,0.3948889978866317,2,0.1295904486564723,0.6931471805599453,0.0
microsoft,2024-07-15,0.157715169499292,0.5873536448151577,0.2549311908293113,15,-0.0972160213300193,0.4126463551848423,29,-0.049210062736708,1.6087370588515917,1.0
microsoft,2024-07-22,0.1083141795198825,0.4930420566728432,0.3986437761770426,18,-0.2903295966571602,0.5069579433271568,19,-0.0389333229775454,1.8675862680443365,1.0
microsoft,2024-07-29,0.2621731705588598,0.5546529950960878,0.1831738176629296,12,0.0789993528959302,0.4453470049039122,10,-0.0302259747067026,1.7719101311673815,1.0
microsoft,2024-08-05,0.2374050078324716,0.5080393098082723,0.2545556855343062,18,-0.0171506777018345,0.4919606901917277,10,-0.1789508560299111,1.592923757761066,1.0
microsoft,2024-08-12,0.0128263192728913,0.5270657413519595,0.460107930349103,10,-0.4472816110762116,0.4729342586480405,11,-0.0815984459139581,1.2441357258763226,1.0
microsoft,2024-08-19,0.2908947808656749,0.3113625654447484,0.3977426473529088,3,-0.1068478664872338,0.6886374345552515,4,0.1800839930091351,1.4259456186640502,0.0
microsoft,2024-08-26,0.2306013280685377,0.5713224569064411,0.1980762076373553,11,0.0325251204311823,0.4286775430935589,7,-0.2357686294377085,2.276510261958728,0.0
microsoft,2024-09-02,0.015075073571037,0.7662504100037028,0.2186745033347358,6,-0.2035994297636987,0.2337495899962972,8,-0.1402034585648262,3.0461594814943984,0.0
microsoft,2024-09-09,0.2910654184156833,0.5101565073893857,0.1987780827566023,13,0.092287335659081,0.4898434926106143,6,-0.0429821652605587,0.7607246985779726,0.0
microsoft,2024-09-16,0.1714174813376907,0.773384172283113,0.0551983101566406,5,0.11621917118105,0.226615827716887,4,-0.0214225990269749,1.4742884669091851,0.0
microsoft,2024-09-23,0.0034650377965805,0.5807194525594165,0.4158155003280361,16,-0.4123504625314556,0.4192805474405835,2,0.1485992365886588,1.039720770839918,0.0
microsoft,2024-09-30,0.0030330215896724,0.7324100613381327,0.2645569239275288,14,-0.2615239023378563,0.2675899386618673,4,-0.0795369313430995,1.609037592092357,0.0
microsoft,2024-10-07,0.2053623526630028,0.706815297758651,0.0878223587865496,11,0.1175399938764531,0.2931847022413489,10,-0.142977734920214,2.0345551637630654,1.0
microsoft,2024-10-14,0.1861562483876732,0.4753571963889659,0.3384865542073867,6,-0.1523303058197135,0.524642803611034,2,-0.2163115830075526,2.4708212113046524,0.0
microsoft,2024-10-21,0.3673478872366971,0.4472164697863263,0.1854356224714308,8,0.1819122647652662,0.5527835302136737,3,-0.0296510599628163,7.224369967945289,0.0
microsoft,2024-10-28,0.169623410411742,0.6443552082832527,0.1860213777168022,17,-0.0163979673050602,0.3556447917167473,4,-0.1386804456905679,2.3104597597588885,0.0
microsoft,2024-11-04,0.1022120778308131,0.5449230919445817,0.3528648285338774,13,-0.2506527507030642,0.4550769080554183,2,0.2455208538810218,6.028156571843297,0.0
microsoft,2024-11-11,0.0495896498480729,0.8589775796746149,0.0914327676355343,6,-0.0418431177874613,0.1410224203253851,5,-0.1418648423483773,4.909600794688792,0.0
microsoft,2024-11-18,0.1228712053637319,0.3756475286653307,0.5014812751029589,12,-0.378610069739227,0.6243524713346693,1,0.1279469720251427,4.919980925828125,0.0
microsoft,2024-11-25,0.081442100113505,0.6395309667098638,0.2790269377200776,16,-0.1975848376065725,0.3604690332901362,3,0.0630640137440726,6.634119578908128,0.0
microsoft,2024-12-02,0.1129666249826357,0.716149145612809,0.1708842332613244,10,-0.0579176082786887,0.283850854387191,2,0.0504762778530789,0.6931471805599453,0.0
microsoft,2024-12-09,0.1368352700967198,0.7075073490886452,0.1556573898815755,15,-0.0188221197848556,0.2924926509113548,0,,,
microsoft,2024-12-16,0.046373058280907,0.7010771669864505,0.2525498014845898,12,-0.2061767432036827,0.2989228330135495,0,,,
microsoft,2024-12-23,0.0476753814490657,0.7289434319469245,0.2233811736605835,15,-0.1757057922115178,0.2710565680530755,4,-0.1333028137320049,4.928427705747801,0.0
microsoft,2024-12-30,0.1283942031509942,0.6560964226095758,0.2155093924378774,8,-0.0871151892868831,0.3439035773904242,0,,,
nescafe,2023-04-24,0.06212590732812,0.8441787417034683,0.0936953507542955,1,-0.0315694434261754,0.1558212582965317,0,,,
nescafe,2023-11-13,0.0001087435448425,0.999868392944336,2.293129000463523e-05,1,8.581225483794697e-05,0.000131607055664,0,,,
nescafe,2024-04-22,,,,0,,,2,0.0199071583577961,5.163003207605061,0.0
nespresso,2023-01-16,0.502850353717804,0.4971223473548889,2.7312809834256768e-05,1,0.5028230409079697,0.5028776526451111,0,,,
nespresso,2023-04-03,6.02893067025434e-07,0.9998441934585572,0.000155212401296,1,-0.0001546095082289,0.0001558065414428,0,,,
nespresso,2023-09-18,0.2201279827258905,0.5724740662433555,0.2073979473898437,1,0.0127300353360467,0.4275259337566445,0,,,
nespresso,2023-11-06,5.317733453580331e-08,0.9999887943267822,1.124257869378198e-05,1,-1.1189401359246176e-05,1.1205673217773438e-05,0,,,
nespresso,2024-01-08,2.97156452688796e-06,0.99810528755188,0.0018917691195383,1,-0.0018887975550114,0.0018947124481201,0,,,
nespresso,2024-02-05,8.534970561413502e-07,0.9999111890792848,8.798806084087119e-05,1,-8.713456378472983e-05,8.881092071533203e-05,0,,,
nespresso,2024-04-15,4.4814211008770144e-08,0.9999958276748656,4.205896857456537e-06,1,-4.161082646447767e-06,4.172325134277344e-06,0,,,
nespresso,2024-06-17,7.7480315496814e-08,0.9999957084655762,4.199603608867619e-06,1,-4.122123293370805e-06,4.291534423828125e-06,0,,,
nespresso,2024-09-02,2.2285041723080215e-07,0.999997854232788,1.957738049895852e-06,1,-1.7348876326650498e-06,2.1457672119140625e-06,0,,,
nespresso,2024-09-16,0.0006139991202616,0.999354124069214,3.19200157719024e-05,2,0.0005820791044897,0.0006458759307861,0,,,
nespresso,2024-11-18,9.053680116721809e-08,0.9999970197677612,2.831405026881839e-06,1,-2.740868225714621e-06,2.9802322387695312e-06,0,,,
nespresso,2024-12-02,1.8410160507187356e-08,0.999996781349182,3.231872824471793e-06,1,-3.2134626639646058e-06,3.2186508178710938e-06,0,,,
nestle,2023-01-02,2.127872456014757e-08,0.9999997615814208,2.8170637733637705e-07,1,-2.604276527762295e-07,2.384185791015625e-07,0,,,
nestle,2023-01-09,0.0636653560418254,0.6771975790574439,0.2591370665036437,1,-0.1954717104618183,0.322802420942556,0,,,
nestle,2023-01-16,0.0009667563361972,0.9989828765392303,5.039698970676909e-05,1,0.0009163593464904,0.0010171234607696,0,,,
nestle,2023-01-23,1.7103180252004477e-05,0.9999497731526692,3.313822920366268e-05,3,-1.6035048951658206e-05,5.022684733069216e-05,0,,,
nestle,2023-01-30,0.1232726657892938,0.7845702441206998,0.0921570981726115,6,0.0311155676166822,0.2154297558793002,0,,,
nestle,2023-02-06,0.0663281012831371,0.8683719811961055,0.0652998981051572,3,0.0010282031779799,0.1316280188038945,0,,,
nestle,2023-02-13,5.541219110227757e-07,0.9999905228614808,8.916254614632635e-06,2,-8.36213270360986e-06,9.47713851928711e-06,0,,,
nestle,2023-02-20,0.1804783528573769,0.7134337714920358,0.106087873629134,2,0.0743904792282428,0.2865662285079642,0,,,
nestle,2023-02-27,0.0744552321115283,0.7487248514712869,0.1768199047694564,1,-0.102364672657928,0.2512751485287131,0,,,
nestle,2023-03-06,1.706856110672561e-06,0.9999976754188538,6.3216992884918e-07,1,1.074686181823381e-06,2.3245811462402344e-06,0,,,
nestle,2023-03-13,6.755901615917992e-09,0.9999996423721312,4.11600296956749e-07,1,-4.04844395340831e-07,3.576278686523438e-07,0,,,
nestle,2023-03-27,0.0487937251666159,0.7844961960173165,0.1667100664109437,2,-0.1179163412443277,0.2155038039826835,0,,,
nestle,2023-04-03,9.289083777730412e-07,0.9999940395355223,4.954189535055775e-06,1,-4.025281157282734e-06,5.9604644775390625e-06,0,,,
nestle,2023-04-10,0.1061136319505229,0.8455129028996605,0.0483734538653454,3,0.0577401780851774,0.1544870971003394,0,,,
nestle,2023-04-17,0.0907534164056845,0.8299548630507111,0.0792917248490607,1,0.0114616915566238,0.1700451369492889,0,,,
nestle,2023-04-24,0.3788817164698301,0.5150602009918832,0.1060580845345593,2,0.2728236319352707,0.4849397990081168,0,,,
nestle,2023-05-01,0.1231878215492289,0.8178326021703839,0.0589796010435105,2,0.0642082205057184,0.1821673978296161,0,,,
nestle,2023-05-15,0.1669620470379531,0.7925327926149108,0.0405051731916588,1,0.1264568738462943,0.2074672073850891,0,,,
nestle,2023-05-29,0.1786036349718298,0.4455450894403628,0.3758512754787572,1,-0.1972476405069273,0.5544549105596371,0,,,
nestle,2023-06-12,0.1476935334548681,0.8098680591689355,0.0424384127300034,2,0.1052551207248646,0.1901319408310645,0,,,
nestle,2023-07-10,0.4844986257894568,0.2448826089428993,0.270618784378815,1,0.2138798414106418,0.7551173910571007,0,,,
nestle,2023-07-24,3.2773137832009525e-05,0.9671519547700882,0.0328152909062282,2,-0.0327825177683962,0.0328480452299118,0,,,
nestle,2023-08-07,2.2605681238019318e-07,0.9999840259552002,1.577605689817574e-05,1,-1.5550000085795546e-05,1.5974044799804688e-05,0,,,
nestle,2023-08-28,0.1068747098918192,0.7661687459353349,0.1269565457663714,3,-0.0200818358745522,0.2338312540646651,0,,,
nestle,2023-09-11,0.0824049667876012,0.8389321423769953,0.078662887224683,6,0.0037420795629181,0.1610678576230046,0,,,
nestle,2023-09-18,6.514573215099517e-06,0.999980330467224,1.3114946341374887e-05,1,-6.600373126275372e-06,1.9669532775878903e-05,0,,,
nestle,2023-10-09,0.197533118533903,0.6087633999064564,0.1937035420947722,1,0.0038295764391307,0.3912366000935435,0,,,
nestle,2023-10-16,0.1099185678131942,0.7493463739494347,0.1407350475070768,3,-0.0308164796938825,0.2506536260505653,0,,,
nestle,2023-10-23,0.0721188129225761,0.8184715175686047,0.1094096735562135,4,-0.0372908606336373,0.1815284824313953,0,,,
nestle,2023-10-30,2.710722401388921e-05,0.9999709129333496,1.992637407965958e-06,1,2.511458660592325e-05,2.9087066650390625e-05,0,,,
nestle,2023-11-06,3.928968726540916e-05,0.9999599456787108,6.795100375711627e-07,1,3.8610177227837994e-05,4.00543212890625e-05,0,,,
nestle,2023-12-25,0.0379004344528539,0.8234267534046393,0.1386728098419495,2,-0.1007723753890955,0.1765732465953606,0,,,
nestle,2024-01-01,0.0885582547232265,0.8203878293317284,0.0910539187028743,1,-0.0024956639796477,0.1796121706682716,2,-0.2291824799978599,0.6931471805599453,0.0
nestle,2024-01-08,1.2283586556804948e-06,0.9998704195022584,0.0001284112368011,1,-0.0001271828781455,0.0001295804977416,0,,,
nestle,2024-01-15,0.3334564278363056,0.2520647603045828,0.414478802494413,3,-0.0810223746581074,0.7479352396954171,0,,,
nestle,2024-01-22,5.042653015152609e-07,0.9999969005584716,2.6322920803067973e-06,1,-2.1280267787915363e-06,3.0994415283203125e-06,0,,,
nestle,2024-02-05,0.0493216968203741,0.8661234235834506,0.0845548746492762,2,-0.0352331778289021,0.1338765764165493,0,,,
nestle,2024-03-04,0.1460977195674259,0.7261087841653966,0.1277934985499692,2,0.0183042210174567,0.2738912158346034,0,,,
nestle,2024-03-18,0.0822479850329417,0.7681581029678277,0.1495939188426554,1,-0.0673459338097137,0.2318418970321722,0,,,
nestle,2024-03-25,9.632848559704144e-06,0.1628116220235824,0.8371787667274475,1,-0.8371691338788878,0.8371883779764175,0,,,
nestle,2024-04-01,3.99281620389047e-06,0.9998730719089508,0.0001229639319717,2,-0.0001189711157678,0.0001269280910491,0,,,
nestle,2024-04-08,0.0076666548848152,0.9921980500221252,0.0001352662948193,1,0.0075313885899959,0.0078019499778747,0,,,
nestle,2024-04-22,0.3304329887529915,0.6695662029087543,8.004417679785547e-07,3,0.3304321883112235,0.3304337970912456,0,,,
nestle,2024-04-29,0.2746156863945057,0.7061753529181273,0.0192089553626404,4,0.2554067310318652,0.2938246470818727,2,-0.1958121909538022,1.5890269151739729,0.0
nestle,2024-05-06,0.0005402436945587,0.999441921710968,1.781856371962931e-05,1,0.0005224251308391,0.0005580782890319,0,,,
nestle,2024-05-27,6.824162142038404e-07,0.9999952912330629,3.97685334974085e-06,2,-3.2944371355370095e-06,4.708766937255859e-06,0,,,
nestle,2024-06-03,7.276993983396096e-06,0.9698089361190796,0.030183769762516,2,-0.0301764927685326,0.0301910638809204,0,,,
nestle,2024-06-10,,,,0,,,2,-0.1248661348845416,2.0302215052732095,0.0
nestle,2024-06-17,4.8240820016568854e-05,0.8694706708192825,0.1304811490625373,2,-0.1304329082425208,0.1305293291807174,0,,,
nestle,2024-07-01,1.3799704134953572e-07,0.9999984900156657,1.3967961270585267e-06,3,-1.258799085708991e-06,1.5099843343469033e-06,0,,,
nestle,2024-07-08,0.0001567179777239,0.9996441304683684,0.0001991254102904,2,-4.240743256644919e-05,0.0003558695316314,0,,,
nestle,2024-07-22,5.751574008172611e-07,0.9996192455291748,0.0003801670973189,1,-0.0003795919399181,0.0003807544708251,0,,,
nestle,2024-07-29,5.574935642016499e-07,0.9999955296516418,3.883533736370737e-06,2,-3.326040172169087e-06,4.470348358154297e-06,0,,,
nestle,2024-08-05,2.8510597985587083e-05,0.9999524354934692,1.9045914086746052e-05,1,9.464683898841033e-06,4.756450653076172e-05,0,,,
nestle,2024-08-19,0.0461721407189251,0.8679304676220851,0.0858973880847703,1,-0.0397252473658452,0.1320695323779148,7,-0.1405620964274757,1.7308657724027352,1.0
nestle,2024-09-02,0.0115816872566938,0.9872267842292786,0.0011916207149624,1,0.0103900665417313,0.0127732157707214,0,,,
nestle,2024-09-09,6.759498774044914e-07,0.9999949932098388,4.240069301886251e-06,2,-3.56411942448176e-06,5.0067901611328125e-06,0,,,
nestle,2024-09-16,0.1551034465472178,0.6700708659081313,0.1748256777199772,3,-0.0197222311727593,0.3299291340918687,0,,,
nestle,2024-09-23,0.0121616583266752,0.9073751926125688,0.0804631080788747,4,-0.0683014497521995,0.0926248073874311,0,,,
nestle,2024-09-30,0.0620999707975264,0.8839067740743102,0.0539932374612335,3,0.0081067333362929,0.1160932259256898,0,,,
nestle,2024-10-07,1.457579799080122e-06,0.999994456768036,4.078183337696828e-06,1,-2.620603538616706e-06,5.543231964111328e-06,0,,,
nestle,2024-10-14,0.2195096068421026,0.6466667127974076,0.1338237060997129,2,0.0856859007423897,0.3533332872025924,0,,,
nestle,2024-10-21,,,,0,,,2,0.0628877346571243,2.063567192522546,0.0
nestle,2024-10-28,0.0954018695501525,0.8428017396788033,0.0617963898436585,1,0.033605479706494,0.1571982603211966,0,,,
nestle,2024-11-04,0.0178222880515687,0.9315839589793076,0.050593755904077,3,-0.0327714678525082,0.0684160410206923,0,,,
nestle,2024-11-11,0.084378851300957,0.8938731655248038,0.0217479835406349,2,0.062630867760322,0.1061268344751962,1,-0.0275299547381848,0.6931471805599453,0.0
nestle,2024-12-02,,,,0,,,1,-0.0393358128185354,5.676753802268282,0.0
nestle,2024-12-09,0.0866111034963712,0.8917154895713204,0.0216734030468469,2,0.0649377004495242,0.1082845104286795,0,,,
nestle,2024-12-16,0.0829167508433805,0.7372246301432573,0.1798586179355993,3,-0.0969418670922187,0.2627753698567426,0,,,
netflix,2022-12-26,0.0005352135786533,0.8957427342732748,0.1037220717985039,3,-0.1031868582198506,0.1042572657267252,0,,,
netflix,2023-01-02,0.0526783128001662,0.8227948780104843,0.1245267968577909,19,-0.0718484840576247,0.1772051219895156,0,,,
netflix,2023-01-09,0.0567424956987756,0.8244734908713443,0.1187840168722297,32,-0.0620415211734541,0.1755265091286557,0,,,
netflix,2023-01-16,0.0980077870700227,0.7940293317532316,0.1079628847235182,32,-0.0099550976534954,0.2059706682467683,0,,,
netflix,2023-01-23,0.0983307107825798,0.6452653263544764,0.2564039416871929,17,-0.158073230904613,0.3547346736455236,1,-0.0235375720669708,3.218875824868201,0.0
netflix,2023-01-30,0.162131449611027,0.8326876421016534,0.0051809047960105,30,0.1569505448150165,0.1673123578983466,0,,,
netflix,2023-02-06,0.0086712553458995,0.897110688543718,0.0942180306456173,11,-0.0855467752997178,0.102889311456282,0,,,
netflix,2023-02-13,0.0171735256670942,0.8987103681521367,0.0841160969499388,16,-0.0669425712828446,0.1012896318478633,0,,,
netflix,2023-02-20,0.1118520636070563,0.6770738680274978,0.2110740665647058,15,-0.0992220029576494,0.3229261319725022,0,,,
netflix,2023-02-27,0.0011548986706305,0.8452190675518729,0.1536260408490244,11,-0.1524711421783939,0.154780932448127,1,-0.1111995067776661,3.5263605246161616,0.0
netflix,2023-03-06,0.1410157611509194,0.7905178059626453,0.0684664278175218,21,0.0725493333333975,0.2094821940373546,0,,,
netflix,2023-03-13,0.2199718080003862,0.7066880726075202,0.0733401098884077,21,0.1466316981119785,0.2933119273924798,0,,,
netflix,2023-03-20,0.259280126105024,0.7154546076459752,0.0252652518616462,10,0.2340148742433778,0.2845453923540247,0,,,
netflix,2023-03-27,0.072434789509623,0.8316902502709369,0.0958749693891463,15,-0.0234401798795232,0.1683097497290631,0,,,
netflix,2023-04-03,0.031917041379445,0.9517804224095424,0.0163025207068122,20,0.0156145206726328,0.0482195775904574,1,0.0756446081692843,1.0986122886681098,0.0
netflix,2023-04-10,0.0191270989932748,0.9245184354840468,0.0563544599487533,16,-0.0372273609554784,0.0754815645159532,1,0.0316242498006431,3.912023005428146,0.0
netflix,2023-04-17,0.0502773472990533,0.727769586235148,0.221953069232914,16,-0.1716757219338607,0.272230413764852,3,-0.1038545066506486,4.18489505845962,0.0
netflix,2023-04-24,0.1936333156307431,0.7942513166254179,0.0121153737378256,15,0.1815179418929175,0.205748683374582,0,,,
netflix,2023-05-01,0.2002521605830624,0.7490311768908365,0.0507166269547687,10,0.1495355336282936,0.2509688231091634,0,,,
netflix,2023-05-08,0.1548945755700854,0.6871877461616808,0.1579176675509378,22,-0.0030230919808523,0.3128122538383192,0,,,
netflix,2023-05-15,0.1582447711498925,0.6456394369595138,0.1961157862034388,19,-0.0378710150535462,0.3543605630404862,1,0.0261198842572412,2.6390573296152584,0.0
netflix,2023-05-22,0.1355679628427775,0.8440456026654569,0.0203864271695598,9,0.1151815356732177,0.155954397334543,0,,,
netflix,2023-05-29,0.0223735909211598,0.924900095814012,0.0527263089397017,15,-0.0303527180185419,0.0750999041859878,1,-0.22004001653886,4.543294782270004,0.0
netflix,2023-06-05,0.2470004028798079,0.7083567497840375,0.0446428456332386,14,0.2023575572465693,0.2916432502159625,0,,,
netflix,2023-06-12,0.0783087622798586,0.9108814150094986,0.0108098016926297,18,0.0674989605872288,0.0891185849905014,0,,,
netflix,2023-06-19,0.0088448766738279,0.930353620197252,0.060801489211725,16,-0.051956612537897,0.069646379802748,1,-0.0753962585936278,0.6931471805599453,0.0
netflix,2023-06-26,0.1145068976569501,0.8646786213066662,0.0208144876995038,14,0.0936924099574462,0.1353213786933338,1,-0.4712816356841358,3.091042453358316,0.0
netflix,2023-07-03,0.0597834233425723,0.8932991249730868,0.0469174647364909,19,0.0128659586060814,0.1067008750269131,0,,,
netflix,2023-07-10,0.1301261762395888,0.7775490234135858,0.0923247913727528,31,0.0378013848668359,0.2224509765864142,1,-0.1006660320808805,0.6931471805599453,0.0
netflix,2023-07-17,0.1616580097290251,0.6784482132288387,0.1598937820541817,25,0.0017642276748434,0.3215517867711612,2,0.0991577117238193,0.6931471805599453,0.0
netflix,2023-07-24,0.133903246507415,0.799293509207449,0.0668032620199532,18,0.0670999844874618,0.2007064907925509,0,,,
netflix,2023-07-31,0.000951575077945,0.9432300270127598,0.0558184019974665,15,-0.0548668269195214,0.0567699729872401,0,,,
netflix,2023-08-07,0.0708294883706352,0.897619824227877,0.0315506843458689,16,0.0392788040247662,0.102380175772123,0,,,
netflix,2023-08-14,0.0088505253140846,0.8836649852908994,0.1074844883038102,18,-0.0986339629897256,0.1163350147091005,0,,,
netflix,2023-08-21,0.1313519058923363,0.8320932249685534,0.0365548669014199,16,0.0947970389909163,0.1679067750314465,2,-0.1991077523032345,2.531297516513483,0.0
netflix,2023-08-28,0.0748168937407993,0.8229057501059345,0.1022773567962231,21,-0.0274604630554237,0.1770942498940655,0,,,
netflix,2023-09-04,0.1021526543607395,0.8486194606839385,0.0492278711121045,16,0.052924783248635,0.1513805393160615,0,,,
netflix,2023-09-11,0.103753757511164,0.8820106002524623,0.014235628053034,15,0.08951812945813,0.1179893997475377,0,,,
netflix,2023-09-18,0.1673443950186393,0.653209597173347,0.1794459934067297,16,-0.0121015983880903,0.3467904028266529,1,0.0627705274514482,0.6931471805599453,0.0
netflix,2023-09-25,0.0770604582625204,0.8878909793633144,0.0350485580881265,18,0.0420119001743938,0.1121090206366856,2,0.1154739951230112,0.6931471805599453,0.0
netflix,2023-10-02,0.0625468608452198,0.7100230502241276,0.2274300920726059,19,-0.164883231227386,0.2899769497758724,0,,,
netflix,2023-10-09,0.092233492053103,0.9054606031955164,0.0023059138685017,17,0.0899275781846013,0.0945393968044835,0,,,
netflix,2023-10-16,0.0326972127265257,0.783162439687987,0.1841403424800556,17,-0.1514431297535299,0.2168375603120129,0,,,
netflix,2023-10-23,0.0358731578405921,0.9587333214027344,0.0053935086086479,14,0.0304796492319442,0.0412666785972656,0,,,
netflix,2023-10-30,0.0292136773019422,0.8804173247383483,0.0903689943162331,20,-0.0611553170142909,0.1195826752616516,0,,,
netflix,2023-11-06,0.1435872068483947,0.8081850467074002,0.0482277534328417,21,0.0953594534155529,0.1918149532925998,0,,,
netflix,2023-11-13,0.1481616335669585,0.7941723709018701,0.0576660025255929,21,0.0904956310413656,0.2058276290981299,0,,,
netflix,2023-11-20,0.0273888281138118,0.7950300684227684,0.1775811218172666,27,-0.1501922937034548,0.2049699315772316,0,,,
netflix,2023-11-27,0.1254537464834681,0.7768929880065457,0.0976532531220551,24,0.027800493361413,0.2231070119934542,0,,,
netflix,2023-12-04,0.0329947717216321,0.8370744979221666,0.129930726919318,28,-0.0969359551976859,0.1629255020778334,0,,,
netflix,2023-12-11,0.1025361427874671,0.8196795619540996,0.0777842993603905,14,0.0247518434270765,0.1803204380459003,0,,,
netflix,2023-12-18,0.1171801716899304,0.7949303359665366,0.0878894886597704,25,0.0292906830301599,0.2050696640334633,0,,,
netflix,2023-12-25,0.043083578998585,0.9329426447046746,0.0239737627943357,22,0.0191098162042493,0.0670573552953254,0,,,
netflix,2024-01-01,0.0901928631897732,0.8878815082154684,0.0219256389134441,19,0.068267224276329,0.1121184917845316,1,-0.0412414421862195,0.6931471805599453,0.0
netflix,2024-01-08,0.0653193686892518,0.6812383690126645,0.253442240247134,25,-0.1881228715578821,0.3187616309873354,0,,,
netflix,2024-01-15,0.0486352406617349,0.8545042915195328,0.0968604658455072,19,-0.0482252251837723,0.1454957084804672,0,,,
netflix,2024-01-22,0.1340736581739761,0.7545090597459958,0.1114172965617375,15,0.0226563616122385,0.2454909402540042,0,,,
netflix,2024-01-29,0.0458578288600267,0.9414892396592772,0.0126529455634778,24,0.0332048832965488,0.0585107603407228,0,,,
netflix,2024-02-05,0.0158407006946444,0.9688470406191688,0.015312253524687,14,0.0005284471699574,0.031152959380831,0,,,
netflix,2024-02-12,0.0214506083144074,0.8947332666749834,0.0838161036716984,15,-0.062365495357291,0.1052667333250165,1,-0.1552554592008164,0.6931471805599453,0.0
netflix,2024-02-19,0.072753771460228,0.9264812166491572,0.0007650018860079,9,0.07198876957422,0.0735187833508429,0,,,
netflix,2024-02-26,0.0511940354090108,0.9254584386669236,0.0233475126653325,12,0.0278465227436783,0.0745415613330764,0,,,
netflix,2024-03-04,0.0978143946945195,0.6925974307781068,0.209588164753583,11,-0.1117737700590634,0.3074025692218932,0,,,
netflix,2024-03-11,0.0807333330447379,0.8138932165113602,0.1053734641678219,16,-0.024640131123084,0.1861067834886398,0,,,
netflix,2024-03-18,0.0556682380998925,0.8845013060341343,0.0598304529422603,15,-0.0041622148423678,0.1154986939658656,0,,,
netflix,2024-03-25,0.000963462774946,0.9988645990689596,0.0001719481683826,10,0.0007915146065634,0.0011354009310403,3,-0.0594525939787142,2.73561880946655,0.0
netflix,2024-04-01,0.1036930203966686,0.8795961577508649,0.0167107977545262,18,0.0869822226421424,0.1204038422491351,2,-0.0068618888337823,1.791759469228055,0.0
netflix,2024-04-08,0.0643073382045058,0.7088736659059607,0.2268189931450766,10,-0.1625116549405708,0.2911263340940393,0,,,
netflix,2024-04-15,0.0487424794429478,0.884494224182129,0.0667632807127884,16,-0.0180208012698405,0.115505775817871,4,0.3334165492674401,2.7216722474232276,0.0
netflix,2024-04-22,0.0077285893644704,0.8823034589489301,0.1099679067089908,10,-0.1022393173445204,0.1176965410510698,2,-0.2072560550238904,3.2132442287288456,0.0
netflix,2024-04-29,0.0986394973396584,0.883071507115124,0.0182890036651106,15,0.0803504936745478,0.1169284928848759,0,,,
netflix,2024-05-06,0.1397366348045011,0.7946842696889791,0.0655790991455659,19,0.0741575356589352,0.2053157303110209,0,,,
netflix,2024-05-13,0.0410169647522538,0.7731908837031691,0.1857921425323611,17,-0.1447751777801072,0.2268091162968308,1,0.0065810122538891,3.737669618283368,0.0
netflix,2024-05-20,0.0824944700846522,0.8596813580465559,0.0578241643649366,17,0.0246703057197155,0.1403186419534441,3,-0.1908793719249123,1.5607104090414066,0.0
netflix,2024-05-27,0.1713468778707489,0.7254951113608255,0.1031580076029955,21,0.0681888702677533,0.2745048886391745,0,,,
netflix,2024-06-03,0.010015574735562,0.8449119646303415,0.1450724542783449,17,-0.1350568795427828,0.1550880353696585,3,-0.0528507597209682,2.339168714313752,0.0
netflix,2024-06-10,0.0749918286388435,0.8785145733230724,0.0464936143090478,13,0.0284982143297957,0.1214854266769276,1,-0.0467554082697461,7.074116816197362,0.0
netflix,2024-06-17,0.038180815312398,0.9539642988318492,0.007854881502395,20,0.0303259338100029,0.0460357011681509,6,-0.0876080932072606,2.0206150894873676,1.0
netflix,2024-06-24,0.1904573201400228,0.6718522658897748,0.1376904229583535,11,0.0527668971816692,0.3281477341102252,2,0.2739357062509953,1.4978661367769956,0.0
netflix,2024-07-01,0.1432736617257166,0.7836815536119047,0.0730447835962509,18,0.0702288781294656,0.2163184463880952,0,,,
netflix,2024-07-08,0.1679594642370615,0.8248139077246037,0.0072266280463386,16,0.1607328361907228,0.1751860922753962,2,0.0168816244237177,2.3502401828962083,0.0
netflix,2024-07-15,0.2319984038706134,0.6856650937004422,0.0823365080659728,17,0.1496618958046406,0.3143349062995578,3,0.0133525339906555,2.228203909222642,0.0
netflix,2024-07-22,0.0490693333229472,0.8772545282137347,0.0736761235986596,18,-0.0246067902757124,0.1227454717862652,6,-0.0786856524897151,1.2296264847046456,1.0
netflix,2024-07-29,0.0363749282790144,0.8994536830952613,0.0641713747878911,14,-0.0277964465088767,0.1005463169047387,0,,,
netflix,2024-08-05,0.085379586433184,0.9132354226140028,0.0013849811533473,16,0.0839946052798367,0.086764577385997,2,0.0724942500273755,4.319351304406717,0.0
netflix,2024-08-12,0.0570234973754277,0.8999120972843634,0.0430644139019212,9,0.0139590834735064,0.1000879027156366,0,,,
netflix,2024-08-19,0.088225805272537,0.776784395372426,0.1349897922980349,17,-0.0467639870254978,0.2232156046275739,3,-0.1674732613812395,0.6931471805599453,0.0
netflix,2024-08-26,0.1477483977956658,0.740359128782115,0.1118924737652864,12,0.0358559240303794,0.259640871217885,1,0.1942819413961842,4.74493212836325,0.0
netflix,2024-09-02,0.0964635387113391,0.7755849372261712,0.1279515184138548,23,-0.0314879797025157,0.2244150627738288,6,0.1166032779339545,2.562521295902403,1.0
netflix,2024-09-09,0.1240998817742948,0.8027487978130162,0.0731513306986908,18,0.0509485510756039,0.1972512021869837,0,,,
netflix,2024-09-16,0.2598914702378813,0.6716170482209844,0.0684914883591605,18,0.1913999818787208,0.3283829517790155,2,0.2980438562919971,1.4978661367769956,0.0
netflix,2024-09-23,0.0016094682339239,0.9140126736118244,0.0843778404358213,13,-0.0827683722018974,0.0859873263881756,6,-0.065440242684114,2.1344845248802584,1.0
netflix,2024-09-30,0.0320692217727629,0.9008753121888732,0.0670554964166516,16,-0.0349862746438887,0.0991246878111269,5,0.0348568301569599,1.702154524722663,0.0
netflix,2024-10-07,0.2339444365983563,0.6811286229378265,0.0849269249900214,14,0.1490175116083349,0.3188713770621735,2,-0.098791731580377,1.151292546497023,0.0
netflix,2024-10-14,0.1793740536787258,0.7800463034820381,0.0405796217962531,18,0.1387944318824727,0.2199536965179619,0,,,
netflix,2024-10-21,0.0099768728583145,0.8763455901446643,0.11367752668596,19,-0.1037006538276454,0.1236544098553357,2,0.0046017020177373,0.6931471805599453,0.0
netflix,2024-10-28,0.0002009031720776,0.9949828411142032,0.0048162577624021,12,-0.0046153545903245,0.0050171588857969,2,-0.0660333379952078,3.978588661729737,0.0
netflix,2024-11-04,0.0413818404595861,0.9574357799128704,0.0011823739826007,14,0.0401994664769854,0.0425642200871296,1,-0.0386200758584891,7.036148493750536,0.0
netflix,2024-11-11,0.095469431806674,0.9017504684855804,0.0027801038585376,19,0.0926893279481364,0.0982495315144197,5,-0.0105920654160357,3.4725111347546536,0.0
netflix,2024-11-18,0.0584881296738464,0.8684066714688389,0.0731051837026025,14,-0.0146170540287561,0.1315933285311611,0,,,
netflix,2024-11-25,0.2175149824446579,0.7542405030523149,0.0282445069401297,21,0.1892704755045282,0.245759496947685,0,,,
netflix,2024-12-02,0.0006414003219038,0.9904116610399424,0.0089469207250132,13,-0.0083055204031093,0.0095883389600577,0,,,
netflix,2024-12-09,0.0369098456990794,0.8553149282094974,0.1077752138497857,26,-0.0708653681507062,0.1446850717905026,0,,,
netflix,2024-12-16,0.1488516738437359,0.8464102983577407,0.0047380290390108,23,0.1441136448047251,0.1535897016422592,2,-0.0555180435124782,4.918246341855925,0.0
netflix,2024-12-23,0.0598130449381062,0.8610358297934642,0.0791511039813313,26,-0.0193380590432251,0.1389641702065358,0,,,
netflix,2024-12-30,0.1250187154954393,0.7065216325543892,0.1684596461240843,6,-0.043440930628645,0.2934783674456108,1,0.0933384266681969,2.302585092994046,0.0
nike,2022-12-26,3.5635669064504327e-06,0.9999845027923584,1.1967600585194305e-05,1,-8.404033678743872e-06,1.5497207641601562e-05,0,,,
nike,2023-01-02,0.0191692249273766,0.8974143954522636,0.0834163798068251,6,-0.0642471548794484,0.1025856045477363,1,0.0020915395507472,3.610917912644224,0.0
nike,2023-01-09,2.7773703384544508e-05,0.9999411503473916,3.106034758578365e-05,3,-3.286644201239145e-06,5.884965260827269e-05,0,,,
nike,2023-01-16,1.7256325594239286e-05,0.7499531779404833,0.2500295573683502,8,-0.2500123010427559,0.2500468220595166,0,,,
nike,2023-01-23,0.0065523049620219,0.9415276557944404,0.0519200234764376,8,-0.0453677185144156,0.0584723442055595,0,,,
nike,2023-01-30,2.1287606822628646e-05,0.7500445741970907,0.2499341480563259,4,-0.2499128604495033,0.2499554258029093,0,,,
nike,2023-02-06,0.0187043628385127,0.6843338635307668,0.2969617517873023,7,-0.2782573889487896,0.3156661364692332,0,,,
nike,2023-02-13,0.0002088632609464,0.8000290056515951,0.1997621235721879,5,-0.1995532603112415,0.1999709943484049,0,,,
nike,2023-02-20,1.03053128270858e-05,0.9992983102798462,0.0006914051930294,5,-0.0006810998802023,0.0007016897201538,0,,,
nike,2023-02-27,0.0036197747908488,0.9961617191632588,0.0002185097617181,6,0.0034012650291307,0.003838280836741,0,,,
nike,2023-03-06,0.2499361332986325,0.4999752048323485,0.2500886695073063,4,-0.0001525362086738,0.5000247951676515,0,,,
nike,2023-03-13,6.71507496955807e-05,0.9996015230814616,0.0003313196975796,3,-0.000264168947884,0.0003984769185384,0,,,
nike,2023-03-20,0.000454533416935,0.7562831277900841,0.2432623235691409,8,-0.2428077901522058,0.2437168722099159,0,,,
nike,2023-03-27,0.0021362374756013,0.8396617571512859,0.1582019848400721,7,-0.1560657473644707,0.1603382428487141,0,,,
nike,2023-04-03,0.0153787148066583,0.9258852240378816,0.0587360277217761,8,-0.0433573129151178,0.0741147759621183,0,,,
nike,2023-04-10,0.3408768231906024,0.5760436776865089,0.0830795145762448,7,0.2577973086143575,0.4239563223134911,0,,,
nike,2023-04-17,4.831035198549216e-06,0.4999207111357009,0.5000744763310649,2,-0.5000696452958664,0.5000792888642991,0,,,
nike,2023-04-24,0.1330272089822765,0.7862941014089302,0.0806786710781542,5,0.0523485379041223,0.2137058985910698,0,,,
nike,2023-05-01,9.41303669823886e-05,0.9998089909553528,9.687041848186103e-05,10,-2.740051499472429e-06,0.0001910090446471,0,,,
nike,2023-05-08,7.740213897144965e-05,0.8681943628290745,0.1317282368136421,4,-0.1316508346746707,0.1318056371709255,0,,,
nike,2023-05-15,6.100956639218667e-05,0.9981498706650423,0.0017891313107784,11,-0.0017281217443862,0.0018501293349575,0,,,
nike,2023-05-22,0.0002344584785873,0.9997578660647074,7.706298087365818e-06,3,0.0002267521805,0.0002421339352925,0,,,
nike,2023-05-29,0.0217813788341193,0.7037091702143569,0.274509463051215,7,-0.2527280842170956,0.2962908297856431,0,,,
nike,2023-06-05,1.4007720892550424e-05,1.6946845562415549e-06,0.9999842643737792,1,-0.9999702566528867,0.9999983053154438,0,,,
nike,2023-06-12,0.0796244492298137,0.8391430207769954,0.0812325446262674,9,-0.0016080953964537,0.1608569792230045,0,,,
nike,2023-06-19,0.0104671153970463,0.5767922022584216,0.4127406984781673,5,-0.4022735830811209,0.4232077977415783,0,,,
nike,2023-06-26,9.692557796370238e-05,0.9902833700180054,0.0096197128295898,1,-0.0095227872516261,0.0097166299819946,0,,,
nike,2023-07-03,0.007517631334942,0.9880574267954249,0.0044249184504045,4,0.0030927128845374,0.0119425732045752,1,0.2288325598069605,1.0986122886681098,0.0
nike,2023-07-10,0.7484526906659053,0.0015000912217555,0.2500472070998114,2,0.4984054835660938,0.9984999087782443,0,,,
nike,2023-07-17,1.8334985817602956e-05,0.8057220913469791,0.1942595897407955,4,-0.1942412547549779,0.1942779086530208,0,,,
nike,2023-07-24,0.0140437161621696,0.9304093275843316,0.0555469815078911,9,-0.0415032653457214,0.0695906724156683,0,,,
nike,2023-07-31,0.0009031089889883,0.9990360140800476,6.087542122183246e-05,3,0.0008422335677664,0.0009639859199523,0,,,
nike,2023-08-07,0.0613090514772016,0.936521466821432,0.0021694623459751,4,0.0591395891312265,0.0634785331785678,0,,,
nike,2023-08-14,0.0221712593468055,0.7359889619983733,0.2418397759029176,4,-0.219668516556112,0.2640110380016267,0,,,
nike,2023-08-21,0.0080316307600536,0.7892475845536259,0.2027207872976472,6,-0.1946891565375936,0.2107524154463741,0,,,
nike,2023-08-28,0.0011924984447801,0.9971472322940826,0.0016602901654323,7,-0.0004677917206521,0.0028527677059173,1,-0.1180370391680298,0.6931471805599453,0.0
nike,2023-09-04,0.0003012888482771,0.9991180300712584,0.0005806353292427,1,-0.0002793464809656,0.0008819699287414,0,,,
nike,2023-09-11,0.2001733535878884,0.7980990449908859,0.0017275916226253,5,0.198445761965263,0.2019009550091141,0,,,
nike,2023-09-18,0.0001020729220968,0.982844978570938,0.0170529453777987,2,-0.0169508724557019,0.0171550214290618,0,,,
nike,2023-09-25,0.0008676625589032,0.9883862137794496,0.0107461331645026,4,-0.0098784706055994,0.0116137862205505,0,,,
nike,2023-10-02,5.349907879992344e-05,0.9999310374259948,1.5481611455925304e-05,4,3.8017467343998135e-05,6.896257400512695e-05,0,,,
nike,2023-10-09,0.0002140778137421,0.9980837007363638,0.0017022308050703,6,-0.0014881529913282,0.0019162992636362,0,,,
nike,2023-10-16,8.180416102732124e-06,0.9999851584434508,6.633623485186035e-06,2,1.5467926175460889e-06,1.4841556549072266e-05,0,,,
nike,2023-10-23,2.386617859689968e-05,0.9318415744556676,0.0681345614396839,7,-0.068110695261087,0.0681584255443322,0,,,
nike,2023-10-30,1.910012307841195e-05,0.9998495181401572,0.0001313785360252,3,-0.0001122784129468,0.0001504818598428,0,,,
nike,2023-11-06,4.514776605901716e-07,0.9999833106994628,1.6230006167461397e-05,2,-1.5778528506871226e-05,1.6689300537109375e-05,4,0.5099870764242951,3.183291310440009,0.0
nike,2023-11-13,0.0112097279205973,0.8425978471835454,0.1461924045229068,2,-0.1349826766023095,0.1574021528164546,0,,,
nike,2023-11-20,2.8519538091131835e-06,0.9999769926071168,2.0130167513343625e-05,2,-1.727821370423044e-05,2.300739288330078e-05,0,,,
nike,2023-11-27,0.0001655233536439,0.6921499793728193,0.307684474925433,3,-0.307518951571789,0.3078500206271807,0,,,
nike,2023-12-04,8.502749776084784e-05,0.7529461360536516,0.2469688219589443,4,-0.2468837944611834,0.2470538639463484,0,,,
nike,2023-12-11,0.0002836807560212,0.9996329545974731,8.334589971544422e-05,3,0.0002003348563057,0.0003670454025268,0,,,
nike,2023-12-18,0.1247255242779014,0.6654335957804468,0.2098408632876574,3,-0.085115339009756,0.3345664042195532,0,,,
nike,2023-12-25,0.0815187108632358,0.9184242337942125,5.701954967207712e-05,4,0.0814616913135637,0.0815757662057876,0,,,
nike,2024-01-01,0.0010197694122865,0.9875852644443512,0.0113949495292217,5,-0.0103751801169352,0.0124147355556487,0,,,
nike,2024-01-08,0.01615212330752,0.7572456170969027,0.2266022870147545,5,-0.2104501637072344,0.2427543829030972,0,,,
nike,2024-01-15,3.5839565981632404e-08,0.9999994039535522,5.372109512791212e-07,1,-5.013713852974888e-07,5.960464477539062e-07,0,,,
nike,2024-01-22,2.660924049754006e-05,0.3603030554174135,0.6396703110464538,3,-0.6396437018059562,0.6396969445825864,0,,,
nike,2024-01-29,0.0652831584195594,0.934481884267754,0.0002349350602646,8,0.0650482233592948,0.0655181157322459,0,,,
nike,2024-02-05,0.0508733751201017,0.9312042957124552,0.017922303231944,8,0.0329510718881576,0.0687957042875446,0,,,
nike,2024-02-12,0.0650049266709764,0.8721450535985065,0.0628500299632719,4,0.0021548967077045,0.1278549464014935,0,,,
nike,2024-02-19,4.003116250335855e-06,0.3335888192414131,0.6664071864696931,3,-0.6664031833534427,0.6664111807585869,0,,,
nike,2024-02-26,0.423069008198364,0.5307655365694045,0.0461654479172535,5,0.3769035602811105,0.4692344634305955,0,,,
nike,2024-03-04,0.0122257161768898,0.9816640092182332,0.006110258577393,6,0.0061154575994968,0.0183359907817668,0,,,
nike,2024-03-11,0.1175978255991995,0.4334682597188075,0.448933922505037,3,-0.3313360969058375,0.5665317402811925,0,,,
nike,2024-03-18,0.0011113366329448,0.81973682982581,0.1791518039898229,7,-0.1780404673568781,0.18026317017419,0,,,
nike,2024-03-25,1.795893876987975e-05,0.9995813965797424,0.0004006619565188,1,-0.000382703017749,0.0004186034202575,0,,,
nike,2024-04-01,0.0009151382071124,0.8740441161789931,0.1250407336025603,4,-0.1241255953954478,0.1259558838210068,0,,,
nike,2024-04-08,0.1060454135850825,0.8915696777403355,0.0023848828436463,4,0.1036605307414362,0.1084303222596645,0,,,
nike,2024-04-15,0.078367339095962,0.9215665340423584,6.607955681374733e-05,5,0.0783012595391483,0.0784334659576415,0,,,
nike,2024-04-22,0.2824378540548649,0.6751894562507507,0.0423726475714725,2,0.2400652064833923,0.3248105437492493,0,,,
nike,2024-04-29,0.0002593297299341,0.9991631746292114,0.0005775348676252,5,-0.000318205137691,0.0008368253707885,0,,,
nike,2024-05-06,5.55228969763751e-07,0.9998685121536256,0.0001309154398162,3,-0.0001303602108464,0.0001314878463745,2,0.0678502629780268,1.151292546497023,0.0
nike,2024-05-13,0.1305725148904213,0.817144693008491,0.0522827644804806,7,0.0782897504099407,0.1828553069915089,0,,,
nike,2024-05-20,0.2360150812564647,0.5217112801037729,0.2422736894693571,1,-0.0062586082128923,0.4782887198962271,0,,,
nike,2024-05-27,0.000448292028193,0.9581721742947896,0.0413795658774991,5,-0.0409312738493061,0.0418278257052102,0,,,
nike,2024-06-03,0.0003606575265469,0.997392455736796,0.0022468814449894,3,-0.0018862239184424,0.0026075442632039,0,,,
nike,2024-06-10,,,,0,,,2,0.1313859339468308,1.545521226679158,0.0
nike,2024-06-17,9.78552463415383e-06,0.999967098236084,2.3096211052120452e-05,4,-1.3310686417966622e-05,3.2901763916015625e-05,2,0.1250624174720087,2.4020105223666284,0.0
nike,2024-06-24,0.0562071881120651,0.5942442411427141,0.3495485731145891,2,-0.2933413850025239,0.4057557588572859,0,,,
nike,2024-07-01,0.0955434434898052,0.8794266506984423,0.0250298978243332,5,0.0705135456654719,0.1205733493015577,2,0.0162809895828104,1.4451858789480825,0.0
nike,2024-07-08,2.3452318345107415e-06,0.9999887347221376,8.932235800784838e-06,2,-6.5870039662740965e-06,1.1265277862548828e-05,0,,,
nike,2024-07-15,0.2169803241395467,0.7826869400484224,0.0003327615821511,5,0.2166475625573955,0.2173130599515775,0,,,
nike,2024-07-22,1.085553122948113e-06,0.9999779860178628,2.0959356940390233e-05,3,-1.987380381744212e-05,2.201398213708128e-05,5,0.0598931477972172,2.2693458388195538,1.0
nike,2024-07-29,3.775841832975857e-06,0.4999545109785686,0.500041632236389,4,-0.500037856394556,0.5000454890214314,0,,,
nike,2024-08-05,0.0001115904634067,0.8994809929567055,0.1004074300592037,5,-0.1002958395957969,0.1005190070432945,3,-0.0651827417799116,4.139468658797367,0.0
nike,2024-08-12,0.0819017536771887,0.8325558712684445,0.0855423572042302,3,-0.0036406035270415,0.1674441287315554,0,,,
nike,2024-08-19,0.3201907729535181,0.6796728175547389,0.000136414204536,5,0.3200543587489821,0.3203271824452611,0,,,
nike,2024-08-26,0.3306984044714151,0.6691867159679532,0.0001149070873604,3,0.3305834973840547,0.3308132840320468,0,,,
nike,2024-09-02,0.0022190612243259,0.9492005181848072,0.0485804364444511,6,-0.0463613752201251,0.0507994818151927,2,0.0698624237174954,5.380459801201939,0.0
nike,2024-09-09,3.180033133958205e-05,0.9985710859298706,0.001397104984062,5,-0.0013653046527224,0.0014289140701293,4,0.1049338356524458,3.044418292752119,0.0
nike,2024-09-16,0.0947972102765687,0.8840409616260619,0.0211618352369136,8,0.073635375039655,0.115959038373938,0,,,
nike,2024-09-23,0.0293481766902476,0.8174107178692663,0.1532411033904143,7,-0.1238929267001666,0.1825892821307336,3,0.0325693891843836,1.0593512767826485,0.0
nike,2024-09-30,0.5000000256408974,1.2059364686400896e-05,0.4999879205495396,1,1.2105091357739184e-05,0.9999879406353136,0,,,
nike,2024-10-07,0.0001129836334742,0.8564077148258613,0.1434793116954356,7,-0.1433663280619614,0.1435922851741387,0,,,
nike,2024-10-14,1.2252844499016646e-06,0.9996229410171508,0.0003757876111194,1,-0.0003745623266695,0.0003770589828491,0,,,
nike,2024-10-21,7.95381947682472e-06,0.5470811404520646,0.4529109125942341,2,-0.4529029587747573,0.4529188595479354,0,,,
nike,2024-10-28,8.116862216430339e-07,0.9999348918596904,6.430129222205021e-05,3,-6.348960600040718e-05,6.51081403096887e-05,0,,,
nike,2024-11-04,0.0035307546495459,0.9947532117366792,0.0017160612209181,2,0.0018146934286278,0.0052467882633209,0,,,
nike,2024-11-11,0.0003831883521646,0.9989151358604432,0.0007016469583807,3,-0.0003184586062161,0.0010848641395568,2,0.1272691904632665,3.5516610312630563,0.0
nike,2024-11-18,2.201522832478986e-06,0.8001960315043106,0.1998017728246282,5,-0.1997995713017957,0.1998039684956893,0,,,
nike,2024-12-02,0.0003615867784034,0.6322434921748936,0.3673949445936273,4,-0.3670333578152238,0.3677565078251064,0,,,
nike,2024-12-09,0.047996737062931,0.9459016919136048,0.0061015994288027,1,0.0418951376341283,0.0540983080863952,0,,,
nike,2024-12-16,0.022996647586102,0.9159891456365584,0.0610142262024453,4,-0.0380175786163432,0.0840108543634414,0,,,
nike,2024-12-23,0.0571331556082596,0.9316638433877168,0.0112029998479915,4,0.045930155760268,0.0683361566122833,0,,,
nintendo,2023-01-02,,,,0,,,1,0.087355331938733,2.3978952727983707,0.0
nintendo,2023-01-09,5.775012539288582e-07,2.450931469866191e-05,0.9999749064445496,2,-0.9999743289432956,0.9999754906853012,1,-0.0339837320797471,3.091042453358316,0.0
nintendo,2023-01-23,4.463632308215893e-07,0.9999384880065918,6.1030295910313725e-05,1,-6.0583932679492136e-05,6.151199340820312e-05,4,0.0401751690730805,3.3660623759674055,0.0
nintendo,2023-01-30,2.2387214357877383e-06,0.9978961944580078,0.0021015184465795,1,-0.0020992797251437,0.0021038055419921,1,0.2311715528958302,3.295836866004329,0.0
nintendo,2023-02-06,2.149986767108203e-05,0.9998820126056672,9.65791937233007e-05,2,-7.507932605221868e-05,0.0001179873943328,2,-0.0424058908339333,2.4101407828025185,0.0
nintendo,2023-02-13,9.716268323245458e-07,0.999963402748108,3.567607927834615e-05,1,-3.4704452446021605e-05,3.659725189208984e-05,0,,,
nintendo,2023-02-20,0.0003503340049064,0.9996000826358796,4.9526478505868e-05,2,0.0003008075264006,0.0003999173641204,0,,,
nintendo,2023-03-06,6.462696660491929e-05,0.9987754225730896,0.0011599589452089,4,-0.001095331978604,0.0012245774269104,0,,,
nintendo,2023-03-27,0.0002261499644854,0.3544896282255649,0.6452842343802937,3,-0.6450580844158083,0.645510371774435,0,,,
nintendo,2023-04-03,0.0180089205585507,0.9301116098184424,0.0518794764496638,4,-0.0338705558911131,0.0698883901815575,0,,,
nintendo,2023-04-10,0.0385478958594778,0.9297351506913004,0.0317169674921924,2,0.0068309283672853,0.0702648493086997,1,0.4914324214760199,8.502891406705377,0.0
nintendo,2023-04-17,,,,0,,,3,-0.1980799010569652,2.899838249403397,0.0
nintendo,2023-04-24,0.5000044631060518,0.4994490487316909,0.000546495041615,4,0.4994579680644367,0.5005509512683091,0,,,
nintendo,2023-05-01,0.1475631285193197,0.7833264009758759,0.0691104708755703,3,0.0784526576437494,0.216673599024124,4,0.1225946707616287,1.7039099975185827,0.0
nintendo,2023-05-15,0.0683315905038965,0.7571660691700841,0.1745023480871644,2,-0.1061707575832678,0.2428339308299159,2,-0.1855185323223622,6.073564554948112,0.0
nintendo,2023-05-29,0.0003439743886701,0.8502686023712158,0.1493873447179794,1,-0.1490433703293092,0.1497313976287841,1,0.0051767946333711,1.791759469228055,0.0
nintendo,2023-06-05,9.269490988117468e-07,0.9999959468841552,3.052737838515895e-06,1,-2.1257887397041486e-06,4.0531158447265625e-06,0,,,
nintendo,2023-06-12,0.1404950597013036,0.8584063847859701,0.0010985434358493,3,0.1393965162654543,0.1415936152140299,0,,,
nintendo,2023-06-19,0.499985503640346,0.5000131876513478,1.2553550696736693e-06,2,0.4999842482852763,0.4999868123486521,1,0.1698748440093993,0.6931471805599453,0.0
nintendo,2023-06-26,0.000630302587524,0.9990322887897491,0.0003374131410964,1,0.0002928894464275,0.0009677112102508,0,,,
nintendo,2023-07-03,6.586490712834348e-07,0.9998972415924072,0.0001019762275973,2,-0.000101317578526,0.0001027584075927,0,,,
nintendo,2023-07-10,0.001356123656464,0.9971289485692978,0.0015149130215377,2,-0.0001587893650736,0.0028710514307022,0,,,
nintendo,2023-07-24,5.438391175024056e-06,0.9999545415242512,4.001986356646133e-05,3,-3.4581472391437273e-05,4.545847574866091e-05,1,0.0831287382170558,0.6931471805599453,0.0
nintendo,2023-07-31,9.93576009022945e-07,0.99998140335083,1.7663885955698788e-05,1,-1.6670309946675843e-05,1.8596649169921875e-05,0,,,
nintendo,2023-08-21,0.0535213377287995,0.9464319312230994,4.675615704172742e-05,5,0.0534745815717578,0.0535680687769005,2,0.0420443308539688,0.6931471805599453,0.0
nintendo,2023-09-04,,,,0,,,3,0.1970009808747287,0.6931471805599453,0.0
nintendo,2023-09-11,0.0001326768291131,0.9998238359888394,4.349401046965795e-05,2,8.918281864348879e-05,0.0001761640111606,2,0.1146585823552541,0.6931471805599453,0.0
nintendo,2023-09-18,6.7757962938230776e-06,0.9999866485595704,6.588148266928329e-06,1,1.876480268947489e-07,1.33514404296875e-05,0,,,
nintendo,2023-09-25,9.64498894973076e-07,0.999716579914093,0.0002824487455654,1,-0.0002814842466705,0.0002834200859069,4,0.0096036341430263,0.6931471805599453,0.0
nintendo,2023-10-02,,,,0,,,2,0.1742479917320452,0.6931471805599453,0.0
nintendo,2023-10-09,0.004350360490469,0.8957397358679373,0.0999099146056626,4,-0.0955595541151936,0.1042602641320626,2,0.4270149445073912,0.6931471805599453,0.0
nintendo,2023-10-16,0.0468863762101678,0.930686519257506,0.0224270885494875,3,0.0244592876606803,0.069313480742494,1,0.2393165118659226,0.6931471805599453,0.0
nintendo,2023-10-23,3.660632510597376e-06,0.9999952514966328,1.045629507719544e-06,2,2.615003002877832e-06,4.748503367180135e-06,0,,,
nintendo,2023-10-30,,,,0,,,2,0.107917089248076,0.6931471805599453,0.0
nintendo,2023-11-13,2.6586153367702536e-07,0.9999980926513672,1.6327891785294923e-06,2,-1.366927644852467e-06,1.9073486328125e-06,0,,,
nintendo,2023-11-20,2.812950157249361e-06,0.9999243021011353,7.287891969554039e-05,2,-7.006596953829103e-05,7.56978988647461e-05,0,,,
nintendo,2023-11-27,2.369667072343873e-06,0.9999918937683104,5.7105567066173535e-06,1,-3.3408896342734806e-06,8.106231689453125e-06,2,-0.401806362019073,2.393745871391023,0.0
nintendo,2023-12-04,0.1843377801912346,0.7513278924472817,0.0643343118292926,3,0.1200034683619419,0.2486721075527183,0,,,
nintendo,2023-12-18,0.019895888864994,0.9800955057144164,8.588022865296807e-06,1,0.0198873008421287,0.0199044942855834,0,,,
nintendo,2023-12-25,0.0236510287225403,0.960007910499132,0.016341043034653,4,0.0073099856878872,0.039992089500868,0,,,
nintendo,2024-01-01,0.0027053824912854,0.9908290803432463,0.0064655180639761,2,-0.0037601355726906,0.0091709196567535,0,,,
nintendo,2024-01-15,1.693909325695131e-05,0.999940037727356,4.298018757253885e-05,1,-2.6041094315587543e-05,5.996227264404297e-05,0,,,
nintendo,2024-01-22,0.0004709685086936,0.2323197417281335,0.7672092765569687,2,-0.766738308048275,0.7676802582718665,0,,,
nintendo,2024-01-29,0.0070285033884071,0.5380968643973271,0.4548746347637878,3,-0.4478461313753806,0.4619031356026729,2,0.150194386617386,2.0126758453675744,0.0
nintendo,2024-02-05,0.0003328714393866,0.9983545064926148,0.00131259104337,5,-0.0009797196039833,0.0016454935073852,0,,,
nintendo,2024-02-12,2.4799902575978194e-07,0.9999539852142334,4.5784978283336386e-05,1,-4.553697925757661e-05,4.601478576660156e-05,0,,,
nintendo,2024-02-19,0.008384781108052,0.9907377362251282,0.0008775133505373,3,0.0075072677575147,0.0092622637748718,0,,,
nintendo,2024-02-26,,,,0,,,2,0.061578903312693,0.6931471805599453,0.0
nintendo,2024-03-04,7.389155405235215e-05,0.9982832372188568,0.0016429041424999,1,-0.0015690125884475,0.0017167627811431,3,-0.0152873114560018,0.6931471805599453,0.0
nintendo,2024-03-18,2.131860554754894e-08,0.9999991655349731,8.097890713543165e-07,2,-7.884704658067676e-07,8.344650268554688e-07,1,-0.3393512520214585,0.6931471805599453,0.0
nintendo,2024-03-25,1.2753152134337142e-07,0.9999947547912598,5.075181434222031e-06,1,-4.94764991287866e-06,5.245208740234375e-06,0,,,
nintendo,2024-04-01,5.767008701695886e-07,0.9999979734420776,1.4238652283893316e-06,1,-8.47164358219743e-07,2.0265579223632812e-06,0,,,
nintendo,2024-04-08,,,,0,,,2,0.0216007496662484,2.0302215052732095,0.0
nintendo,2024-05-06,3.3242133213207126e-05,0.0034598275087773,0.9965068697929382,1,-0.996473627659725,0.9965401724912226,1,0.280449030525034,0.6931471805599453,0.0
nintendo,2024-05-13,0.0001055386965163,0.9274415969848632,0.0724528796329953,3,-0.072347340936479,0.0725584030151367,1,-0.1250683381648514,5.707110264748875,0.0
nintendo,2024-05-20,,,,0,,,2,-0.2241949584567919,1.629048269010741,0.0
nintendo,2024-05-27,2.32747863719851e-05,0.999395340681076,0.0005813689931528,2,-0.0005580942067808,0.0006046593189239,0,,,
nintendo,2024-06-10,,,,0,,,2,-0.131806381046772,2.4414009612931853,0.0
nintendo,2024-06-17,,,,0,,,2,0.2864913374651223,0.8958797346140275,0.0
nintendo,2024-06-24,,,,0,,,2,0.0956432606619728,2.1097538525880535,0.0
nintendo,2024-07-01,6.859214352061828e-08,0.9999932050704956,6.7137607402401045e-06,1,-6.645168596719486e-06,6.794929504394531e-06,0,,,
nintendo,2024-07-08,2.444300434945035e-06,0.9999841451644896,1.3397857401287183e-05,1,-1.0953556966342148e-05,1.5854835510253906e-05,2,0.0447639225012608,1.7005986908310775,0.0
nintendo,2024-07-15,7.9271106239176e-06,0.999990850687027,1.2788610410652268e-06,2,6.6482495828523724e-06,9.14931297302246e-06,1,0.8388640061966726,0.6931471805599453,0.0
nintendo,2024-07-22,,,,0,,,10,0.1197124552864693,1.066914142388282,1.0
nintendo,2024-07-29,8.461773131311172e-05,0.9998333255449932,8.209165036513848e-05,2,2.5260809479732416e-06,0.0001666744550068,4,0.0512492617494055,1.0691665297540138,0.0
nintendo,2024-08-05,0.5000005725494816,0.0129560169365419,0.4870434328955575,1,0.012957139653924,0.987043983063458,2,0.1697911785649921,2.063567192522546,0.0
nintendo,2024-08-12,2.2291869754553773e-06,0.9999966621398926,1.1055385584768374e-06,1,1.12364841697854e-06,3.337860107421875e-06,8,0.0328191618311271,1.3290967224639934,1.0
nintendo,2024-08-19,2.626071704980859e-06,0.999891072511673,0.0001063278834863,2,-0.0001037018117813,0.000108927488327,4,-0.0363040605347038,2.8195538193211385,0.0
nintendo,2024-08-26,0.6156287480336537,0.334101929263852,0.0502693058347176,2,0.5653594421989361,0.6658980707361479,0,,,
nintendo,2024-09-02,5.690477564712637e-07,0.9999905824661256,8.875857190560055e-06,1,-8.306809434088791e-06,9.41753387451172e-06,2,-0.2384177416388411,1.545521226679158,0.0
nintendo,2024-09-09,0.0566102583429598,0.9433066447575889,8.313757485319447e-05,3,0.0565271207681066,0.0566933552424112,0,,,
nintendo,2024-09-16,0.0062487684384298,0.7797514274716377,0.2139997990080549,3,-0.207751030569625,0.2202485725283622,2,-0.0136775189912441,1.3862943611198906,0.0
nintendo,2024-09-23,0.2206978045219934,0.7368772341724368,0.0424249738422165,4,0.1782728306797769,0.2631227658275632,4,0.0608734501775742,1.0063379226837872,0.0
nintendo,2024-09-30,,,,0,,,2,-0.202330151321803,2.4489198999754556,0.0
nintendo,2024-10-07,5.596601226898201e-07,0.9999979734420776,1.4691881915496197e-06,1,-9.095280688597996e-07,2.0265579223632812e-06,0,,,
nintendo,2024-10-14,4.0140040624692126e-08,0.9999998807907104,1.3319056790805917e-07,1,-9.305052728336705e-08,1.1920928955078125e-07,1,-0.1742350737313245,0.6931471805599453,0.0
nintendo,2024-10-21,0.1637185729640388,0.8362726597115397,8.782618806435494e-06,2,0.1637097903452324,0.1637273402884602,3,0.0576202184953823,1.1552453009332422,0.0
nintendo,2024-10-28,,,,0,,,1,-0.0459785712882876,0.6931471805599453,0.0
nintendo,2024-11-04,0.0003034782838673,0.8329933322236357,0.1667032036316151,3,-0.1663997253477477,0.1670066677763643,1,0.2069744575458969,0.6931471805599453,0.0
nintendo,2024-11-11,0.0812329811769814,0.8906477987766266,0.0281191566882625,1,0.0531138244887188,0.1093522012233734,1,-0.0429186242527066,0.6931471805599453,0.0
nintendo,2024-11-18,0.0497836713966526,0.9086697740759124,0.0415465311493465,3,0.0082371402473061,0.0913302259240875,1,0.1541766261429131,9.26321741157695,0.0
nintendo,2024-11-25,3.6580007645170554e-07,0.9997888207435608,0.0002108536282321,1,-0.0002104878281556,0.0002111792564392,0,,,
nintendo,2024-12-02,1.8872219982313256e-06,0.9987936913967131,0.0012044422833241,1,-0.0012025550613259,0.0012063086032867,0,,,
nintendo,2024-12-09,0.2537283456624664,0.7448090065486728,0.0014626747804626,2,0.2522656708820037,0.2551909934513272,11,0.0644149102350827,3.907215149949916,1.0
nintendo,2024-12-16,0.0173669716787117,0.971020609140396,0.0116124755368218,1,0.0057544961418898,0.0289793908596038,0,,,
nintendo,2024-12-23,0.1112771753624757,0.8875234608574627,0.0011993198622045,3,0.1100778555002711,0.1124765391425373,3,0.1521325075541616,2.4670770881376716,0.0
nintendo,2024-12-30,0.0001665718349492,0.7466100475853779,0.2532233768743026,2,-0.2530568050393533,0.2533899524146221,0,,,
nissan,2022-12-26,0.4288403689861297,0.571009635925293,0.0001500336366007,1,0.428690335349529,0.428990364074707,0,,,
nissan,2023-01-02,5.299870906583237e-07,1.3150297739628058e-07,0.9999993443489076,2,-0.9999988143618168,0.9999998684970226,0,,,
nissan,2023-01-09,0.0372662372911537,0.8525021769530993,0.1102315716933221,1,-0.0729653344021684,0.1474978230469007,0,,,
nissan,2023-01-16,8.938904230149092e-07,0.999856859445572,0.0001422309841245,2,-0.0001413370937015,0.0001431405544281,0,,,
nissan,2023-01-30,0.1449994425893219,0.7140267080831109,0.1409738441474601,1,0.0040255984418617,0.2859732919168891,0,,,
nissan,2023-02-06,1.1373061852282262e-06,3.0761054858885473e-06,0.9999958276748656,1,-0.9999946903686804,0.999996923894514,0,,,
nissan,2023-02-13,6.18578643809542e-05,0.2577760894517951,0.7421620478071418,4,-0.7421001899427608,0.7422239105482049,0,,,
nissan,2023-02-20,5.188807699596509e-05,0.2676259279251098,0.7323222160339355,2,-0.7322703279569396,0.7323740720748901,0,,,
nissan,2023-02-27,0.0023851586540675,0.997391402721405,0.000223468180574,6,0.0021616904734934,0.0026085972785949,0,,,
nissan,2023-03-06,7.372235941716099e-07,0.9999116659164428,8.76375415828079e-05,1,-8.690031798863629e-05,8.83340835571289e-05,0,,,
nissan,2023-03-13,6.85780307208006e-07,0.999941349029541,5.78867802687455e-05,1,-5.720099996153749e-05,5.8650970458984375e-05,0,,,
nissan,2023-03-20,6.519116482195386e-07,0.9999083280563354,9.101741306949408e-05,1,-9.036550142127452e-05,9.167194366455078e-05,0,,,
nissan,2023-04-03,0.4214753721329855,0.4582553468500334,0.120269274062292,3,0.3012060980706935,0.5417446531499666,0,,,
nissan,2023-04-10,0.1093138214200735,0.8905737698078156,0.0001124311456806,2,0.1092013902743929,0.1094262301921844,0,,,
nissan,2023-04-17,0.3253134515966091,0.6375491146734286,0.0371374293491347,3,0.2881760222474744,0.3624508853265714,0,,,
nissan,2023-05-01,0.0001355494324286,0.7525685513392091,0.247295896309879,2,-0.2471603468774503,0.2474314486607909,0,,,
nissan,2023-05-15,1.1218833861903477e-07,1.014295321510872e-05,0.9999897480010986,1,-0.99998963581276,0.9999898570467848,0,,,
nissan,2023-05-22,8.70518124429509e-06,0.999984860420227,6.398751338565489e-06,1,2.306429905729601e-06,1.513957977294922e-05,0,,,
nissan,2023-06-05,1.5751979844935704e-06,0.99998676776886,1.1699064089043532e-05,2,-1.012386610454996e-05,1.323223114013672e-05,0,,,
nissan,2023-06-12,3.2361999160457344e-06,0.5007533197640441,0.4992434274577135,1,-0.4992401912577975,0.4992466802359558,0,,,
nissan,2023-07-03,0.2498951554518189,0.7499722605862189,0.000132584524394,4,0.2497625709274249,0.2500277394137811,0,,,
nissan,2023-07-17,0.0004333728199803,0.7785084148248037,0.2210582247019677,3,-0.2206248518819874,0.2214915851751963,0,,,
nissan,2023-07-24,1.5057625830650068e-06,0.9911124308904012,0.0088860511316208,3,-0.0088845453690377,0.0088875691095987,0,,,
nissan,2023-07-31,0.3999466244338862,0.5893893740169005,0.0106640215859783,5,0.3892826028479078,0.4106106259830995,0,,,
nissan,2023-08-07,,,,0,,,3,-0.2587109605192381,1.3647815207407,1.0
nissan,2023-08-21,0.0007055812344169,0.5553693436086178,0.4439251039155749,2,-0.4432195226811579,0.4446306563913822,0,,,
nissan,2023-08-28,0.0001635705116669,0.9996126890182496,0.00022374053439,6,-6.01700227231087e-05,0.0003873109817504,0,,,
nissan,2023-09-04,1.7360070550864748e-05,0.1705645905121097,0.8294180811062688,2,-0.8294007210357179,0.8294354094878903,0,,,
nissan,2023-09-11,4.904662274185512e-06,0.9720449090003968,0.0279502278966788,5,-0.0279453232344046,0.0279550909996032,0,,,
nissan,2023-09-18,4.398557848617202e-06,0.9999871253967284,8.426635758951306e-06,1,-4.028077910334105e-06,1.2874603271484377e-05,0,,,
nissan,2023-09-25,0.0061173982556788,0.9936426244676112,0.0002399649557176,4,0.0058774332999611,0.0063573755323886,0,,,
nissan,2023-10-02,0.0940328339422128,0.905929485956828,3.7655112312980535e-05,2,0.0939951788298998,0.0940705140431721,0,,,
nissan,2023-10-09,1.2268683349248022e-06,0.9999829530715942,1.5828092728042975e-05,1,-1.4601224393118171e-05,1.704692840576172e-05,0,,,
nissan,2023-10-16,1.0767608728201594e-05,0.9968127608299256,0.0031763692386448,1,-0.0031656016299166,0.0031872391700744,0,,,
nissan,2023-10-23,0.0643969985203256,0.3043291410431266,0.6312738434358038,2,-0.5668768449154782,0.6956708589568734,0,,,
nissan,2023-11-06,0.0055228448361251,0.7991781464467446,0.1952990017326656,3,-0.1897761568965405,0.2008218535532554,0,,,
nissan,2023-11-20,0.2210813149699156,0.7765353204712382,0.0023833540510077,1,0.2186979609189079,0.2234646795287618,0,,,
nissan,2023-11-27,3.340083843283992e-06,0.4999964538870642,0.5000002061185,2,-0.4999968660346567,0.5000035461129357,0,,,
nissan,2023-12-11,1.3590001343525653e-06,0.999887983004252,0.0001106508124308,3,-0.0001092918122965,0.0001120169957479,0,,,
nissan,2023-12-18,1.607780925875583e-06,0.9990637302398682,0.0009346471758817,3,-0.0009330393949558,0.0009362697601318,0,,,
nissan,2023-12-25,9.96996868707356e-06,0.9999704360961914,1.9561972294468433e-05,2,-9.592003607394872e-06,2.956390380859375e-05,0,,,
nissan,2024-01-08,2.862333167286124e-05,0.1656153202056884,0.8343560099601746,1,-0.8343273866285017,0.8343846797943115,0,,,
nissan,2024-01-29,0.4794537474881224,0.5194203816354275,0.0011258401718805,2,0.4783279073162418,0.4805796183645725,0,,,
nissan,2024-02-05,0.2000428850256128,0.199698114328541,0.6002589805368075,1,-0.4002160955111947,0.800301885671459,0,,,
nissan,2024-02-26,8.352950828793837e-07,0.9999070763587952,9.210859661834549e-05,2,-9.127330153546608e-05,9.292364120483398e-05,0,,,
nissan,2024-03-18,3.350088491060888e-07,0.9999983310699464,1.2702261074082344e-06,1,-9.352172583021456e-07,1.6689300537109375e-06,0,,,
nissan,2024-03-25,0.2239268812747307,0.7706069699518139,0.0054661698886941,1,0.2184607113860366,0.2293930300481861,0,,,
nissan,2024-04-15,0.0123432681223292,0.5947528195877869,0.3929039413991783,2,-0.380560673276849,0.4052471804122131,1,0.5134933620538504,4.6443908991413725,0.0
nissan,2024-04-22,0.0073460839937524,0.5804818943142891,0.4121719701311122,2,-0.4048258861373597,0.4195181056857109,0,,,
nissan,2024-04-29,1.9679375782288844e-06,0.9999947547912598,3.1706895242678e-06,1,-1.2027519460389158e-06,5.245208740234375e-06,0,,,
nissan,2024-05-06,5.7560029631531506e-08,0.9999955892562866,4.38258757640142e-06,1,-4.325027546769888e-06,4.410743713378906e-06,0,,,
nissan,2024-05-13,4.145398179389304e-06,0.9999371767044068,5.865491766599007e-05,1,-5.4509519486600766e-05,6.282329559326172e-05,0,,,
nissan,2024-05-20,0.0048801972952521,0.8284191898862143,0.166700605162949,2,-0.1618204078676968,0.1715808101137856,0,,,
nissan,2024-05-27,2.3602020974067273e-05,0.4212246197901549,0.5787517565477174,1,-0.5787281545267433,0.578775380209845,0,,,
nissan,2024-06-03,0.3073932695450215,0.6909551570812861,0.0016515236510106,3,0.3057417458940108,0.3090448429187139,0,,,
nissan,2024-06-17,1.4699402584028578e-07,0.9999961853027344,3.6901240036968375e-06,1,-3.5431299778565517e-06,3.814697265625e-06,0,,,
nissan,2024-07-22,1.3259125708486866e-07,0.9972094148397446,0.0027905003563049,2,-0.0027903677650478,0.0027905851602554,0,,,
nissan,2024-07-29,0.0931196675488574,0.4488896112665467,0.4579907097205857,2,-0.3648710421717283,0.5511103887334533,0,,,
nissan,2024-08-05,0.0257346909984442,0.9567671563407504,0.0174981101895109,6,0.0082365808089332,0.0432328436592496,0,,,
nissan,2024-08-12,0.3964565741358328,0.6035275422036648,1.591157915754593e-05,5,0.3964406625566752,0.3964724577963352,0,,,
nissan,2024-09-02,,,,0,,,1,-0.1743054197612821,0.6931471805599453,0.0
nissan,2024-09-09,5.2231980021133495e-06,0.9989626407623292,0.0010321166935796,2,-0.0010268934955774,0.0010373592376708,0,,,
nissan,2024-09-16,0.0001042018014459,0.9922770023345948,0.007618749152607,5,-0.0075145473511611,0.0077229976654052,0,,,
nissan,2024-09-23,2.10756041951754e-06,0.9998922049999236,0.0001056590135704,2,-0.0001035514531508,0.0001077950000762,0,,,
nissan,2024-09-30,9.864389085123548e-06,0.9992402990659078,0.0007498448130718,3,-0.0007399804239867,0.0007597009340921,0,,,
nissan,2024-10-07,0.0001878567127278,0.9658192992210388,0.0339928157627582,1,-0.0338049590500304,0.0341807007789611,0,,,
nissan,2024-10-14,5.213997766873035e-08,0.9999971389770508,2.9136297143850243e-06,1,-2.861489736716294e-06,2.86102294921875e-06,0,,,
nissan,2024-10-28,0.0130964554846286,0.986866056919098,3.7502526538446546e-05,1,0.0130589529580902,0.0131339430809021,0,,,
nissan,2024-11-04,0.0008861779729609,0.7676787413322992,0.2314351041592696,3,-0.2305489261863087,0.2323212586677008,1,-0.0543872790382806,2.1972245773362196,0.0
nissan,2024-11-11,0.0221701538324881,0.9266532295457394,0.0511766089878019,3,-0.0290064551553138,0.0733467704542606,0,,,
nissan,2024-11-18,,,,0,,,1,0.0068281229437161,0.6931471805599453,0.0
nissan,2024-11-25,1.2933622978531882e-06,0.8220336003190217,0.1779650655378949,3,-0.177963772175597,0.1779663996809782,0,,,
nissan,2024-12-02,0.0331807502813243,0.9384327304620244,0.0283865302940094,2,0.0047942199873148,0.0615672695379756,0,,,
nissan,2024-12-09,0.0002055389369957,0.9995713755488396,0.000223095658157,2,-1.7556721161327005e-05,0.0004286244511604,0,,,
nissan,2024-12-16,0.0968141953939061,0.4999343198619062,0.4032515062251925,3,-0.3064373108312863,0.5000656801380938,0,,,
nissan,2024-12-23,0.1875636795127347,0.6292067882288763,0.1832295468344959,8,0.0043341326782388,0.3707932117711237,0,,,
oracle,2023-01-02,2.933432824647753e-06,0.9998996257781982,9.74386784946546e-05,1,-9.450524567000684e-05,0.0001003742218017,0,,,
oracle,2023-01-09,2.394108605585643e-06,0.9999899864196776,7.611087767145364e-06,1,-5.2169791615597205e-06,1.0013580322265623e-05,0,,,
oracle,2023-01-16,2.57751639765047e-06,0.9999890327453612,8.311965757457074e-06,1,-5.734449359806604e-06,1.0967254638671877e-05,0,,,
oracle,2023-01-23,0.0003092020125109,0.8107648126780986,0.1889260117715821,1,-0.1886168097590712,0.1892351873219013,0,,,
oracle,2023-01-30,0.0003845140745397,0.9995847642421722,3.0701871764904354e-05,2,0.0003538122027748,0.0004152357578277,0,,,
oracle,2023-02-06,0.0222405912354588,0.9777097602685292,4.96073524421566e-05,3,0.0221909838830166,0.0222902397314707,0,,,
oracle,2023-02-13,3.541066234902246e-06,0.001206328975968,0.9987900853157043,2,-0.9987865442494694,0.998793671024032,0,,,
oracle,2023-02-20,0.9999986886978148,1.2000542710666195e-06,6.855550793716247e-08,1,0.999998620142307,0.9999987999457288,0,,,
oracle,2023-02-27,0.0069188374701146,0.9930005669593812,8.058161097324046e-05,3,0.0068382558591414,0.0069994330406188,0,,,
oracle,2023-03-06,7.597457442898303e-05,0.0476492579909972,0.9522747695446014,2,-0.9521987949701723,0.9523507420090028,0,,,
oracle,2023-03-13,4.822141891717517e-06,0.9973304296533266,0.0026647728918855,4,-0.0026599507499938,0.0026695703466733,0,,,
oracle,2023-03-20,4.261464126195143e-05,0.9986264573203192,0.0013309145986718,9,-0.0012882999574099,0.0013735426796807,0,,,
oracle,2023-04-03,0.0005352356168984,0.997113972902298,0.0023508005419365,4,-0.001815564925038,0.002886027097702,0,,,
oracle,2023-04-10,2.0107986209438877e-07,0.9999191164970398,8.069232523055803e-05,4,-8.049124536846364e-05,8.088350296020508e-05,0,,,
oracle,2023-04-17,1.442511347704567e-06,0.991235355536143,0.008763195533182,3,-0.0087617530218343,0.008764644463857,0,,,
oracle,2023-04-24,2.6126459339081975e-05,0.999907612800598,6.623449553444516e-05,3,-4.0108036195363184e-05,9.238719940185548e-05,0,,,
oracle,2023-05-08,2.3187535589386243e-06,0.997063934803009,0.0029336458537727,1,-0.0029313271002138,0.0029360651969909,0,,,
oracle,2023-05-15,0.0001692289806669,0.999816596508026,1.42199833135237e-05,1,0.0001550089973534,0.0001834034919738,0,,,
oracle,2023-05-22,0.0014007461965519,0.9985956698656082,3.623786753337299e-06,4,0.0013971224097986,0.0014043301343917,0,,,
oracle,2023-06-12,1.0,1.578865926887829e-08,3.9385071204378625e-08,2,0.9999999606149288,0.9999999842113408,0,,,
oracle,2023-06-19,0.0010513107608858,0.998911827802658,3.6836428989772685e-05,1,0.001014474331896,0.0010881721973419,0,,,
oracle,2023-06-26,3.476419863090996e-07,0.9999920129776,7.636958798684645e-06,1,-7.289316812375546e-06,7.987022399902344e-06,3,-0.1014093391488207,3.071178420957567,0.0
oracle,2023-07-03,0.0008954623476,0.9969515427947044,0.0021530022684146,2,-0.0012575399208145,0.0030484572052955,0,,,
oracle,2023-07-10,0.184571769844274,0.8153358966112136,9.2322649925336e-05,1,0.1844794471943487,0.1846641033887863,0,,,
oracle,2023-07-17,9.083324927772196e-06,0.9999387264251708,5.219881307994001e-05,4,-4.3115488152167813e-05,6.127357482910156e-05,0,,,
oracle,2023-07-24,8.98736179806292e-05,0.9998561143875122,5.396339838625863e-05,1,3.5910219594370574e-05,0.0001438856124877,0,,,
oracle,2023-08-14,7.093569001881406e-05,0.9999111890792848,1.7905034837895073e-05,1,5.3030655180918984e-05,8.881092071533203e-05,0,,,
oracle,2023-08-28,0.0106415692716836,0.9893450140953064,1.344715474260738e-05,1,0.010628122116941,0.0106549859046936,0,,,
oracle,2023-09-04,0.0163800306618213,0.0015250541036948,0.982094943523407,1,-0.9657149128615856,0.9984749458963053,0,,,
oracle,2023-09-11,0.3522567263571545,0.0004005858905316,0.6473426669836044,1,-0.2950859406264499,0.9995994141094684,0,,,
oracle,2023-09-25,2.496828642506443e-06,0.9999871253967284,1.0389839189883787e-05,2,-7.893010547377344e-06,1.2874603271484377e-05,0,,,
oracle,2023-10-02,0.0325606800615787,0.9673704504966736,6.883654714329168e-05,1,0.0324918435144354,0.0326295495033264,0,,,
oracle,2023-10-16,0.4240407618021891,0.5759121626615524,4.707874995801831e-05,2,0.423993683052231,0.4240878373384475,0,,,
oracle,2023-10-23,2.9787787525492604e-07,0.9999871253967284,1.2668288945860697e-05,1,-1.2370411070605767e-05,1.2874603271484377e-05,0,,,
oracle,2023-11-27,0.001341967144981,0.9983901977539062,0.0002678839082363,1,0.0010740832367446,0.0016098022460937,0,,,
oracle,2023-12-11,8.396856401304831e-07,0.4999923237174206,0.5000067931332524,2,-0.5000059534476122,0.5000076762825794,0,,,
oracle,2023-12-25,0.0012966218491783,0.802216112613678,0.1964872558545494,4,-0.195190634005371,0.197783887386322,0,,,
oracle,2024-02-05,0.3846190669681674,0.5913041787370983,0.0240767856971199,3,0.3605422812710474,0.4086958212629017,0,,,
oracle,2024-03-04,0.0052022566488858,0.9684672057628632,0.0263304792897542,1,-0.0211282226408684,0.0315327942371368,0,,,
oracle,2024-03-11,0.0627535572109585,0.9213645226611642,0.0158819222745354,16,0.0468716349364231,0.0786354773388358,0,,,
oracle,2024-03-18,5.094576764008707e-05,0.99994695186615,2.0655502197541864e-06,2,4.888021742033288e-05,5.3048133850097656e-05,0,,,
oracle,2024-03-25,0.0034820355891724,0.9964622259140016,5.5746583711879794e-05,2,0.0034262890054606,0.0035377740859985,0,,,
oracle,2024-04-08,2.807958117045928e-05,0.9999455213546752,2.6389219783595763e-05,1,1.6903613868635148e-06,5.447864532470703e-05,0,,,
oracle,2024-04-15,1.0536875379330011e-05,0.999852180480957,0.0001372568367514,1,-0.0001267199613721,0.0001478195190429,0,,,
oracle,2024-04-22,5.3859241901932364e-06,0.6621928215026855,0.3378017906943569,1,-0.3377964047701667,0.3378071784973144,0,,,
oracle,2024-04-29,0.2919488757270301,0.4460843037079183,0.2619667965887475,4,0.0299820791382825,0.5539156962920817,0,,,
oracle,2024-05-20,8.299000029410308e-07,0.999881774187088,0.0001174080352939,2,-0.0001165781352909,0.0001182258129119,0,,,
oracle,2024-06-03,0.5000001237634848,0.4999914377883367,8.49564711868922e-06,2,0.4999916281163661,0.5000085622116632,0,,,
oracle,2024-06-10,1.0,4.199359082690535e-09,6.14191808523401e-09,1,0.999999993858082,0.9999999958006408,0,,,
oracle,2024-06-17,0.0750309420782485,0.847479909658432,0.0774891275689052,3,-0.0024581854906567,0.152520090341568,0,,,
oracle,2024-06-24,2.0840661818510853e-06,0.9999966621398926,1.3144867807568517e-06,2,7.695794010942336e-07,3.337860107421875e-06,0,,,
oracle,2024-07-01,1.2471988365329404e-05,0.9999779462814332,9.59020072836362e-06,3,2.8817876369657824e-06,2.205371856689453e-05,0,,,
oracle,2024-07-08,0.0131899370798578,0.9867435693740844,6.647569330198166e-05,4,0.0131234613865558,0.0132564306259155,2,-0.0883352998926056,1.545521226679158,0.0
oracle,2024-07-15,0.5425087809562683,0.4571695923805237,0.0003216626646462,1,0.542187118291622,0.5428304076194763,4,-0.1947269367835815,1.3143738430069454,1.0
oracle,2024-07-22,0.0134701719507575,0.9701049327850342,0.0164248850196599,1,-0.0029547130689024,0.0298950672149658,0,,,
oracle,2024-08-05,0.0006354969145926,0.9993350307146708,2.952809230312899e-05,3,0.0006059688222895,0.0006649692853292,0,,,
oracle,2024-08-12,1.278263152926229e-05,0.9999831914901732,4.047710717713926e-06,1,8.734920811548363e-06,1.6808509826660156e-05,1,-0.1596880418910586,0.6931471805599453,0.0
oracle,2024-08-19,3.5766152848282218e-06,0.999990701675415,5.729469378934482e-06,2,-2.15285409410626e-06,9.298324584960938e-06,0,,,
oracle,2024-08-26,9.689407704627229e-06,0.9993870059649148,0.0006032933814973,3,-0.0005936039737927,0.000612994035085,0,,,
oracle,2024-09-02,0.0531635268162006,0.7934240761509163,0.1534123956879285,6,-0.1002488688717279,0.2065759238490837,0,,,
oracle,2024-09-09,0.4669767867245515,0.4656260895829451,0.0673971105750015,5,0.39957967614955,0.5343739104170548,0,,,
oracle,2024-09-16,0.3333454667553137,0.6665271198575162,0.0001274146434518,3,0.3332180521118618,0.3334728801424838,2,-0.0421446115290109,0.8958797346140275,0.0
oracle,2024-09-23,3.5308502030299378e-06,0.3334873195672116,0.6665091856956072,3,-0.6665056548454042,0.6665126804327883,0,,,
oracle,2024-09-30,0.0531757476755564,0.9122519901485532,0.0345722147729725,2,0.0186035329025839,0.0877480098514469,0,,,
oracle,2024-10-07,,,,0,,,3,-0.0720505062004785,1.972964618091049,0.0
oracle,2024-10-14,0.0001008663600714,0.9959940165281296,0.0039051131544738,2,-0.0038042467944023,0.0040059834718704,0,,,
oracle,2024-10-21,0.0117042309576788,0.954347223023146,0.0339484985380102,3,-0.0222442675803314,0.0456527769768539,0,,,
oracle,2024-10-28,2.0480301827774383e-06,0.9999587535858154,3.91788526030723e-05,1,-3.713082242029486e-05,4.124641418457031e-05,0,,,
oracle,2024-11-04,7.612668611045592e-06,0.9999783039093018,1.4068411587686567e-05,1,-6.455742976640977e-06,2.1696090698242188e-05,0,,,
oracle,2024-11-18,0.0595329072630086,0.874268225202038,0.0661988589126953,1,-0.0066659516496866,0.125731774797962,0,,,
oracle,2024-12-02,0.0065368691325602,0.9933818578720092,8.12683039384865e-05,5,0.0064556008286217,0.0066181421279907,0,,,
oracle,2024-12-09,0.5000002393156535,3.102404955157567e-08,0.4999997636769875,1,4.756386660087486e-07,0.9999999689759504,1,-0.1763829943544692,0.6931471805599453,0.0
oracle,2024-12-16,0.020933907537452,0.9581095368228854,0.0209565343023018,2,-2.2626764849837527e-05,0.0418904631771146,1,-0.1891826765951236,2.3978952727983707,0.0
oracle,2024-12-23,1.619610429770546e-06,0.9999852180480956,1.3123269127390811e-05,1,-1.1503658697620269e-05,1.4781951904296877e-05,0,,,
oracle,2024-12-30,8.154471288435161e-06,0.9846641421318054,0.0153276976197958,1,-0.0153195431485073,0.0153358578681945,0,,,
pampers,2023-04-03,2.0754141587531194e-06,0.9999945163726808,3.4320742088311817e-06,1,-1.3566600500780623e-06,5.4836273193359375e-06,0,,,
pampers,2023-04-10,2.0754141587531194e-06,0.9999945163726808,3.4320742088311817e-06,1,-1.3566600500780623e-06,5.4836273193359375e-06,0,,,
pampers,2023-04-17,3.71757269022055e-05,0.0342813432216644,0.9656814336776732,1,-0.9656442579507712,0.9657186567783356,0,,,
pampers,2023-06-12,1.434609835371248e-07,0.9999991655349731,6.369864067323761e-07,2,-4.935254231952513e-07,8.344650268554688e-07,0,,,
pampers,2023-06-26,,,,0,,,1,0.0594262050530005,5.575949103146316,0.0
pampers,2023-12-04,6.728138259859406e-07,0.9999948740005492,4.391182301333174e-06,1,-3.7183684753472335e-06,5.125999450683594e-06,0,,,
pampers,2024-05-27,1.071334827429382e-05,0.9992870688438416,0.0007021866040304,1,-0.0006914732557561,0.0007129311561584,0,,,
panasonic,2023-02-06,3.1054537430463824e-07,0.9999980926513672,1.5688920029788278e-06,1,-1.2583466286741896e-06,1.9073486328125e-06,0,,,
panasonic,2023-04-17,0.0013048581313341,0.9984959363937378,0.0001992947654798,1,0.0011055633658543,0.0015040636062622,0,,,
panasonic,2023-05-08,0.0004071223195296,0.6662392574871774,0.3333536052183869,1,-0.3329464828988572,0.3337607425128226,0,,,
panasonic,2023-07-03,0.0003633623491623,0.9994522929191588,0.0001843466598074,1,0.0001790156893548,0.000547707080841,0,,,
panasonic,2023-07-10,0.0038692709713359,0.9960192143917084,0.0001115193626901,1,0.0037577516086457,0.0039807856082916,0,,,
panasonic,2023-08-14,0.9999573230743408,4.2284158553229645e-05,3.092224005740718e-07,1,0.9999570138519402,0.9999577158414468,0,,,
panasonic,2023-10-02,1.348424945035731e-07,0.9999943971633912,5.465281901706476e-06,1,-5.330439407202903e-06,5.602836608886719e-06,0,,,
panasonic,2024-01-01,0.1346375793218612,0.8653343319892883,2.808134195220191e-05,1,0.134609497979909,0.1346656680107116,0,,,
panasonic,2024-02-05,0.0043113804422318,0.9956842660903932,4.342366992204916e-06,1,0.0043070380752396,0.0043157339096069,0,,,
panasonic,2024-02-12,3.851721885439474e-06,0.9998961687088012,0.0001000232732621,1,-9.61715513767558e-05,0.0001038312911987,0,,,
panasonic,2024-03-25,7.805789081771763e-08,0.999991536140442,8.327466503033065e-06,2,-8.249408612215348e-06,8.463859558105469e-06,0,,,
panasonic,2024-05-06,0.9999735355377196,2.4169095922843553e-05,2.2737776816939004e-06,1,0.999971261760038,0.9999758309040772,0,,,
panasonic,2024-08-12,8.27723923357837e-06,0.7479591386854025,0.2520325741446783,2,-0.2520242969054447,0.2520408613145974,0,,,
panasonic,2024-09-30,1.615432125845473e-07,0.999951720237732,4.821023685508408e-05,1,-4.804869364249953e-05,4.8279762268066406e-05,0,,,
panasonic,2024-10-14,7.130992116799462e-06,0.9997051954269408,0.0002877197912312,2,-0.0002805887991144,0.000294804573059,0,,,
panasonic,2024-11-04,,,,0,,,1,-0.0458419677921995,0.6931471805599453,0.0
panasonic,2024-11-18,1.0,3.5226452865799736e-08,1.2951033134811496e-08,1,0.9999999870489668,0.9999999647735472,0,,,
panasonic,2024-12-23,,,,0,,,1,-0.1486173838843569,0.6931471805599453,0.0
paypal,2023-01-02,9.039146152645117e-05,0.999905010064443,4.58587775635048e-06,3,8.580558377010068e-05,9.498993555701052e-05,0,,,
paypal,2023-01-09,0.0001513116953901,0.3727039266570955,0.6271447539329529,2,-0.6269934422375627,0.6272960733429045,0,,,
paypal,2023-01-23,0.1769929640928609,0.8201322606764734,0.0028747835747537,1,0.1741181805181071,0.1798677393235266,0,,,
paypal,2023-01-30,0.9488486647605896,0.0477648638188838,0.0033864069264382,1,0.9454622578341514,0.952235136181116,0,,,
paypal,2023-02-06,2.3154724459573117e-05,0.6398851076761881,0.3600917132865788,1,-0.3600685585621193,0.3601148923238119,0,,,
paypal,2023-02-20,2.9976663697084405e-05,0.9979309514164924,0.0020390838296862,4,-0.0020091071659891,0.0020690485835075,0,,,
paypal,2023-03-27,0.4190926924347877,0.5629135519266129,0.0179937314242124,2,0.4010989610105753,0.4370864480733871,0,,,
paypal,2023-04-03,0.0002473898634889,0.9896515011787416,0.0101011170463607,1,-0.0098537271828718,0.0103484988212585,0,,,
paypal,2023-04-10,0.1167047396302223,0.8832916021347046,3.657006345747504e-06,1,0.1167010826238765,0.1167083978652954,0,,,
paypal,2023-04-24,0.0002313357836101,0.6569916009902954,0.3427770137786865,2,-0.3425456779950764,0.3430083990097046,0,,,
paypal,2023-05-08,0.9892694354057312,7.698277840972878e-06,0.0107229445129632,1,0.978546490892768,0.999992301722159,0,,,
paypal,2023-05-15,2.272574420203455e-06,0.9999972581863404,5.066361268291075e-07,1,1.7659382933743473e-06,2.7418136596679688e-06,0,,,
paypal,2023-05-29,2.541117004284388e-05,0.9999406735102336,3.388292266966649e-05,1,-8.471752626822614e-06,5.932648976647581e-05,0,,,
paypal,2023-06-05,0.2541031330542935,0.4897781449532488,0.2561186536178326,1,-0.002015520563539,0.5102218550467512,0,,,
paypal,2023-07-10,0.1097125831583653,0.8534145442557176,0.0368728277921764,3,0.0728397553661888,0.1465854557442824,0,,,
paypal,2023-07-24,0.1999829258560936,0.7999539427662967,6.311881940064268e-05,5,0.199919807036693,0.2000460572337032,4,0.0975694625076357,0.6931471805599453,0.0
paypal,2023-07-31,0.0018165344000191,0.94796921312809,0.0502142690253322,4,-0.048397734625313,0.05203078687191,0,,,
paypal,2023-08-07,0.2124225979866903,0.7486397449385268,0.0389376378479679,3,0.1734849601387223,0.2513602550614732,0,,,
paypal,2023-08-14,8.033957783482037e-07,0.9999749660491944,2.415086055407301e-05,1,-2.33474647757248e-05,2.5033950805664062e-05,0,,,
paypal,2023-08-21,0.3287577758752983,0.6712247685839733,1.7455689544476627e-05,3,0.3287403201857539,0.3287752314160267,0,,,
paypal,2023-08-28,0.9862473607063292,0.0137513149529695,1.3261550293464095e-06,1,0.9862460345513,0.9862486850470304,0,,,
paypal,2023-09-11,4.58399748216228e-05,0.9996851285298666,0.000269014414395,3,-0.0002231744395733,0.0003148714701334,0,,,
paypal,2023-09-18,9.531556891317903e-06,0.9999876320362092,2.847695220964397e-06,2,6.683861670353508e-06,1.2367963790893556e-05,0,,,
paypal,2023-09-25,1.8631388343237634e-07,0.99997079372406,2.898458842537366e-05,2,-2.879827454194128e-05,2.920627593994141e-05,0,,,
paypal,2023-10-30,9.539980965200812e-07,0.9999980926513672,9.23270306429913e-07,1,3.0727790090168134e-08,1.9073486328125e-06,0,,,
paypal,2023-11-06,0.0009608057074122,0.6658778064884245,0.3331614458447802,1,-0.332200640137368,0.3341221935115754,0,,,
paypal,2023-11-13,0.0001985405915547,0.9997466504573822,5.481853258970659e-05,2,0.000143722058965,0.0002533495426177,0,,,
paypal,2023-11-20,5.527154030460224e-06,0.3335209965565203,0.666473464249672,1,-0.6664679370956416,0.6664790034434798,0,,,
paypal,2023-11-27,0.0031353004334531,0.6806654005858112,0.3161993013525413,3,-0.3130640009190881,0.3193345994141888,0,,,
paypal,2023-12-04,3.647459906612009e-05,0.8332892872494995,0.1666742732848736,2,-0.1666377986858075,0.1667107127505005,0,,,
paypal,2023-12-18,0.9923723638057708,0.0015814461821719,0.0060461223474703,2,0.9863262414583004,0.998418553817828,0,,,
paypal,2024-01-08,0.0098908646032214,0.0567520037293434,0.9333571195602416,1,-0.9234662549570204,0.9432479962706566,0,,,
paypal,2024-01-22,1.7504499737697188e-05,0.9994710683822632,0.0005113923441513,2,-0.0004938878444136,0.0005289316177368,0,,,
paypal,2024-02-05,0.0203047916293144,1.0646129339875188e-05,0.979684591293335,1,-0.9593797996640204,0.99998935387066,0,,,
paypal,2024-02-12,9.54412025180318e-05,0.2330692953983089,0.7668352387845516,2,-0.7667397975820336,0.7669307046016911,0,,,
paypal,2024-02-26,0.172473572548693,0.825915552675724,0.0016108586673908,2,0.1708627138813021,0.1740844473242759,0,,,
paypal,2024-03-04,1.4750521965349133e-06,0.9999979337056478,5.729673754710044e-07,3,9.020848210639087e-07,2.0662943521765342e-06,0,,,
paypal,2024-03-11,0.0001660233210714,0.9997062981128692,0.0001277158735319,2,3.830744753940962e-05,0.0002937018871307,0,,,
paypal,2024-03-18,0.0008318378240801,0.9991636276245116,4.526461907516932e-06,1,0.0008273113621726,0.0008363723754882,0,,,
paypal,2024-03-25,1.5083570588103612e-06,0.9997959733009338,0.0002024755522143,1,-0.0002009671951554,0.0002040266990661,0,,,
paypal,2024-04-08,1.450032196241106e-06,0.9996013442675272,0.0003972396689277,3,-0.0003957896367315,0.0003986557324727,0,,,
paypal,2024-04-15,2.6585099277554036e-07,0.9999908804893494,8.845476259011775e-06,2,-8.579625266236235e-06,9.119510650634766e-06,0,,,
paypal,2024-04-22,5.3507369661550307e-05,0.999830444653829,0.0001159994355172,1,-6.249206585569786e-05,0.000169555346171,0,,,
paypal,2024-04-29,0.0001504777610534,0.9880344271659852,0.0118150096386671,1,-0.0116645318776136,0.0119655728340148,0,,,
paypal,2024-05-06,6.018576215183202e-08,0.9999977350234984,2.1471523723448627e-06,1,-2.0869666101930302e-06,2.264976501464844e-06,0,,,
paypal,2024-06-03,2.105811654473655e-05,0.999913454055786,6.546244549099356e-05,1,-4.440432894625701e-05,8.654594421386719e-05,0,,,
paypal,2024-07-15,0.0002260485176333,0.9997588992118835,1.5059325619404262e-05,6,0.0002109891920139,0.0002411007881164,0,,,
paypal,2024-07-22,1.7355921848150047e-05,0.6522777377422244,0.3477049309268523,4,-0.3476875750050041,0.3477222622577756,0,,,
paypal,2024-07-29,2.2949851420150935e-05,0.8745699247374432,0.1254071355222663,4,-0.1253841856708462,0.1254300752625567,2,0.1500707135807601,1.151292546497023,0.0
paypal,2024-08-05,4.543065088569165e-07,0.999995231628418,4.278581798189407e-06,1,-3.8242752893324905e-06,4.76837158203125e-06,0,,,
paypal,2024-08-12,4.766153870150447e-05,0.9998986721038818,5.3603871492668986e-05,2,-5.942332791164517e-06,0.0001013278961181,0,,,
paypal,2024-08-19,,,,0,,,4,-0.0432149567544186,4.730793590188103,0.0
paypal,2024-08-26,6.47444830974564e-05,0.0019836204737657,0.9979516267776488,2,-0.9978868822945516,0.9980163795262342,0,,,
paypal,2024-09-16,,,,0,,,2,-0.1172797321014513,1.9756218592907135,0.0
paypal,2024-09-23,0.0056836460717022,0.3567224083235487,0.6375939681129239,3,-0.6319103220412217,0.6432775916764513,0,,,
paypal,2024-11-11,4.563420574754673e-07,0.999982476234436,1.7014932836900698e-05,2,-1.655859077942523e-05,1.7523765563964844e-05,1,-0.0884686480151799,0.6931471805599453,0.0
paypal,2024-11-18,4.8520194207679785e-06,0.9999548934754872,4.0269397479119466e-05,6,-3.541737805835149e-05,4.510652451283903e-05,0,,,
paypal,2024-12-09,0.010464292218721,0.9882854580879212,0.0012502644211167,5,0.0092140277976042,0.0117145419120788,0,,,
paypal,2024-12-23,4.08287166919763e-06,0.9999658465385436,2.999148534854612e-05,2,-2.590861367934849e-05,3.415346145629883e-05,0,,,
pepsi,2023-01-02,0.0044454107992351,0.938273310661316,0.057281345129013,1,-0.0528359343297779,0.061726689338684,0,,,
pepsi,2023-01-23,2.723310285546177e-05,0.9988685548305511,0.0011042733458452,2,-0.0010770402429898,0.0011314451694488,0,,,
pepsi,2023-02-06,1.5685876860516146e-05,0.9999723434448242,1.1925118997169191e-05,1,3.760757863346953e-06,2.765655517578125e-05,0,,,
pepsi,2023-02-13,9.04892338837726e-09,0.9999984502792358,1.5575149063806748e-06,1,-1.5484659829922975e-06,1.5497207641601562e-06,0,,,
pepsi,2023-02-20,0.0007610600238209,0.9989334344863892,0.0003054668730252,3,0.0004555931507956,0.0010665655136108,0,,,
pepsi,2023-03-06,3.885720758489697e-07,0.9999375939369202,6.205432691785973e-05,2,-6.166575484201076e-05,6.240606307983398e-05,0,,,
pepsi,2023-03-20,1.215982592839282e-06,0.9999922513961792,6.589715212612646e-06,1,-5.373732619773364e-06,7.748603820800781e-06,0,,,
pepsi,2023-04-03,7.088160591806059e-05,0.9999187588691713,1.028428232530132e-05,2,6.059732359275927e-05,8.124113082885742e-05,0,,,
pepsi,2023-04-10,5.976933570295273e-07,0.9997780621051788,0.0002213499476511,2,-0.000220752254294,0.0002219378948211,0,,,
pepsi,2023-04-24,8.346770528078196e-07,0.0009594279690645,0.9990397095680236,1,-0.9990388748909708,0.9990405720309354,0,,,
pepsi,2023-05-01,5.955396318313433e-07,0.9999918937683104,7.459108928742353e-06,1,-6.86356929691101e-06,8.106231689453125e-06,0,,,
pepsi,2023-05-22,2.230492299304387e-06,0.9998714029788972,0.0001263525164176,2,-0.0001241220241183,0.0001285970211029,0,,,
pepsi,2023-05-29,,,,0,,,1,-0.0909293960321235,1.791759469228055,0.0
pepsi,2023-07-10,0.5416925228675353,0.3750373161371415,0.0832701796276744,4,0.4584223432398608,0.6249626838628585,0,,,
pepsi,2023-07-17,4.761378420425899e-07,0.9999881982803344,1.1302407983748708e-05,2,-1.0826270141706118e-05,1.1801719665527344e-05,0,,,
pepsi,2023-07-24,0.3332496555991563,0.6667397460896609,1.0581341377028744e-05,3,0.3332390742577793,0.3332602539103391,0,,,
pepsi,2023-08-07,3.820644451479893e-06,0.9999947547912598,1.3769687257081389e-06,1,2.4436757257717545e-06,5.245208740234375e-06,0,,,
pepsi,2023-08-14,0.3709204301051727,0.6273537874221802,0.0017257642848562,2,0.3691946658203164,0.3726462125778198,0,,,
pepsi,2023-09-04,7.302184030777426e-07,0.999993085861206,6.211747859197203e-06,1,-5.4815294561194605e-06,6.9141387939453125e-06,0,,,
pepsi,2023-09-25,0.0042865141945185,0.7030172348022461,0.2926962490982987,2,-0.2884097349037802,0.2969827651977539,0,,,
pepsi,2023-10-09,0.6528238222235814,0.34702530190998,0.0001508921906463,2,0.652672930032935,0.65297469809002,0,,,
pepsi,2023-10-16,0.478907136246562,0.5209772922098637,0.0001155672971435,1,0.4787915689494184,0.4790227077901363,0,,,
pepsi,2023-11-13,0.0067981497268192,0.1279246949125081,0.8652771413326263,1,-0.8584789916058071,0.8720753050874919,0,,,
pepsi,2023-12-04,0.0643734617228574,0.9146506547927856,0.0209758614632619,5,0.0433976002595955,0.0853493452072143,0,,,
pepsi,2023-12-11,0.2965138256549835,0.5987966060638428,0.1046895831823349,1,0.1918242424726486,0.4012033939361572,0,,,
pepsi,2023-12-18,5.386997372625046e-07,0.9999974966049194,1.9155331756337546e-06,2,-1.37683343837125e-06,2.5033950805664062e-06,0,,,
pepsi,2024-01-01,0.0038308725281943,0.8987244665622711,0.0974446682401435,1,-0.0936137957119491,0.1012755334377288,0,,,
pepsi,2024-01-15,,,,0,,,2,0.0799879739081461,2.238668407239103,0.0
pepsi,2024-02-05,0.0013664969010278,0.9980220794677734,0.0006114611169323,1,0.0007550357840955,0.0019779205322265,0,,,
pepsi,2024-02-12,3.350359475007281e-05,0.9977090358734132,0.0022574225440621,1,-0.002223918949312,0.0022909641265869,0,,,
pepsi,2024-02-19,4.10034062952036e-05,0.9875143468379974,0.0124445410910993,2,-0.0124035376848041,0.0124856531620025,0,,,
pepsi,2024-03-11,4.199367594992509e-06,0.9999871253967284,8.6713289420004e-06,1,-4.471961347007891e-06,1.2874603271484377e-05,0,,,
pepsi,2024-03-18,0.0255066935027912,0.9732213616371156,0.0012719041482493,3,0.0242347893545418,0.0267786383628845,0,,,
pepsi,2024-04-01,3.620815236378879e-06,0.9999818205833436,1.45355607799047e-05,3,-1.091474554352582e-05,1.817941665649414e-05,0,,,
pepsi,2024-04-15,2.3679808975884953e-06,0.9969123005867004,0.0030852985942146,2,-0.0030829306133171,0.0030876994132995,1,0.0583624218306795,0.6931471805599453,0.0
pepsi,2024-04-22,1.0,1.3950347543811856e-09,3.9916021599140095e-09,1,0.9999999960083978,0.9999999986049652,0,,,
pepsi,2024-04-29,1.9818166947516147e-06,0.9999959468841552,2.0506588498392375e-06,1,-6.884215508762281e-08,4.0531158447265625e-06,2,-0.1430442163366478,0.6931471805599453,0.0
pepsi,2024-06-17,0.0003505795320961,0.3681934773921966,0.6314559578895569,1,-0.6311053783574607,0.6318065226078033,0,,,
pepsi,2024-06-24,0.0025561524089425,0.9957903027534484,0.0016536324983462,1,0.0009025199105963,0.0042096972465515,0,,,
pepsi,2024-07-01,3.5644475858020996e-05,0.6048464542254806,0.3951179177567496,4,-0.3950822732808916,0.3951535457745194,0,,,
pepsi,2024-07-08,1.8864785715777543e-06,0.9999417066574096,5.6435150327160954e-05,1,-5.45486717555832e-05,5.829334259033203e-05,0,,,
pepsi,2024-07-15,,,,0,,,1,-0.0251149113610154,0.6931471805599453,0.0
pepsi,2024-07-29,2.614935681322095e-07,0.9999927282333374,7.0271526055876166e-06,1,-6.765659037455407e-06,7.271766662597656e-06,0,,,
pepsi,2024-08-05,,,,0,,,2,0.0081587955810391,1.666102255087602,0.0
pepsi,2024-08-19,3.697197712426714e-07,0.9999815225601196,1.8116434148396365e-05,1,-1.7746714377153694e-05,1.8477439880371097e-05,0,,,
pepsi,2024-08-26,1.5098729022611226e-07,0.9999988079071044,1.0690649787648e-06,1,-9.180776885386877e-07,1.1920928955078125e-06,0,,,
pepsi,2024-10-07,0.0023627448375312,0.844114334632953,0.1535229009265701,3,-0.1511601560890388,0.1558856653670469,0,,,
pepsi,2024-10-21,0.0012832327047362,0.9987130165100098,3.771403953578556e-06,1,0.0012794613007827,0.0012869834899902,0,,,
pepsi,2024-10-28,3.185319599197101e-07,0.9999964237213136,3.18795923703874e-06,1,-2.86942727711903e-06,3.5762786865234375e-06,0,,,
pepsi,2024-11-04,7.355377533713181e-07,0.9999842643737792,1.5039991012599783e-05,1,-1.4304453259228468e-05,1.5735626220703125e-05,0,,,
pepsi,2024-11-18,7.420672773150727e-06,0.9999234080314636,6.916095220788065e-05,2,-6.174027943472993e-05,7.659196853637695e-05,0,,,
pepsi,2024-11-25,1.7159056369564496e-05,0.9999827146530152,6.11419537221991e-08,1,1.7097914415842297e-05,1.728534698486328e-05,0,,,
pepsi,2024-12-09,7.4945100247229375e-06,0.9973802169164022,0.0026122852874929,3,-0.0026047907774682,0.0026197830835977,0,,,
pepsi,2024-12-16,0.0113051150381314,0.6576387795309225,0.3310560862058385,1,-0.3197509711677071,0.3423612204690774,0,,,
pepsi,2024-12-23,0.0044886278919875,0.9948908090591432,0.0006205401732586,1,0.0038680877187289,0.0051091909408569,1,0.0487096623692195,4.330733340286331,0.0
porsche,2023-01-02,5.4927294712570074e-08,0.999997079372406,2.8890210614918033e-06,2,-2.834093766779233e-06,2.9206275939941406e-06,0,,,
porsche,2023-01-09,0.0461830179825142,0.9532044728597006,0.0006125364648899,1,0.0455704815176242,0.0467955271402994,0,,,
porsche,2023-01-30,1.1632015883833446e-07,0.9999823570251464,1.7552469216752797e-05,1,-1.7436149057914463e-05,1.7642974853515625e-05,0,,,
porsche,2023-02-06,0.7442245158513288,0.0223730052821338,0.2334024887437067,4,0.510822027107622,0.9776269947178662,0,,,
porsche,2023-02-20,2.425971388220205e-05,0.9187767803668976,0.08119897544384,2,-0.0811747157299578,0.0812232196331024,0,,,
porsche,2023-02-27,7.09377275143197e-07,0.9999895691871644,9.706644959806e-06,2,-8.997267684662802e-06,1.043081283569336e-05,0,,,
porsche,2023-03-13,0.908966898918152,0.0910242646932601,8.859147783368826e-06,1,0.9089580397703684,0.9089757353067398,0,,,
porsche,2023-03-20,0.0450863919949284,0.7096493411809206,0.2452642710254622,1,-0.2001778790305337,0.2903506588190794,0,,,
porsche,2023-04-10,8.716942723197008e-07,0.7502339197380934,0.2497652168131026,2,-0.2497643451188302,0.2497660802619066,0,,,
porsche,2023-05-01,6.143305351239785e-06,0.9998770554860432,0.0001167876337907,1,-0.0001106443284394,0.0001229445139566,0,,,
porsche,2023-05-08,6.215731031034011e-05,0.9997345432639122,0.0002033265396903,4,-0.00014116922938,0.0002654567360877,0,,,
porsche,2023-05-22,3.059793272086609e-07,0.9999438524246216,5.583544771070592e-05,2,-5.552946838349726e-05,5.614757537841797e-05,0,,,
porsche,2023-05-29,0.0010858996270144,0.9988810122013092,3.3081198125728406e-05,2,0.0010528184288887,0.0011189877986907,0,,,
porsche,2023-06-05,5.358673070077202e-05,0.999848246574402,9.813327187657706e-05,2,-4.454654117580503e-05,0.0001517534255981,0,,,
porsche,2023-06-12,1.0374249086453349e-06,0.9999918937683104,7.05627189745428e-06,1,-6.018846988808946e-06,8.106231689453125e-06,0,,,
porsche,2023-06-19,0.0041113696061074,0.9935733675956726,0.0023151547648012,1,0.0017962148413062,0.0064266324043273,0,,,
porsche,2023-06-26,0.4000270001774197,0.599963564195454,9.4366700093218e-06,1,0.4000175635074104,0.4000364358045459,0,,,
porsche,2023-07-03,7.865866393785836e-07,0.9999840259552002,1.5197525499388576e-05,2,-1.4410938860009992e-05,1.5974044799804688e-05,0,,,
porsche,2023-07-10,0.0132715050131082,0.9867188334465028,9.633004083298148e-06,1,0.0132618720090249,0.0132811665534973,1,0.2383724962676439,0.6931471805599453,0.0
porsche,2023-07-17,2.773706171410595e-07,3.9160799758519715e-07,0.9999992847442628,2,-0.9999990073736456,0.9999996083920024,0,,,
porsche,2023-07-24,0.223380584968415,0.7669206894966893,0.0096987426311759,6,0.2136818423372391,0.2330793105033106,0,,,
porsche,2023-07-31,3.4199620813524234e-05,0.9995045065879822,0.000461282158028,2,-0.0004270825372145,0.0004954934120178,0,,,
porsche,2023-08-07,1.288717385250493e-06,0.9999874830245972,1.120028264267603e-05,1,-9.911565257425536e-06,1.2516975402832031e-05,0,,,
porsche,2023-08-14,1.3164205370230778e-07,0.9999927282333374,7.11133588993107e-06,1,-6.979693836228762e-06,7.271766662597656e-06,0,,,
porsche,2023-08-21,1.6379930457333103e-05,0.9988625347614288,0.0011210896191187,2,-0.0011047096886613,0.0011374652385711,0,,,
porsche,2023-08-28,0.0003785087901633,0.9995744824409484,4.691277354140766e-05,1,0.0003315960166219,0.0004255175590515,0,,,
porsche,2023-09-04,8.768228859423743e-06,0.9999105632305144,8.067000464961893e-05,2,-7.190177579019519e-05,8.943676948547363e-05,0,,,
porsche,2023-09-11,0.0827881624583256,0.9119771630748322,0.0052346670141892,1,0.0775534954441364,0.0880228369251677,0,,,
porsche,2023-09-25,4.1317252907902e-07,0.9999936819076538,5.920718649576884e-06,1,-5.507546120497864e-06,6.318092346191406e-06,0,,,
porsche,2023-10-02,2.807259704695753e-07,0.9999924898147584,7.295856448763516e-06,1,-7.0151304782939405e-06,7.510185241699219e-06,0,,,
porsche,2023-10-09,2.408049476798624e-05,0.9999660849571228,9.846164857663098e-06,2,1.423432991032314e-05,3.3915042877197266e-05,0,,,
porsche,2023-11-13,0.9999903440475464,9.342501471110154e-06,3.7899135918451066e-07,1,0.9999899650561872,0.9999906574985288,0,,,
porsche,2023-12-25,9.501807653577998e-06,0.9999887943267822,1.6559827145101735e-06,1,7.845824939067825e-06,1.1205673217773438e-05,0,,,
porsche,2024-01-01,1.0394365972388186e-06,0.9999626874923706,3.628960985224694e-05,1,-3.525017325500812e-05,3.731250762939453e-05,0,,,
porsche,2024-01-22,0.0002637228753883,0.9997199177742004,1.63702334248228e-05,1,0.0002473526419635,0.0002800822257995,0,,,
porsche,2024-02-19,0.3333144740042068,0.6655477985671799,0.001137706109759,3,0.3321767678944478,0.33445220143282,0,,,
porsche,2024-02-26,0.2499985887620752,0.7499442532122202,5.718202975923958e-05,4,0.249941406732316,0.2500557467877797,0,,,
porsche,2024-03-04,0.3556740283966064,0.6424170136451721,0.0019089804263785,1,0.3537650479702279,0.3575829863548279,0,,,
porsche,2024-03-25,0.0196596610085644,0.947385549545288,0.0329548302121445,2,-0.01329516920358,0.0526144504547119,0,,,
porsche,2024-04-01,,,,0,,,1,0.1149417962578809,2.772588722239781,0.0
porsche,2024-04-08,0.2838248366067617,0.5052360310219228,0.2109391237145246,1,0.0728857128922371,0.4947639689780772,1,0.1149417962578809,0.6931471805599453,0.0
porsche,2024-04-29,7.654398359591141e-07,0.9999932050704956,6.1273940445971675e-06,2,-5.361954208638053e-06,6.794929504394531e-06,0,,,
porsche,2024-05-06,0.2466710179520612,0.7532437164336443,8.525319637708861e-05,4,0.2465857647556841,0.2467562835663557,0,,,
porsche,2024-05-13,2.15141130865959e-06,0.9991520643234252,0.0008457789663225,1,-0.0008436275550138,0.0008479356765747,0,,,
porsche,2024-05-27,1.1011342351707754e-05,0.9994164407253264,0.0005725616874769,2,-0.0005615503451252,0.0005835592746734,0,,,
porsche,2024-06-10,0.1082657352089881,7.490957796107978e-05,0.8916593194007874,1,-0.7833935841917992,0.9999250904220388,0,,,
porsche,2024-06-24,1.5705755913586472e-06,0.9998316168785096,0.0001668734948907,1,-0.0001653029192993,0.0001683831214904,0,,,
porsche,2024-07-01,6.562358521478018e-06,0.9999902248382568,3.259063760197023e-06,1,3.303294761280995e-06,9.775161743164062e-06,0,,,
porsche,2024-07-08,0.3354407735247757,0.3310842383313381,0.333474992003327,3,0.0019657815214486,0.6689157616686618,0,,,
porsche,2024-07-22,0.0003430239279017,0.6588682470028289,0.3407887445452313,1,-0.3404457206173296,0.3411317529971711,0,,,
porsche,2024-07-29,0.4999853383005757,0.4959544509947591,0.0040602432683254,1,0.4959250950322502,0.5040455490052409,0,,,
porsche,2024-08-05,0.304200310167289,0.6525036692619324,0.0432960377074778,2,0.2609042724598112,0.3474963307380676,0,,,
porsche,2024-08-12,6.461311841121642e-06,0.9980452060699464,0.0019483610522001,1,-0.001941899740359,0.0019547939300537,0,,,
porsche,2024-08-26,3.0343072163911227e-05,0.9990443388621012,0.0009253682771183,3,-0.0008950252049544,0.0009556611378988,0,,,
porsche,2024-09-02,0.0033506824283904,0.9949264526367188,0.0017229362492798,2,0.0016277461791105,0.0050735473632812,0,,,
porsche,2024-09-09,0.00968256618541,0.9856160680452982,0.0047013605044223,3,0.0049812056809876,0.0143839319547017,0,,,
porsche,2024-10-07,0.3349582189570602,0.6038836176352693,0.0611581975940238,3,0.2738000213630363,0.3961163823647307,0,,,
porsche,2024-10-21,0.0130423592940758,0.9866064190864564,0.0003511666182021,2,0.0126911926758737,0.0133935809135437,0,,,
porsche,2024-10-28,0.0007565069984896,0.9992133776346842,3.0121151212370023e-05,3,0.0007263858472773,0.0007866223653157,0,,,
porsche,2024-11-11,5.408461930755948e-06,0.9999709725379944,2.3579148177077514e-05,1,-1.817068624632157e-05,2.902746200561523e-05,0,,,
porsche,2024-11-18,2.339044868904239e-07,0.999484658241272,0.0005150293582119,1,-0.000514795453725,0.000515341758728,0,,,
porsche,2024-11-25,0.0005630684730325,0.6780100539326668,0.3214268946577097,3,-0.3208638261846772,0.3219899460673332,0,,,
porsche,2024-12-02,2.569740189528602e-07,0.9999994039535522,3.9352207181764243e-07,2,-1.3654805286478222e-07,5.960464477539062e-07,0,,,
porsche,2024-12-09,1.0483335245226044e-05,0.9999631643295288,2.6368326871306635e-05,1,-1.588499162608059e-05,3.6835670471191406e-05,0,,,
porsche,2024-12-16,7.742955737910506e-06,0.7494137298637611,0.2505785135947462,4,-0.2505707706390083,0.2505862701362389,0,,,
porsche,2024-12-23,2.0454851892282022e-06,0.9988219141960144,0.0011760335182771,1,-0.0011739880330878,0.0011780858039855,0,,,
prada,2023-01-09,4.172955893722019e-05,0.9982425272464752,0.0017157138743186,4,-0.0016739843153814,0.0017574727535247,0,,,
prada,2023-01-16,0.0003400152624681,0.9944934686024984,0.0051665322970753,3,-0.0048265170346071,0.0055065313975015,0,,,
prada,2023-01-23,0.0001304820210255,0.999170939127604,0.0006985276910806,3,-0.000568045670055,0.0008290608723958,0,,,
prada,2023-01-30,0.0001601900730747,0.9996801614761353,0.0001597033260622,1,4.867470124736428e-07,0.0003198385238647,0,,,
prada,2023-02-06,0.2255412462063333,0.7743465416133404,0.0001122345420299,2,0.2254290116643034,0.2256534583866596,0,,,
prada,2023-02-13,7.487723010513037e-07,0.9998578876256944,0.0001413453114764,2,-0.0001405965391754,0.0001421123743057,0,,,
prada,2023-02-20,1.3467093168628708e-05,0.9999088644981384,7.77011282480089e-05,2,-6.423403507938019e-05,9.113550186157228e-05,0,,,
prada,2023-02-27,0.0018937445249403,0.860908965300041,0.1371972923758395,8,-0.1353035478508991,0.1390910346999589,0,,,
prada,2023-03-06,2.556727897011039e-06,0.9345091016342244,0.0654883170689023,5,-0.0654857603410053,0.0654908983657757,0,,,
prada,2023-03-13,2.004551310127075e-06,0.99999471505483,3.285829658731624e-06,3,-1.2812783486045492e-06,5.284945170047628e-06,0,,,
prada,2023-03-20,0.0028084159637805,0.9969196394085884,0.0002719646990776,4,0.0025364512647029,0.0030803605914115,0,,,
prada,2023-03-27,7.81432208896149e-06,0.9998864928881328,0.0001057131460887,3,-9.789882399976098e-05,0.0001135071118673,0,,,
prada,2023-04-17,2.8312513222772395e-08,0.9999990463256836,9.330761940873344e-07,1,-9.04763680864562e-07,9.5367431640625e-07,0,,,
prada,2023-05-01,0.9070957801409646,0.0920982361212372,0.0008060106578027,2,0.9062897694831618,0.9079017638787628,0,,,
prada,2023-05-08,7.326991102729609e-08,0.9999963641166688,3.5497204180501285e-06,2,-3.4764505070228324e-06,3.635883331298828e-06,0,,,
prada,2023-05-15,1.1403028111089952e-05,0.9999878406524658,7.207980274870351e-07,1,1.0682230083602915e-05,1.2159347534179688e-05,0,,,
prada,2023-05-29,0.000303547522094,0.5231842920184135,0.4765121764539799,2,-0.4762086289318858,0.4768157079815864,0,,,
prada,2023-06-12,7.365884812315926e-05,0.999739944934845,0.0001863969664555,1,-0.0001127381183323,0.000260055065155,0,,,
prada,2023-06-19,0.0851444411095129,0.8984781548513898,0.0163773779226217,4,0.0687670631868911,0.1015218451486101,0,,,
prada,2023-06-26,0.0061886925250291,5.963047078694217e-05,0.9937517046928406,1,-0.9875630121678114,0.9999403695292132,0,,,
prada,2023-07-03,6.238172360895078e-07,0.9999955892562866,3.856691364489961e-06,2,-3.2328741284004536e-06,4.410743713378906e-06,0,,,
prada,2023-07-17,5.271764530334622e-05,0.9998617172241212,8.557448745705187e-05,2,-3.2856842153705657e-05,0.0001382827758789,0,,,
prada,2023-07-24,5.8746238210005686e-05,0.9991262555122375,0.0008150144130922,1,-0.0007562681748822,0.0008737444877624,0,,,
prada,2023-07-31,6.00983369736241e-08,0.9999994039535522,5.02097577737004e-07,1,-4.4199924076338e-07,5.960464477539062e-07,0,,,
prada,2023-08-14,1.4097600112942625e-05,0.999970014890035,1.5871671439526836e-05,5,-1.774071326584213e-06,2.9985109964991707e-05,0,,,
prada,2023-08-21,5.531179256953086e-05,0.9999365409215292,8.150376515914104e-06,3,4.7161416053616754e-05,6.345907847082888e-05,0,,,
prada,2023-09-04,0.0004454676527529,0.9988065958023072,0.0007479955093003,1,-0.0003025278565473,0.0011934041976928,0,,,
prada,2023-09-11,3.0970442939093346e-06,0.5002011155156652,0.4997958465949068,2,-0.4997927495506129,0.4997988844843348,0,,,
prada,2023-09-18,0.0003483616052898,0.9993020817637444,0.0003495712101369,3,-1.2096048471003649e-06,0.0006979182362556,0,,,
prada,2023-09-25,0.0253338342963616,0.974207878112793,0.0004583036002259,2,0.0248755306961356,0.025792121887207,0,,,
prada,2023-10-02,0.0896594460616005,0.9101234837435186,0.0002170538952791,2,0.0894423921663213,0.0898765162564814,0,,,
prada,2023-10-09,1.521593162578938e-06,0.9999897480010986,8.742479622014798e-06,1,-7.22088645943586e-06,1.0251998901367188e-05,0,,,
prada,2023-10-16,0.0578150595915214,0.9241375311865608,0.0180473752559164,5,0.0397676843356049,0.0758624688134391,0,,,
prada,2023-10-23,0.0004050668867421,0.9995611608028412,3.3819929740275256e-05,2,0.0003712469570018,0.0004388391971588,0,,,
prada,2023-10-30,1.341327219250843e-05,0.9986682931582134,0.001318294755265,2,-0.0013048814830725,0.0013317068417866,0,,,
prada,2023-11-06,4.630539365280129e-07,0.9999868869781494,1.2606002201209776e-05,1,-1.2142948264681763e-05,1.3113021850585938e-05,0,,,
prada,2023-11-20,0.0003586113762139,0.948482612768809,0.0511587516036039,3,-0.05080014022739,0.051517387231191,0,,,
prada,2023-11-27,0.0077078277245163,0.992281973361969,1.0227609891444445e-05,1,0.0076976001146249,0.007718026638031,0,,,
prada,2023-12-04,2.131869393906527e-05,0.9996773153543472,0.0003013849158151,4,-0.000280066221876,0.0003226846456527,0,,,
prada,2023-12-18,0.0003491079387458,0.4830334773287177,0.5166174154728651,1,-0.5162683075341192,0.5169665226712823,0,,,
prada,2024-01-01,0.018260230723475,0.9637298186620076,0.0180099154507236,3,0.0002503152727513,0.0362701813379923,0,,,
prada,2024-01-08,0.0005379436717021,0.4998714548710268,0.4995905977675647,2,-0.4990526540958626,0.5001285451289732,0,,,
prada,2024-01-15,0.0010769123994549,0.9989105463027954,1.2544119329049863e-05,2,0.0010643682801259,0.0010894536972045,0,,,
prada,2024-01-22,2.154005720456098e-07,0.999805748462677,0.0001940126489898,1,-0.0001937972484178,0.0001942515373229,0,,,
prada,2024-02-05,0.1013136985870109,0.8983639936098674,0.0003223035002217,6,0.1009913950867892,0.1016360063901326,0,,,
prada,2024-02-12,0.0082098542933882,0.9913589656352996,0.0004311566588626,3,0.0077786976345256,0.0086410343647003,0,,,
prada,2024-02-19,9.532995903782648e-08,0.999992847442627,7.047979124763515e-06,1,-6.952649165725688e-06,7.152557373046875e-06,0,,,
prada,2024-02-26,4.5639112045137153e-07,0.9999884366989136,1.104510920413304e-05,1,-1.058871808368167e-05,1.156330108642578e-05,0,,,
prada,2024-03-04,1.1338936289462254e-05,0.985635111729304,0.0143535683488759,2,-0.0143422294125864,0.0143648882706959,0,,,
prada,2024-03-11,2.8504840470431085e-05,0.999417006969452,0.0005544371099151,3,-0.0005259322694447,0.000582993030548,0,,,
prada,2024-03-25,1.917972951659408e-05,0.8567864298820496,0.1431943705910043,2,-0.1431751908614877,0.1432135701179504,0,,,
prada,2024-04-01,8.845213111878062e-06,0.9999874830245972,3.693018091629104e-06,3,5.152195020248957e-06,1.2516975402832031e-05,0,,,
prada,2024-04-08,0.4731283118866258,0.5268640257418156,7.622873908985639e-06,2,0.4731206890127168,0.4731359742581844,0,,,
prada,2024-04-15,0.0151589311279692,0.984832043449084,9.004183347371963e-06,6,0.0151499269446218,0.015167956550916,0,,,
prada,2024-04-22,8.237872179961414e-07,0.9996983806292216,0.0003007958172626,3,-0.0002999720300446,0.0003016193707784,0,,,
prada,2024-04-29,1.867290639741744e-06,0.999889314174652,0.0001088525379297,3,-0.0001069852472899,0.0001106858253479,0,,,
prada,2024-05-06,0.0001313742362896,0.9998671114444732,1.4856696708420714e-06,1,0.0001298885666187,0.0001328885555267,0,,,
prada,2024-05-13,1.957842385991171e-07,0.9999945163726808,5.304392743710196e-06,1,-5.1086085051110786e-06,5.4836273193359375e-06,0,,,
prada,2024-05-20,2.326099372318424e-05,0.9999298453330994,4.692577851272972e-05,2,-2.366478478954548e-05,7.015466690063477e-05,0,,,
prada,2024-05-27,0.0611756251801587,0.9342628568410872,0.0045615085274164,4,0.0566141166527423,0.0657371431589126,0,,,
prada,2024-06-03,0.3034553015873816,0.6924095526337624,0.004135126260356,3,0.2993201753270256,0.3075904473662376,0,,,
prada,2024-06-10,0.0021365782667537,0.9825505912303923,0.015312858180323,2,-0.0131762799135692,0.0174494087696075,0,,,
prada,2024-06-24,0.000153655094446,0.9836528400580088,0.0161935113140619,1,-0.0160398562196159,0.0163471599419912,0,,,
prada,2024-07-01,4.142073635193811e-07,0.9999984502792358,1.1416776715122978e-06,1,-7.274703079929168e-07,1.5497207641601562e-06,0,,,
prada,2024-07-08,0.4972802370144578,0.5026863645762205,3.345738997495573e-05,2,0.4972467796244828,0.4973136354237795,0,,,
prada,2024-07-15,0.0629662299148873,0.908012425267654,0.0290213622806519,3,0.0339448676342354,0.0919875747323458,0,,,
prada,2024-08-05,0.0008680540751806,0.9986564318339032,0.0004755065413623,2,0.0003925475338183,0.0013435681660969,0,,,
prada,2024-08-12,9.325690296435596e-06,0.999957670768102,3.3019019807530484e-05,2,-2.3693329511094888e-05,4.232923189806392e-05,0,,,
prada,2024-08-19,8.394330848204845e-07,0.9999890327453612,1.0118724276253488e-05,1,-9.279291191433003e-06,1.0967254638671877e-05,0,,,
prada,2024-09-09,0.1428694498905218,0.7611706882462589,0.0959598769188444,1,0.0469095729716774,0.2388293117537411,0,,,
prada,2024-09-16,0.1257804549917338,0.7500896106357686,0.1241299684582912,4,0.0016504865334425,0.2499103893642313,0,,,
prada,2024-09-23,0.0775081859550807,0.9125633751727128,0.009928419551229,3,0.0675797664038516,0.0874366248272872,0,,,
prada,2024-10-07,0.3331034724566659,0.6668779834678086,1.8541185568210498e-05,3,0.3330849312710977,0.3331220165321914,0,,,
prada,2024-10-14,0.0956681485952529,0.9042297511293464,0.000102108916986,7,0.0955660396782668,0.0957702488706536,0,,,
prada,2024-10-21,0.1069074886648214,0.8869114518165588,0.0061810589759261,3,0.1007264296888953,0.1130885481834411,0,,,
prada,2024-10-28,2.789932204890396e-07,0.9999967018763224,3.048838001025918e-06,2,-2.7698447805368782e-06,3.2981236774975997e-06,0,,,
prada,2024-11-04,0.0028834859840571,0.9971145391464232,1.984699565582559e-06,1,0.0028815012844916,0.0028854608535766,0,,,
prada,2024-11-11,1.956815580683724e-06,0.811005812138319,0.1889921930829473,1,-0.1889902362673666,0.1889941878616809,0,,,
prada,2024-11-18,1.907486798069513e-06,0.9999186992645264,7.942501532198776e-05,4,-7.751752852391824e-05,8.130073547363281e-05,0,,,
prada,2024-12-02,0.1070951513463474,0.8382324112786187,0.0546724445062712,3,0.0524227068400762,0.1617675887213813,0,,,
prada,2024-12-09,4.514168176683597e-05,0.9999526739120485,2.1339278646337334e-06,1,4.300775390220224e-05,4.732608795166016e-05,0,,,
prada,2024-12-16,0.0005224965777112,0.9994307359059652,4.677641542609005e-05,3,0.0004757201622851,0.0005692640940347,0,,,
prada,2024-12-23,0.5080512566491961,0.4917359011512303,0.0002128811216834,1,0.5078383755275127,0.5082640988487697,0,,,
prada,2024-12-30,0.0007444830262102,0.9984564781188964,0.0007990675512701,1,-5.458452505990863e-05,0.0015435218811035,0,,,
redbull,2024-01-15,,,,0,,,1,-0.1355674245493503,0.6931471805599453,0.0
redbull,2024-01-29,3.4033849516390546e-08,0.9999992847442628,7.445855771948118e-07,1,-7.105517276784212e-07,7.152557373046875e-07,0,,,
redbull,2024-08-26,,,,0,,,2,0.0436890423811746,2.5119402604231382,0.0
redbull,2024-09-02,,,,0,,,2,0.1031095386065317,1.844439727056968,0.0
redbull,2024-09-23,,,,0,,,2,0.120309846881554,5.463382738156315,0.0
salesforce,2023-01-02,0.0247972922746122,0.6373840165746867,0.337818717473532,7,-0.3130214251989197,0.3626159834253133,0,,,
salesforce,2023-01-09,0.247897062606853,0.2526716056308942,0.4994313440747646,4,-0.2515342814679115,0.7473283943691058,0,,,
salesforce,2023-01-16,0.0228105974119295,0.8182577872968717,0.158931648409782,9,-0.1361210509978524,0.1817422127031283,0,,,
salesforce,2023-01-23,6.60420187159616e-06,0.5194782260805368,0.480515190904498,1,-0.4805085867026264,0.4805217739194631,0,,,
salesforce,2023-01-30,6.913123161211843e-05,0.9984896332025528,0.0014411998399737,4,-0.0013720686083615,0.0015103667974472,0,,,
salesforce,2023-02-13,0.2070137567736068,0.5147477184605869,0.2782385271211124,2,-0.0712247703475056,0.4852522815394131,0,,,
salesforce,2023-02-20,0.100325530826376,0.6210675514977992,0.2786069323435186,5,-0.1782814015171425,0.3789324485022007,0,,,
salesforce,2023-02-27,0.2531235024626994,0.5096738409494463,0.2372026701191885,2,0.0159208323435109,0.4903261590505536,0,,,
salesforce,2023-03-06,0.3506562004964739,0.5291469317446277,0.1201968607748966,2,0.2304593397215773,0.4708530682553723,0,,,
salesforce,2023-03-13,0.0084355796258882,0.8971483466318912,0.0944160836408403,6,-0.0859805040149521,0.1028516533681087,0,,,
salesforce,2023-03-20,0.0007067589904181,0.9790669083595276,0.0202263910323381,1,-0.0195196320419199,0.0209330916404724,0,,,
salesforce,2023-04-03,7.352481136517023e-07,0.5003683190214332,0.4996309612969488,3,-0.4996302260488351,0.4996316809785668,0,,,
salesforce,2023-04-10,0.0005082872944228,0.3876291648484766,0.6118625644958229,4,-0.6113542772014,0.6123708351515234,0,,,
salesforce,2023-04-24,0.0001705753558477,0.8561868891119957,0.1436425770152709,3,-0.1434720016594231,0.1438131108880043,0,,,
salesforce,2023-05-01,1.5315520537721266e-06,0.9999963839848836,2.130731824460478e-06,3,-5.991797706883515e-07,3.6160151163366905e-06,0,,,
salesforce,2023-06-05,1.1224813079024898e-06,0.9975438714027404,0.0024549851659685,1,-0.0024538626846606,0.0024561285972595,0,,,
salesforce,2023-06-12,0.0001542779646115,0.9998385906219482,7.153128990466939e-06,1,0.000147124835621,0.0001614093780517,0,,,
salesforce,2023-06-26,0.1746512019278346,0.8046108533959843,0.0207379569361447,3,0.1539132449916899,0.1953891466040157,0,,,
salesforce,2023-07-03,0.0019012527586141,0.9980693459510804,2.938087334314332e-05,1,0.001871871885271,0.0019306540489196,0,,,
salesforce,2023-07-10,0.2986437208071891,0.7012139137339546,0.0001423489853095,4,0.2985013718218795,0.2987860862660454,0,,,
salesforce,2023-07-17,2.4011845312088553e-07,0.999995768070221,3.987361196777783e-06,2,-3.747242743656898e-06,4.231929779052734e-06,0,,,
salesforce,2023-07-24,4.40100509813135e-06,0.9506532698869704,0.0493423570032973,2,-0.0493379559981992,0.0493467301130294,0,,,
salesforce,2023-08-07,0.2512015237785476,0.575141325360164,0.1736571217516029,2,0.0775444020269446,0.4248586746398359,0,,,
salesforce,2023-08-14,0.9503366351127625,0.0467673018574714,0.002896120538935,1,0.9474405145738274,0.9532326981425284,0,,,
salesforce,2023-08-28,0.3168975739160108,0.552735812892731,0.1303665757306933,5,0.1865309981853174,0.447264187107269,0,,,
salesforce,2023-09-11,5.10536679598772e-08,0.9999996423721312,3.515859816616285e-07,1,-3.005323137017513e-07,3.576278686523438e-07,0,,,
salesforce,2023-09-18,0.1996399572122754,0.8003279464785009,3.2088452053358195e-05,1,0.1996078687602221,0.199672053521499,0,,,
salesforce,2023-09-25,2.668441766218166e-06,0.9999866485595704,1.072290433512535e-05,1,-8.054462568907184e-06,1.33514404296875e-05,0,,,
salesforce,2023-10-09,4.354347549195836e-09,0.9999994039535522,5.562952196669357e-07,1,-5.519408721177399e-07,5.960464477539062e-07,0,,,
salesforce,2023-10-16,0.0395058826152686,0.8379971186319987,0.1224970439739839,3,-0.0829911613587152,0.1620028813680013,0,,,
salesforce,2023-11-06,0.014805174982707,0.9848941018184026,0.0003007281069737,6,0.0145044468757333,0.0151058981815973,0,,,
salesforce,2023-11-13,0.0154266766039654,0.8618208765983582,0.1227524355053901,2,-0.1073257589014247,0.1381791234016418,0,,,
salesforce,2023-11-20,0.0421753678750744,0.9351950543590152,0.0226295918703077,6,0.0195457760047667,0.0648049456409848,0,,,
salesforce,2023-11-27,0.6665931564692755,0.3333950070353768,1.1834705034556118e-05,3,0.666581321764241,0.6666049929646232,0,,,
salesforce,2023-12-04,0.3521188519943337,0.5002510480408091,0.1476301045877335,2,0.2044887474066001,0.4997489519591909,0,,,
salesforce,2024-01-01,4.991336481907638e-07,0.9999916553497314,7.90040212450549e-06,2,-7.401268476314726e-06,8.344650268554688e-06,0,,,
salesforce,2024-01-15,2.332779710438141e-06,0.9999936819076538,4.003228392927364e-06,3,-1.6704486824892233e-06,6.318092346191406e-06,0,,,
salesforce,2024-01-29,1.19787819130579e-05,0.9999513626098632,3.6750596336787567e-05,1,-2.4771814423729666e-05,4.863739013671875e-05,0,,,
salesforce,2024-02-19,0.3351624143849676,0.6648032665252686,3.434156406001421e-05,2,0.3351280728209076,0.3351967334747314,0,,,
salesforce,2024-02-26,0.2500006700018247,0.7499421692237405,5.713971115878236e-05,4,0.2499435302906659,0.2500578307762595,0,,,
salesforce,2024-03-04,2.4594768319730065e-06,0.9998382031917572,0.0001593089382367,2,-0.0001568494614048,0.0001617968082427,0,,,
salesforce,2024-03-11,0.9999998807907104,1.1170921609959805e-07,1.3170006862850414e-08,2,0.9999998676207036,0.999999888290784,0,,,
salesforce,2024-03-25,0.0002175804256694,0.9997381567955016,4.425032966537401e-05,1,0.000173330096004,0.0002618432044982,0,,,
salesforce,2024-04-01,2.491900090717536e-07,0.9999955892562866,4.177119080850389e-06,1,-3.927929071778635e-06,4.410743713378906e-06,0,,,
salesforce,2024-04-08,0.991805613040924,0.0081336364382877,6.074161683500279e-05,2,0.9917448714240892,0.9918663635617122,0,,,
salesforce,2024-04-15,0.7476506233215332,0.2495379894971847,0.0028113445732742,1,0.744839278748259,0.7504620105028152,0,,,
salesforce,2024-04-22,1.1361411225152551e-06,0.9999932050704956,5.612992481474066e-06,1,-4.476851358958811e-06,6.794929504394531e-06,0,,,
salesforce,2024-04-29,3.273330094089033e-06,0.9999550580978394,4.1746385250007734e-05,1,-3.84730551559187e-05,4.494190216064453e-05,0,,,
salesforce,2024-05-06,8.329184311151039e-06,0.9999794960021972,1.220789818034973e-05,1,-3.878713869198691e-06,2.0503997802734375e-05,0,,,
salesforce,2024-05-13,3.32318336404569e-06,0.9992473125457764,0.000749344297219,1,-0.000746021113855,0.0007526874542236,0,,,
salesforce,2024-05-27,6.985867457842687e-06,0.3333204678559127,0.6666725462394728,1,-0.666665560372015,0.6666795321440873,0,,,
salesforce,2024-06-03,0.9999991655349731,8.548359460291977e-07,1.2233831281349694e-08,2,0.999999153301142,0.999999145164054,0,,,
salesforce,2024-06-10,3.393300725207382e-05,0.9996525645256042,0.0003134471361931,2,-0.0002795141289411,0.0003474354743957,0,,,
salesforce,2024-06-17,3.3116773465735605e-06,0.99939227104187,0.0006043693865649,1,-0.0006010577092183,0.0006077289581298,0,,,
salesforce,2024-06-24,6.985598702158313e-06,0.0002262590714963,0.999766767024994,1,-0.9997597814262916,0.9997737409285036,0,,,
salesforce,2024-07-15,0.2344918786081962,0.6891946196556091,0.0763135285608314,2,0.1581783500473648,0.3108053803443908,0,,,
salesforce,2024-07-22,4.376954848339665e-06,0.999974012374878,2.15814961848082e-05,2,-1.7204541336468537e-05,2.5987625122070312e-05,0,,,
salesforce,2024-08-12,6.663666454187478e-07,0.9999849796295166,1.4328950783237817e-05,2,-1.3662584137819069e-05,1.5020370483398438e-05,0,,,
salesforce,2024-08-26,1.7888497794160685e-08,0.9999996423721312,4.035018434933591e-07,1,-3.856133456991984e-07,3.576278686523438e-07,0,,,
salesforce,2024-09-23,3.0105478572295397e-06,0.9999964833259584,4.898907661754492e-07,2,2.5206570910540904e-06,3.516674041748047e-06,0,,,
salesforce,2024-11-25,0.999897837638855,0.000101832258224,3.5607629911282856e-07,1,0.999897481562556,0.999898167741776,0,,,
salesforce,2024-12-02,1.0,3.884824462119241e-09,4.13382252872907e-08,1,0.9999999586617748,0.9999999961151756,0,,,
salesforce,2024-12-09,0.271583177226906,0.7215142200390497,0.0069026501635865,3,0.2646805270633194,0.2784857799609502,0,,,
salesforce,2024-12-16,0.5000006250540991,0.4999345219444109,6.483832130399492e-05,4,0.4999357867327951,0.5000654780555891,0,,,
samsung,2022-12-26,1.6997201868207412e-08,0.9999996423721312,3.610660144204303e-07,1,-3.440688125522229e-07,3.576278686523438e-07,0,,,
samsung,2023-01-02,4.363793812226883e-07,0.9996827741463978,0.0003168171765679,2,-0.0003163807971867,0.0003172258536021,0,,,
samsung,2023-01-09,0.044304922985611,0.9127785535201008,0.0429165529613344,3,0.0013883700242765,0.0872214464798991,0,,,
samsung,2023-01-16,0.0015025880129542,0.989282250404358,0.0092151502167325,1,-0.0077125622037783,0.010717749595642,0,,,
samsung,2023-01-30,1.6071450924452318e-05,0.8333485132122102,0.1666354210295443,3,-0.1666193495786198,0.1666514867877898,0,,,
samsung,2023-02-06,2.5630601275139497e-05,0.9990568161010742,0.0009175503115592,1,-0.0008919197102841,0.0009431838989257,0,,,
samsung,2023-02-13,0.1260323834716339,0.683320525235751,0.1906470877005346,1,-0.0646147042289007,0.3166794747642489,0,,,
samsung,2023-02-20,0.01855673218361,0.9289842099575008,0.0524590635660206,3,-0.0339023313824106,0.0710157900424991,0,,,
samsung,2023-02-27,0.4711911108773563,0.5287840906530619,2.4768555590526375e-05,2,0.4711663423217658,0.4712159093469381,0,,,
samsung,2023-03-06,1.4373007672929816e-07,0.9999984502792358,1.4458995565291843e-06,1,-1.3021694797998862e-06,1.5497207641601562e-06,0,,,
samsung,2023-03-13,0.0001604799392111,0.4998561307929776,0.4999833822262189,4,-0.4998229022870077,0.5001438692070224,0,,,
samsung,2023-03-27,3.4248973861394916e-06,0.9999954700469972,1.1065255876019364e-06,1,2.318371798537555e-06,4.5299530029296875e-06,0,,,
samsung,2023-04-10,0.0644567829831011,0.8021515470883154,0.1333916819584299,3,-0.0689348989753287,0.1978484529116846,0,,,
samsung,2023-04-17,0.3333743123171857,0.5353239054597755,0.1313017533155668,3,0.2020725590016188,0.4646760945402245,0,,,
samsung,2023-04-24,1.5539031892330968e-06,0.99998410542806,1.4359069912946628e-05,3,-1.2805166723713532e-05,1.589457194006716e-05,0,,,
samsung,2023-05-01,3.92223697076588e-06,0.99998539686203,1.0740258176156203e-05,1,-6.818021205390323e-06,1.4603137969970705e-05,0,,,
samsung,2023-05-08,0.0029997974316842,0.9887438714504242,0.0082563299615685,1,-0.0052565325298843,0.0112561285495758,0,,,
samsung,2023-05-15,0.2502868700139515,0.7493981212182916,0.0003150217475536,2,0.2499718482663979,0.2506018787817083,0,,,
samsung,2023-05-22,0.3324957511705217,0.667187703307718,0.0003165820501938,3,0.3321791691203278,0.3328122966922819,0,,,
samsung,2023-06-12,4.04684328714211e-07,0.9999896287918092,1.001065356831532e-05,1,-9.605969239601109e-06,1.0371208190917969e-05,0,,,
samsung,2023-06-19,1.1558481674001088e-05,4.437117070210661e-06,0.9999840259552002,2,-0.9999724674735262,0.9999955628829298,0,,,
samsung,2023-06-26,0.0471556185655103,0.694923366694199,0.2579209950288119,2,-0.2107653764633015,0.305076633305801,0,,,
samsung,2023-07-03,0.025865704439567,0.9156882487724536,0.0584460179874967,3,-0.0325803135479297,0.0843117512275463,1,0.2349946744652697,1.0986122886681098,0.0
samsung,2023-07-17,0.4999348504429122,0.5000631558723398,1.972949007722491e-06,2,0.4999328774939044,0.4999368441276601,0,,,
samsung,2023-07-31,0.4251367790804042,0.5498941731851119,0.0249690335157346,4,0.4001677455646696,0.4501058268148881,0,,,
samsung,2023-08-07,0.0001377876033075,0.9990668892860411,0.0007953708991408,1,-0.0006575832958333,0.0009331107139587,0,,,
samsung,2023-08-21,,,,0,,,4,-0.1576436557917304,0.6931471805599453,1.0
samsung,2023-08-28,4.469489340408472e-06,0.99998939037323,6.234681222849758e-06,1,-1.765191882441286e-06,1.0609626770019531e-05,0,,,
samsung,2023-09-04,0.3334541217257841,0.1680316846914138,0.4985141965102381,3,-0.165060074784454,0.8319683153085862,0,,,
samsung,2023-09-11,0.4776975689924232,0.2757595119034646,0.2465429386777666,9,0.2311546303146566,0.7242404880965354,0,,,
samsung,2023-09-18,0.5193640067203281,0.2583911884974673,0.2222447706496571,3,0.2971192360706709,0.7416088115025328,0,,,
samsung,2023-09-25,0.0097540708626074,0.7927877241478806,0.1974582143441716,6,-0.1877041434815641,0.2072122758521194,0,,,
samsung,2023-10-02,3.317879782116506e-05,0.3353853304094324,0.6645815065251858,3,-0.6645483277273646,0.6646146695905675,0,,,
samsung,2023-10-09,8.476630316636146e-05,0.8507041245698929,0.1492110956890201,2,-0.1491263293858537,0.1492958754301071,0,,,
samsung,2023-10-16,0.3359812682273476,0.6640043274885948,1.446032863894331e-05,3,0.3359668078987086,0.3359956725114051,0,,,
samsung,2023-10-23,0.18619661716275,0.8074063338339329,0.0063970801187679,5,0.1797995370439821,0.1925936661660671,0,,,
samsung,2023-10-30,0.0009644788475876,0.6698754044870536,0.3291601093016728,2,-0.328195630454085,0.3301245955129464,0,,,
samsung,2023-11-06,0.0008886343110437,0.9581049581368764,0.0410064461068013,4,-0.0401178117957575,0.0418950418631235,0,,,
samsung,2023-11-13,0.0010175356225848,0.99892920255661,5.332633099897066e-05,3,0.0009642092915858,0.0010707974433898,0,,,
samsung,2023-11-27,9.415835080517354e-07,0.9999943971633912,4.644576392820454e-06,3,-3.702992884768719e-06,5.602836608886719e-06,0,,,
samsung,2023-12-11,0.2829091237830425,0.2859299033880234,0.4311609328669874,2,-0.1482518090839448,0.7140700966119766,0,,,
samsung,2023-12-18,0.0564834262699549,0.8181751231352488,0.1253414123417542,5,-0.0688579860717992,0.1818248768647512,0,,,
samsung,2023-12-25,0.000360837909947,0.9994893868764242,0.000149729814508,3,0.0002111080954389,0.0005106131235758,0,,,
samsung,2024-01-01,0.0008801624644547,0.9990399777889252,7.985334013937972e-05,2,0.0008003091243153,0.0009600222110748,2,0.1092746298741076,0.6931471805599453,0.0
samsung,2024-01-08,0.0021063501480966,0.8250464200973511,0.1728472411632537,2,-0.1707408910151571,0.1749535799026489,0,,,
samsung,2024-01-15,4.578146672429284e-06,0.9999951124191284,4.023226836125105e-07,1,4.175823988816774e-06,4.887580871582031e-06,0,,,
samsung,2024-01-22,0.0141656640857021,0.6666321940720081,0.3192021369026368,3,-0.3050364728169346,0.3333678059279918,2,-0.6071951581325266,1.791759469228055,0.0
samsung,2024-01-29,0.0467430949884981,0.8717607222763951,0.0814961885062335,3,-0.0347530935177354,0.1282392777236048,0,,,
samsung,2024-02-05,0.0571716691070228,0.7002466110171952,0.242581700578765,5,-0.1854100314717421,0.2997533889828048,0,,,
samsung,2024-02-12,7.359156171560244e-05,0.9999186992645264,7.712208571319934e-06,1,6.58793531442825e-05,8.130073547363281e-05,0,,,
samsung,2024-02-19,0.325571037079948,0.6621212300305006,0.0123077339292879,4,0.3132633031506601,0.3378787699694994,0,,,
samsung,2024-02-26,2.1537404701632568e-05,0.9999279737472534,5.046458868491754e-05,5,-2.8927183983284973e-05,7.202625274660424e-05,0,,,
samsung,2024-03-04,9.542701445752756e-05,0.0512165948748588,0.9486879110336304,1,-0.9485924840191728,0.9487834051251413,0,,,
samsung,2024-03-11,1.635535719657355e-05,0.9999821782112122,1.4729248505318535e-06,1,1.4882432346041696e-05,1.7821788787841797e-05,0,,,
samsung,2024-03-18,0.1570216329175385,0.8349961638450623,0.0079822009975032,3,0.1490394319200353,0.1650038361549377,0,,,
samsung,2024-03-25,7.594985618197825e-07,0.99999737739563,1.8644691408553624e-06,1,-1.1049705790355802e-06,2.6226043701171875e-06,0,,,
samsung,2024-04-01,1.3373546667120688e-06,0.999998410542806,2.752409310839236e-07,3,1.0621137356281452e-06,1.5894571939734092e-06,1,-0.1617391665677132,0.6931471805599453,0.0
samsung,2024-04-08,0.0149919410278168,0.9587406672182536,0.026267353752365,3,-0.0112754127245481,0.0412593327817463,0,,,
samsung,2024-04-15,0.0386625035881735,0.785304683006,0.1760328033183683,4,-0.1373702997301948,0.214695316994,0,,,
samsung,2024-04-22,0.015804985897281,0.9703828965755577,0.0138121219601967,3,0.0019928639370843,0.0296171034244423,0,,,
samsung,2024-04-29,0.0106208259239792,0.0200345050543546,0.969344675540924,1,-0.9587238496169448,0.9799654949456452,0,,,
samsung,2024-05-06,0.5004628937749658,0.499399763254587,0.0001373570567295,1,0.5003255367182362,0.500600236745413,0,,,
samsung,2024-05-13,0.7010589237279419,0.2987374048764953,0.0002036620150571,3,0.7008552617128847,0.7012625951235048,0,,,
samsung,2024-05-20,0.5000339656035067,0.4999647361598818,1.324161786442346e-06,2,0.5000326414417202,0.5000352638401182,0,,,
samsung,2024-06-03,0.036796940158295,0.7690863523434465,0.1941167015926129,6,-0.1573197614343178,0.2309136476565535,0,,,
samsung,2024-06-10,0.0377278400860418,0.8875897141933121,0.074682410163737,3,-0.0369545700776952,0.1124102858066878,0,,,
samsung,2024-06-17,1.4097347502683988e-06,0.9999970197677612,1.5206525176836294e-06,1,-1.1091776741523065e-07,2.9802322387695312e-06,0,,,
samsung,2024-07-01,0.0008592929898441,0.9990611791610716,7.951234332495005e-05,1,0.0007797806465191,0.0009388208389282,0,,,
samsung,2024-07-08,0.0718921432172397,0.7102829908972126,0.2178248529627825,1,-0.1459327097455428,0.2897170091027874,0,,,
samsung,2024-07-29,5.8863792062879845e-08,0.9999994039535522,5.270280070135414e-07,1,-4.681642149506615e-07,5.960464477539062e-07,2,-0.1185049571536751,0.6931471805599453,0.0
samsung,2024-08-05,0.0549629673475603,0.4636665392560836,0.4813704776951905,8,-0.4264075103476302,0.5363334607439163,0,,,
samsung,2024-08-12,0.1453423070974668,0.604394772595659,0.2502629325035741,6,-0.1049206254061072,0.395605227404341,0,,,
samsung,2024-08-19,,,,0,,,1,-0.0127077019036505,0.6931471805599453,0.0
samsung,2024-08-26,0.0414742335191748,0.4027226230848555,0.5558031360795898,2,-0.5143289025604149,0.5972773769151445,0,,,
samsung,2024-09-02,0.0012166924614263,0.9972433845202128,0.0015399162977255,1,-0.0003232238362992,0.0027566154797872,0,,,
samsung,2024-09-09,0.0010300275277425,0.9989255964756012,4.436871207265843e-05,6,0.0009856588156698,0.0010744035243988,0,,,
samsung,2024-09-16,0.2176792072605167,0.7816618747181362,0.0006589508704766,3,0.21702025639004,0.2183381252818638,1,-0.0954326152666453,0.6931471805599453,0.0
samsung,2024-09-23,0.0262937385756284,0.9217680096626282,0.051938219137268,5,-0.0256444805616395,0.0782319903373718,1,-0.1020831365603953,0.6931471805599453,0.0
samsung,2024-09-30,3.97346525460307e-07,0.999996781349182,2.904864231823012e-06,1,-2.5075177063627052e-06,3.2186508178710938e-06,3,-0.0105178013883839,2.631687832697191,1.0
samsung,2024-10-07,0.0256465129641583,0.44737179717049,0.526981657370925,2,-0.5013351444067666,0.55262820282951,2,0.0010085798642194,0.6931471805599453,0.0
samsung,2024-10-14,8.737814738424278e-08,0.9999994039535522,4.83323802313862e-07,2,-3.959456549296192e-07,5.960464477539062e-07,0,,,
samsung,2024-10-21,3.3327034676252275e-05,0.9999452630678812,2.1361423913883e-05,3,1.1965610762369277e-05,5.473693211877073e-05,0,,,
samsung,2024-10-28,4.372544187466095e-07,0.3339412069302939,0.6660583419257667,1,-0.666057904671348,0.6660587930697062,0,,,
samsung,2024-11-04,4.444666501512984e-07,0.9999700784683228,2.9397462640190497e-05,1,-2.89529959900392e-05,2.9921531677246097e-05,0,,,
samsung,2024-11-18,0.5000021734273901,0.4999897358120027,8.107871195317529e-06,2,0.4999940655561947,0.5000102641879973,1,0.2368719915530164,0.6931471805599453,0.0
samsung,2024-11-25,8.709010614893486e-07,0.9999879598617554,1.1206146723452548e-05,2,-1.03352456619632e-05,1.2040138244628906e-05,1,-0.1131885598101689,0.6931471805599453,0.0
samsung,2024-12-02,5.663541164343163e-06,0.9999906619389852,3.7215827433101367e-06,3,1.941958421033026e-06,9.33806101477419e-06,0,,,
samsung,2024-12-09,1.3447114724840503e-05,0.9835996627807616,0.0163868628442287,1,-0.0163734157295039,0.0164003372192382,0,,,
samsung,2024-12-16,0.1875927963506617,0.650432423334145,0.1619747265209944,2,0.0256180698296672,0.349567576665855,0,,,
samsung,2024-12-23,7.699947730088752e-05,0.9541551619768144,0.0457678000781243,2,-0.0456908006008234,0.0458448380231857,1,-0.1851860680308164,0.6931471805599453,0.0
samsung,2024-12-30,0.0486464727743452,0.8778663123038473,0.0734872189937287,1,-0.0248407462193834,0.1221336876961527,0,,,
sap,2023-01-09,0.9738048315048218,0.0261585526168346,3.653847306850366e-05,1,0.9737682930317532,0.9738414473831654,0,,,
sap,2023-01-16,0.0003106326027288,0.9982016483942668,0.0014877271957326,3,-0.0011770945930038,0.0017983516057332,0,,,
sap,2023-01-23,4.960048318025656e-05,0.9694445133209229,0.0305058974772691,1,-0.0304562969940889,0.0305554866790771,0,,,
sap,2023-01-30,9.262455932912417e-06,0.9999877214431764,2.9463196824508486e-06,1,6.316136250461568e-06,1.2278556823730469e-05,0,,,
sap,2023-02-20,0.0001615567955923,0.3960430593404453,0.6037954010069371,5,-0.6036338442113447,0.6039569406595546,0,,,
sap,2023-02-27,0.0001969949225895,0.9990179538726808,0.0007850154070183,1,-0.0005880204844288,0.0009820461273193,0,,,
sap,2023-03-06,0.6668015169949891,0.3329661176006387,0.0002323493348133,3,0.6665691676601757,0.6670338823993613,0,,,
sap,2023-03-13,0.6000424894460593,0.201694507920547,0.1982630050504667,5,0.4017794843955926,0.798305492079453,0,,,
sap,2023-03-27,0.0053968825244226,0.680980920791626,0.3136221998465771,4,-0.3082253173221545,0.319019079208374,0,,,
sap,2023-04-03,0.214437729941892,0.4899442692597707,0.2956180192510753,1,-0.0811802893091832,0.5100557307402294,0,,,
sap,2023-04-24,0.1618921898603266,0.1025490960181326,0.7355587127077969,2,-0.5736665228474703,0.8974509039818673,0,,,
sap,2023-05-01,0.3642233187953631,0.0981447605105737,0.5376319188774991,3,-0.1734086000821359,0.9018552394894264,0,,,
sap,2023-05-08,4.916552825307008e-06,1.476023408031324e-05,0.999980330467224,1,-0.9999754139143988,0.9999852397659196,0,,,
sap,2023-05-15,0.0002227364709786,0.6670291416424637,0.332748145318116,3,-0.3325254088471373,0.3329708583575362,0,,,
sap,2023-05-22,1.0868905064853609e-06,0.9998468160629272,0.0001521103113191,1,-0.0001510234208126,0.0001531839370727,0,,,
sap,2023-05-29,1.2066684121236904e-05,0.999486118555069,0.0005018215338168,2,-0.0004897548496956,0.000513881444931,0,,,
sap,2023-06-05,0.999990940093994,8.267596039483275e-06,8.006666973869869e-07,3,0.9999901394272968,0.9999917324039606,0,,,
sap,2023-06-12,7.305861072381958e-05,0.9787890911102296,0.0211379118263721,2,-0.0210648532156483,0.0212109088897705,0,,,
sap,2023-06-26,5.684365333991082e-07,0.5006363741122186,0.4993630685480639,2,-0.4993625001115305,0.4993636258877814,1,0.0438919808253217,3.6375861597263857,0.0
sap,2023-07-03,3.476419863090996e-07,0.9999920129776,7.636958798684645e-06,1,-7.289316812375546e-06,7.987022399902344e-06,0,,,
sap,2023-07-10,0.0002615108310498,0.3329327835299788,0.6668056838097982,3,-0.6665441729787484,0.6670672164700211,0,,,
sap,2023-07-17,0.1531963099273326,0.5398226363722585,0.3069810548045572,1,-0.1537847448772245,0.4601773636277415,0,,,
sap,2023-07-24,0.0162373166531324,0.9439263343811036,0.0398363918066024,1,-0.02359907515347,0.0560736656188964,0,,,
sap,2023-08-21,0.0040484415367245,0.4840880334377289,0.5118634700775146,1,-0.5078150285407901,0.5159119665622711,0,,,
sap,2023-08-28,0.5002025830035564,0.4994591394294332,0.0003382764072483,2,0.499864306596308,0.5005408605705668,0,,,
sap,2023-09-04,0.0071338778361678,0.017735056579113,0.975131094455719,1,-0.9679972166195512,0.982264943420887,0,,,
sap,2023-09-11,0.0001023958866426,0.9585913717746736,0.0413062069565057,2,-0.0412038110698631,0.0414086282253265,0,,,
sap,2023-09-18,0.2287229306790627,0.4968669322624649,0.2744101341712385,1,-0.0456872034921757,0.5031330677375351,0,,,
sap,2023-09-25,2.668441766218166e-06,0.9999866485595704,1.072290433512535e-05,1,-8.054462568907184e-06,1.33514404296875e-05,0,,,
sap,2023-10-09,0.0763700316019554,0.5952827591084584,0.3283471942801813,4,-0.2519771626782259,0.4047172408915416,0,,,
sap,2023-10-16,0.0010931995238934,0.7972864061594009,0.2016203664243221,4,-0.2005271669004287,0.202713593840599,0,,,
sap,2023-11-20,2.0463396140257828e-05,0.9999535083770752,2.600481457193382e-05,1,-5.541418431675993e-06,4.649162292480469e-05,0,,,
sap,2023-11-27,0.0002074605290545,0.0070499121211469,0.992742657661438,1,-0.9925351971323836,0.9929500878788532,0,,,
sap,2023-12-04,0.7581034302711487,0.2418073564767837,8.918807725422084e-05,1,0.7580142421938945,0.7581926435232162,0,,,
sap,2023-12-11,0.0004424448804153,0.2917798802567025,0.7077776889006296,3,-0.7073352440202143,0.7082201197432976,0,,,
sap,2023-12-18,0.0005087573081254,0.9978407621383668,0.0016504193190485,1,-0.001141662010923,0.0021592378616333,0,,,
sap,2024-01-08,9.35952501350812e-05,0.9941471964120864,0.0057592082303017,1,-0.0056656129801666,0.0058528035879135,0,,,
sap,2024-01-15,0.1503408243108053,0.823989457882791,0.025669691403736,6,0.1246711329070692,0.176010542117209,0,,,
sap,2024-01-22,0.113281143910811,0.6359975364238153,0.2507213321464405,4,-0.1374401882356295,0.3640024635761847,0,,,
sap,2024-01-29,1.7139114788733423e-05,0.0005649035447277,0.9994180202484132,1,-0.9994008811336244,0.9994350964552724,0,,,
sap,2024-02-05,0.3323016493360834,0.3426296952517684,0.3250686258577519,3,0.0072330234783315,0.6573703047482315,0,,,
sap,2024-02-12,0.0003583491779863,0.999215602874756,0.0004260360437911,1,-6.768686580471694e-05,0.0007843971252441,0,,,
sap,2024-02-26,0.4205667123820183,0.465955022930216,0.113478246818971,3,0.3070884655630472,0.5340449770697839,0,,,
sap,2024-03-04,0.0001052617026289,0.5350541360676289,0.4648406070909914,2,-0.4647353453883625,0.4649458639323711,0,,,
sap,2024-03-11,0.0016882921634125,0.9861567815144856,0.0121548878290316,3,-0.0104665956656191,0.0138432184855142,0,,,
sap,2024-03-18,0.0108690038323402,0.8815563321113586,0.1075746417045593,1,-0.096705637872219,0.1184436678886413,0,,,
sap,2024-04-01,6.088656050451391e-07,0.99999338388443,6.016181032464374e-06,2,-5.407315427419235e-06,6.616115570068359e-06,0,,,
sap,2024-04-22,0.3320408463478088,0.5938724279403687,0.0740868002176284,1,0.2579540461301803,0.4061275720596313,0,,,
sap,2024-05-13,0.1503509330679815,0.7798905337772126,0.069758532879696,2,0.0805924001882855,0.2201094662227873,0,,,
sap,2024-05-27,0.000259584718151,0.9899545907974244,0.009785808622837,1,-0.009526223904686,0.0100454092025756,0,,,
sap,2024-06-03,4.597907067527274e-06,0.5000688217187417,0.4999265900374041,2,-0.4999219921303366,0.4999311782812583,0,,,
sap,2024-06-10,0.1022072726409017,0.880389541387558,0.0174031503761398,2,0.0848041222647619,0.119610458612442,0,,,
sap,2024-07-01,0.0392986916510501,0.8752954679912364,0.0854058462633976,1,-0.0461071546123474,0.1247045320087636,0,,,
sap,2024-07-08,0.0381990809664697,0.9003362326003022,0.0614647073902636,2,-0.0232656264237938,0.0996637673996978,0,,,
sap,2024-07-15,1.363106036933459e-07,9.314872499999184e-07,0.999998927116394,1,-0.9999987908057903,0.99999906851275,0,,,
sap,2024-07-22,0.999401479959488,0.0004512526643338,0.0001472216272304,2,0.9992542583322576,0.999548747335666,0,,,
sap,2024-08-05,,,,0,,,1,-0.0179222888945957,0.6931471805599453,0.0
sap,2024-08-19,0.0002195773704443,0.974950671195984,0.024829814210534,1,-0.0246102368400897,0.0250493288040161,0,,,
sap,2024-08-26,3.700370996284619e-07,3.204172855930665e-07,0.9999992847442628,1,-0.9999989147071632,0.9999996795827144,0,,,
sap,2024-09-23,2.7767189862970554e-06,0.9999926884969076,4.604703008226352e-06,3,-1.8279840219292964e-06,7.311503092410909e-06,0,,,
sap,2024-10-07,0.0812397685270601,0.7329844236373901,0.1857757543524106,3,-0.1045359858253505,0.2670155763626098,0,,,
sap,2024-10-21,0.00022934305404,0.3385904543101787,0.66118019495237,3,-0.66095085189833,0.6614095456898212,0,,,
sap,2024-10-28,0.0001241602557513,0.9916991591453552,0.0081766496878117,1,-0.0080524894320603,0.0083008408546447,0,,,
sap,2024-11-04,5.3974326874595135e-06,0.0003320758987683,0.9996625185012816,1,-0.9996571210685944,0.9996679241012316,0,,,
sap,2024-11-11,0.5166097525507212,0.4832267255053244,0.0001635150785338,2,0.5164462374721873,0.5167732744946756,0,,,
sap,2024-11-25,0.0604592574191495,0.7860233412411916,0.153517392037682,1,-0.0930581346185325,0.2139766587588084,0,,,
sap,2024-12-16,3.228245491489664e-05,0.6666750425089655,0.3332926771824229,3,-0.333260394727508,0.3333249574910345,0,,,
sephora,2024-10-07,,,,0,,,1,0.0982842746424808,2.6390573296152584,0.0
sony,2023-02-13,0.043477259952382,0.8621245940434329,0.0943981480361728,1,-0.0509208880837908,0.1378754059565671,0,,,
sony,2023-03-06,0.0317423406716149,0.9133740789836609,0.0548835770367902,2,-0.0231412363651752,0.0866259210163392,1,-0.1791708987339006,4.955827057601261,0.0
sony,2023-03-13,0.0900129927239592,0.8062074310831068,0.103779582431203,1,-0.0137665897072437,0.1937925689168932,0,,,
sony,2023-04-03,0.0851108956583825,0.7027493887699271,0.2121397051750456,2,-0.127028809516663,0.2972506112300729,1,-0.0668423461804081,2.1972245773362196,0.0
sony,2023-04-17,0.1019733775644053,0.8355277930583863,0.0624988261445128,2,0.0394745514198924,0.1644722069416136,1,0.2016113863210193,1.6094379124341005,0.0
sony,2023-05-08,0.0248492812631946,0.8633982855678428,0.111752435293426,1,-0.0869031540302313,0.1366017144321571,0,,,
sony,2023-05-22,0.2167338230995804,0.4723376751932698,0.3109285000011487,2,-0.0941946769015682,0.5276623248067301,0,,,
sony,2023-06-19,0.0551289917310938,0.8659578151175658,0.0789131865409688,1,-0.0237841948098749,0.1340421848824342,0,,,
sony,2023-06-26,0.0314649324515416,0.9469217457169412,0.0216133203823641,1,0.0098516120691775,0.0530782542830589,0,,,
sony,2023-07-03,0.0047581492411485,0.7388690216522036,0.2563728203843292,1,-0.2516146711431807,0.2611309783477964,0,,,
sony,2023-07-10,0.0273194377733309,0.8935516153534421,0.0791289432012606,1,-0.0518095054279296,0.1064483846465579,0,,,
sony,2023-07-24,0.1309890800597782,0.7749073602869996,0.0941035605477412,1,0.0368855195120369,0.2250926397130004,0,,,
sony,2023-07-31,0.1108902229280208,0.8498880966555569,0.0392216760058424,1,0.0716685469221783,0.1501119033444431,0,,,
sony,2023-08-21,0.0245762505634814,0.9651518531840246,0.0102719017580642,1,0.0143043488054172,0.0348481468159753,0,,,
sony,2023-08-28,,,,0,,,2,0.0631842375781275,0.6931471805599453,0.0
sony,2023-09-04,0.1506417691993478,0.6896269347194514,0.1597312937379588,1,-0.009089524538611,0.3103730652805486,0,,,
sony,2023-09-25,,,,0,,,2,-0.0730384968337602,0.6931471805599453,0.0
sony,2023-10-02,0.0313382869759896,0.8926478391988845,0.0760138727555379,1,-0.0446755857795483,0.1073521608011155,0,,,
sony,2023-10-09,,,,0,,,2,-0.311464711514418,0.6931471805599453,0.0
sony,2023-10-16,0.0600602455093821,0.798181711492842,0.1417580414901271,1,-0.0816977959807449,0.201818288507158,0,,,
sony,2023-11-06,0.0911651621011064,0.8412194081079832,0.0676154291410011,2,0.0235497329601052,0.1587805918920167,0,,,
sony,2023-11-13,0.0401644853775993,0.7970136183225975,0.1628218919928001,4,-0.1226574066152007,0.2029863816774024,0,,,
sony,2023-11-20,0.0594011454656007,0.807439563611506,0.1331592924822005,3,-0.0737581470165998,0.1925604363884939,0,,,
sony,2023-11-27,0.0331371012465408,0.8382809095005467,0.128581987682388,1,-0.0954448864358472,0.1617190904994533,0,,,
sony,2023-12-04,0.0757418679431246,0.9043785950920517,0.0198795352023088,2,0.0558623327408157,0.0956214049079484,0,,,
sony,2023-12-18,0.0915698093552951,0.7470967449956133,0.1613334384843082,3,-0.069763629129013,0.2529032550043867,0,,,
sony,2024-01-01,0.057726753430293,0.861153851376822,0.0811194132474858,1,-0.0233926598171927,0.138846148623178,0,,,
sony,2024-01-08,0.0082136548281095,0.8558486984941536,0.1359376588363314,1,-0.1277240040082218,0.1441513015058464,0,,,
sony,2024-01-22,0.0109992387572256,0.7442533309011186,0.2447474216159458,1,-0.2337481828587202,0.2557466690988814,0,,,
sony,2024-02-05,0.0670364178425072,0.8343759575198715,0.0985876282490551,1,-0.0315512104065479,0.1656240424801285,2,0.0804613640793832,3.2017870989674075,0.0
sony,2024-02-12,,,,0,,,2,-0.1260414064163342,2.3317195470560335,0.0
sony,2024-02-26,0.0416787689064873,0.8357914468935086,0.1225297819865142,2,-0.0808510130800269,0.1642085531064914,0,,,
sony,2024-03-18,0.0531816393467199,0.8048201125923552,0.1419982500348816,1,-0.0888166106881616,0.1951798874076448,0,,,
sony,2024-03-25,0.1531338061304324,0.6973364550590919,0.1495297322403305,2,0.0036040738901018,0.3026635449409081,0,,,
sony,2024-04-15,0.113556503229993,0.7891061900308385,0.0973372995751982,2,0.0162192036547948,0.2108938099691615,4,-0.0775151697120648,1.4978661367769954,0.0
sony,2024-04-29,,,,0,,,3,0.1695996880227236,1.8184403717859008,0.0
sony,2024-05-06,,,,0,,,1,0.1961602623428007,0.6931471805599453,0.0
sony,2024-05-13,0.0956696779018928,0.8836094674692974,0.0207208600331904,2,0.0749488178687024,0.1163905325307026,0,,,
sony,2024-05-20,0.1549185384100233,0.8203343561766725,0.0247471009485434,1,0.1301714374614798,0.1796656438233275,3,-0.1313156533599055,1.6566044331920002,0.0
sony,2024-06-10,,,,0,,,1,0.1069496763375355,6.3835066348840055,0.0
sony,2024-06-17,0.1074193008756007,0.8167847549237164,0.0757959522837682,1,0.0316233485918324,0.1832152450762836,0,,,
sony,2024-07-08,0.0729658917825495,0.8432680722326571,0.0837660376360702,1,-0.0108001458535206,0.1567319277673429,0,,,
sony,2024-07-15,0.0973569399801433,0.7249540733021143,0.1776889792776567,2,-0.0803320392975134,0.2750459266978857,4,-0.1837514219508591,2.0220636817806077,0.0
sony,2024-07-29,0.1638044276070758,0.732765480912379,0.1034301004075277,1,0.060374327199548,0.2672345190876209,0,,,
sony,2024-08-05,,,,0,,,1,-0.1775525770876811,0.6931471805599453,0.0
sony,2024-08-12,0.0567034455801696,0.9105282328442368,0.032768321827451,1,0.0239351237527186,0.0894717671557633,2,-0.2392247913453502,2.238668407239103,0.0
sony,2024-08-19,0.0812045129035089,0.8184109122265667,0.1003845670408897,1,-0.0191800541373808,0.1815890877734333,0,,,
sony,2024-08-26,,,,0,,,1,-0.1522755507612601,0.6931471805599453,0.0
sony,2024-09-02,0.0864082227673917,0.5867720658949325,0.3268197142874449,2,-0.2404114915200531,0.4132279341050675,2,0.0593949335161596,4.319174156486352,0.0
sony,2024-09-09,,,,0,,,14,-0.1380792328231998,1.3704524725213614,1.0
sony,2024-09-23,,,,0,,,5,-0.0222939319561845,1.0823292103710078,1.0
sony,2024-09-30,,,,0,,,5,-0.0520727370167151,2.4972614105693594,1.0
sony,2024-10-07,0.0773221691537976,0.8959639612283269,0.0267138723009611,1,0.0506082968528365,0.1040360387716731,1,0.1268921758746728,0.6931471805599453,0.0
sony,2024-10-21,0.0926181924122329,0.9068054384991244,0.000576376136717,1,0.0920418162755158,0.0931945615008754,1,0.0689404954828205,8.76732914779405,0.0
sony,2024-10-28,,,,0,,,1,-0.1036363577659358,6.8966943316227125,0.0
sony,2024-11-04,,,,0,,,1,-0.0050328431412935,2.772588722239781,0.0
sony,2024-11-18,,,,0,,,1,-0.0811384952194202,3.091042453358316,0.0
sony,2024-12-02,,,,0,,,1,-0.055228167454004,4.812184355372417,0.0
sony,2024-12-09,,,,0,,,1,-0.0679280029144138,8.428143374582726,0.0
sony,2024-12-16,0.0272937021304815,0.9564842886686784,0.0162220047991196,1,0.0110716973313619,0.0435157113313215,1,-0.003859933050677,1.791759469228055,0.0
spotify,2022-12-26,0.0920012805081,0.8182456646840832,0.0897530605749885,5,0.0022482199331114,0.1817543353159167,0,,,
spotify,2023-01-02,0.113948378195776,0.8316188944268976,0.0544327245110925,7,0.0595156536846834,0.1683811055731023,0,,,
spotify,2023-01-09,0.0343595047334975,0.9398269905644712,0.0258134746554743,9,0.0085460300780232,0.0601730094355288,0,,,
spotify,2023-01-16,0.0803202779866724,0.8588091422472198,0.0608705650965735,12,0.0194497128900989,0.1411908577527801,0,,,
spotify,2023-01-23,0.0482257160338576,0.899486954768398,0.0522872962826341,15,-0.0040615802487764,0.1005130452316019,0,,,
spotify,2023-01-30,0.1474811537107472,0.7870768948888323,0.0654419441780236,15,0.0820392095327236,0.2129231051111677,1,0.0644428474097367,3.1780538303479458,0.0
spotify,2023-02-06,0.0750216708501667,0.8241452297194144,0.1008331167395239,8,-0.0258114458893572,0.1758547702805856,0,,,
spotify,2023-02-13,0.0362613057953759,0.9119240798130148,0.0518146060391977,12,-0.0155533002438217,0.088075920186985,0,,,
spotify,2023-02-20,0.0524015387649336,0.8503562116695711,0.0972422380998497,10,-0.044840699334916,0.1496437883304289,0,,,
spotify,2023-02-27,0.0041426516989844,0.7784166838973761,0.2174407030216656,4,-0.2132980513226812,0.2215833161026239,0,,,
spotify,2023-03-06,0.008918737429358,0.943394919887129,0.0476863450373151,5,-0.0387676076079571,0.056605080112871,0,,,
spotify,2023-03-13,0.0558881726533322,0.844458056829222,0.099653767502478,6,-0.0437655948491458,0.1555419431707779,0,,,
spotify,2023-03-20,0.0257234682648173,0.9305178962236152,0.0437586262173953,11,-0.018035157952578,0.0694821037763848,0,,,
spotify,2023-03-27,0.0391233998865911,0.9144211107039316,0.0464555039673432,5,-0.0073321040807521,0.0855788892960685,0,,,
spotify,2023-04-03,0.0306086592043873,0.897259791280899,0.0721315402444104,9,-0.041522881040023,0.1027402087191009,0,,,
spotify,2023-04-10,0.3331186630273161,0.666748727565088,0.0001326079380229,3,0.3329860550892931,0.333251272434912,0,,,
spotify,2023-04-17,0.1460716632293816,0.7075421678282205,0.1463861860066596,8,-0.000314522777278,0.2924578321717794,0,,,
spotify,2023-04-24,0.0551932604754534,0.8489764560551128,0.0958302772010063,10,-0.0406370167255528,0.1510235439448871,0,,,
spotify,2023-05-01,0.0996524299874249,0.7883426573023865,0.112004905194362,11,-0.012352475206937,0.2116573426976135,0,,,
spotify,2023-05-08,0.1571069655642645,0.781687517621199,0.0612055166254715,9,0.0959014489387929,0.2183124823788009,0,,,
spotify,2023-05-15,0.0235899597317538,0.9318063554678992,0.0446036844496503,8,-0.0210137247178964,0.0681936445321007,0,,,
spotify,2023-05-22,0.0616204759545654,0.905449418781802,0.0329301193844639,5,0.0286903565701014,0.0945505812181981,0,,,
spotify,2023-05-29,0.0257613828443758,0.9342769469219716,0.0399616310885601,7,-0.0142002482441842,0.0657230530780282,0,,,
spotify,2023-06-05,0.0266482564492977,0.8624720187716728,0.110879746888814,4,-0.0842314904395163,0.1375279812283272,0,,,
spotify,2023-06-12,0.0748010755208416,0.7766470540935172,0.148551869644198,14,-0.0737507941233563,0.2233529459064828,0,,,
spotify,2023-06-19,0.2807652204205134,0.6347702708471885,0.084464509545724,13,0.1963007108747893,0.3652297291528115,0,,,
spotify,2023-06-26,0.1003184053589169,0.8065886688667155,0.0930929314270444,13,0.0072254739318725,0.1934113311332844,2,0.1012847770371081,1.5890269151739729,0.0
spotify,2023-07-03,0.0563096189615229,0.8772660180917751,0.066424369334721,11,-0.010114750373198,0.1227339819082249,1,-0.187339591467925,4.969813299576001,0.0
spotify,2023-07-10,0.074314442139154,0.7772880729366037,0.148397476594411,13,-0.074083034455257,0.2227119270633962,0,,,
spotify,2023-07-17,0.0561149092700106,0.8454287645938516,0.0984563248170924,7,-0.0423414155470817,0.1545712354061483,0,,,
spotify,2023-07-24,0.0505897402493192,0.8254771483832567,0.123933119841007,7,-0.0733433795916877,0.1745228516167433,0,,,
spotify,2023-07-31,0.0240148838510175,0.8988032500672131,0.0771818686257739,6,-0.0531669847747564,0.1011967499327869,0,,,
spotify,2023-08-07,0.0220577987543439,0.9301151495475126,0.047827064247662,9,-0.0257692654933181,0.0698848504524873,0,,,
spotify,2023-08-14,0.0230742175507924,0.9285727255411136,0.0483530381514666,11,-0.0252788206006741,0.0714272744588865,0,,,
spotify,2023-08-21,0.0840261343092509,0.8252140693917923,0.0907597823639802,9,-0.0067336480547293,0.1747859306082076,0,,,
spotify,2023-08-28,0.0225688809113768,0.9366250332552956,0.0408060727321086,6,-0.0182371918207318,0.0633749667447043,0,,,
spotify,2023-09-04,0.0420668692131341,0.9207121525948496,0.0372209719561884,11,0.0048458972569457,0.0792878474051504,0,,,
spotify,2023-09-11,0.0354895939269546,0.9096811849511516,0.0548292290740965,7,-0.0193396351471418,0.0903188150488484,0,,,
spotify,2023-09-18,0.0128392029350424,0.9453942616918568,0.0417665496668062,4,-0.0289273467317638,0.054605738308143,0,,,
spotify,2023-09-25,0.0631055199463983,0.8960386026727304,0.0408558770036621,4,0.0222496429427362,0.1039613973272696,0,,,
spotify,2023-10-02,0.0407440057257612,0.8739312466430873,0.0853247389790391,8,-0.0445807332532778,0.1260687533569127,0,,,
spotify,2023-10-09,0.085790952877876,0.8356038314947823,0.0786052114088447,9,0.0071857414690312,0.1643961685052176,0,,,
spotify,2023-10-16,0.0495207166618876,0.8951281500848958,0.0553511244424206,9,-0.0058304077805329,0.1048718499151042,0,,,
spotify,2023-10-23,0.0358504441869047,0.771255907384567,0.1928936328761145,10,-0.1570431886892098,0.228744092615433,0,,,
spotify,2023-10-30,0.0211236382470142,0.9294435743095764,0.0494327987120704,6,-0.0283091604650561,0.0705564256904236,0,,,
spotify,2023-11-06,0.0336951250184249,0.7590431699756617,0.2072617062895403,9,-0.1735665812711154,0.2409568300243383,0,,,
spotify,2023-11-13,0.0920000605907002,0.8715530451194237,0.0364468857632396,6,0.0555531748274606,0.1284469548805763,0,,,
spotify,2023-11-20,0.0184680735287564,0.929746165207383,0.0517857628687292,6,-0.0333176893399728,0.070253834792617,2,0.2915775146830128,1.7631802623080808,0.0
spotify,2023-11-27,0.0139292781107939,0.9460870991371166,0.0399836448620543,4,-0.0260543667512603,0.0539129008628833,0,,,
spotify,2023-12-04,0.2720393345925598,0.630174265524634,0.0977864131892789,10,0.1742529214032808,0.369825734475366,0,,,
spotify,2023-12-11,0.1005765736291967,0.8366475725954394,0.0627758603223205,9,0.0378007133068762,0.1633524274045605,0,,,
spotify,2023-12-18,0.0354866701157166,0.9147481910086744,0.0497651416521651,4,-0.0142784715364484,0.0852518089913256,0,,,
spotify,2023-12-25,0.0278795351665223,0.9379415659897856,0.0341789094903681,9,-0.0062993743238457,0.0620584340102143,0,,,
spotify,2024-01-01,2.393426179025937e-05,0.8794987872242928,0.1204773093330118,8,-0.1204533750712215,0.1205012127757072,2,0.0518375268412398,0.6931471805599453,0.0
spotify,2024-01-08,0.0354151409887315,0.9407215240493874,0.0238633418846515,9,0.0115517991040799,0.0592784759506126,0,,,
spotify,2024-01-15,0.035763512933668,0.7929009906941166,0.171335491387944,8,-0.135571978454276,0.2070990093058834,0,,,
spotify,2024-01-22,0.0646491303480052,0.7837486869641498,0.1516021736072243,11,-0.086953043259219,0.2162513130358502,0,,,
spotify,2024-01-29,0.1119390235079638,0.789040474805848,0.0990205163801131,9,0.0129185071278506,0.2109595251941519,0,,,
spotify,2024-02-05,0.1434166469496049,0.802117411323117,0.0544659524431998,12,0.088950694506405,0.197882588676883,0,,,
spotify,2024-02-12,0.0548708748475377,0.913158967459652,0.0319701664321822,9,0.0229007084153555,0.086841032540348,0,,,
spotify,2024-02-19,0.0751710930980836,0.832391281348461,0.0924376271298705,6,-0.0172665340317869,0.167608718651539,0,,,
spotify,2024-02-26,0.0465356733455831,0.851140369931168,0.1023239467157352,10,-0.0557882733701521,0.1488596300688319,2,-0.1626999434719209,1.151292546497023,0.0
spotify,2024-03-04,0.1445251594346705,0.6264930159847086,0.2289818204399184,18,-0.0844566610052479,0.3735069840152913,0,,,
spotify,2024-03-11,0.0030015569277039,0.992372145444382,0.0046263171931094,7,-0.0016247602654054,0.0076278545556179,0,,,
spotify,2024-03-18,0.0548180057435619,0.8487731926464445,0.0964087838290097,7,-0.0415907780854478,0.1512268073535555,0,,,
spotify,2024-03-25,0.0149400943905295,0.9542580455403936,0.0308018474225455,7,-0.0158617530320159,0.0457419544596062,0,,,
spotify,2024-04-01,0.0696033913317962,0.9081821164771248,0.022214483708376,13,0.0473889076234202,0.0918178835228751,0,,,
spotify,2024-04-08,0.1795936187936032,0.7427886360745002,0.0776177317330762,9,0.101975887060527,0.2572113639254998,0,,,
spotify,2024-04-15,0.0192483700716354,0.95337240026961,0.0273792225000234,9,-0.0081308524283879,0.0466275997303901,0,,,
spotify,2024-04-22,0.1332600714890268,0.8326576344152851,0.0340822836230768,9,0.0991777878659499,0.1673423655847149,0,,,
spotify,2024-04-29,0.0393702504890071,0.8710079296836529,0.0896218296921905,19,-0.0502515792031834,0.128992070316347,0,,,
spotify,2024-05-06,0.0324213601676058,0.8949877242718098,0.0725909147889146,10,-0.0401695546213088,0.1050122757281901,0,,,
spotify,2024-05-13,0.0128615406136156,0.8968188366546856,0.0903196307542024,14,-0.0774580901405868,0.1031811633453143,1,-0.1766755053865836,3.218875824868201,0.0
spotify,2024-05-20,0.0194877647777197,0.8126673054690445,0.1678449479383793,9,-0.1483571831606596,0.1873326945309554,0,,,
spotify,2024-05-27,0.0291622854311079,0.9257787107765186,0.0450590107899191,12,-0.0158967253588112,0.0742212892234813,0,,,
spotify,2024-06-03,0.0183172696351078,0.9502228613604012,0.0314598651800427,8,-0.0131425955449349,0.0497771386395988,1,0.0544175093746162,4.477336814478207,0.0
spotify,2024-06-10,0.0284636339048704,0.8948550829495986,0.076681291530535,10,-0.0482176576256645,0.1051449170504014,0,,,
spotify,2024-06-17,0.0722549705488921,0.8802286281351184,0.0475163797213522,13,0.0247385908275399,0.1197713718648816,2,-0.0575829210655456,2.5737472384067264,0.0
spotify,2024-06-24,0.0240438259827308,0.9155030991518224,0.0604530715838452,9,-0.0364092456011144,0.0844969008481777,1,-0.0103827669674956,2.8903717578961645,0.0
spotify,2024-07-01,0.0309816994538845,0.9155549935271942,0.053463307770538,7,-0.0224816083166534,0.0844450064728058,0,,,
spotify,2024-07-08,0.0799869688156174,0.8684845611851316,0.051528450946733,6,0.0284585178688844,0.1315154388148683,2,0.2229923536876867,1.9560115027140732,0.0
spotify,2024-07-15,0.1029716843349163,0.6894705614305217,0.2075577654475572,9,-0.1045860811126408,0.3105294385694783,0,,,
spotify,2024-07-22,0.0747039426371468,0.8717118249207618,0.0535842365859901,3,0.0211197060511566,0.1282881750792381,0,,,
spotify,2024-07-29,0.0502837151562331,0.8916381284172641,0.0580781595545378,5,-0.0077944443983047,0.1083618715827359,0,,,
spotify,2024-08-05,0.0492279076033649,0.9038976614626802,0.0468744170572979,9,0.0023534905460669,0.0961023385373197,2,-0.1261821732778116,0.8958797346140275,0.0
spotify,2024-08-12,0.1034543955839369,0.8551519408022124,0.0413936622949441,9,0.0620607332889928,0.1448480591977876,0,,,
spotify,2024-08-19,0.0381264616705497,0.8910649876338173,0.070808543435599,7,-0.0326820817650493,0.1089350123661827,0,,,
spotify,2024-08-26,0.1801890686089494,0.7361683374150058,0.0836425927434082,8,0.0965464758655411,0.2638316625849942,0,,,
spotify,2024-09-02,0.0481470328366061,0.9277311374256396,0.0241218175424037,12,0.0240252152942024,0.0722688625743604,0,,,
spotify,2024-09-09,0.1090191455041168,0.8215615298349108,0.069419345445727,8,0.0395998000583897,0.1784384701650891,0,,,
spotify,2024-09-16,0.0351253820793839,0.8732739304384947,0.0916006905997662,5,-0.0564753085203823,0.1267260695615053,0,,,
spotify,2024-09-23,0.0752602671234106,0.8857633639367144,0.038976377239382,10,0.0362838898840286,0.1142366360632856,2,0.1364701157904448,0.6931471805599453,0.0
spotify,2024-09-30,0.209114940633781,0.7553835942178793,0.0355014751074842,10,0.1736134655262967,0.2446164057821207,0,,,
spotify,2024-10-07,0.0381848027759556,0.9590293105729768,0.0027858782771312,5,0.0353989244988244,0.0409706894270233,0,,,
spotify,2024-10-14,0.0367551850866171,0.9540943675894052,0.0091504584847197,6,0.0276047266018974,0.0459056324105947,0,,,
spotify,2024-10-21,0.0820708221738162,0.8090753246972819,0.1088538634157341,8,-0.0267830412419179,0.190924675302718,0,,,
spotify,2024-10-28,0.0911960786919715,0.8336948724544201,0.0751090537207481,11,0.0160870249712234,0.1663051275455799,0,,,
spotify,2024-11-04,0.071189261165668,0.8796682481831295,0.0491425168691252,8,0.0220467442965427,0.1203317518168705,0,,,
spotify,2024-11-11,0.0229240198748105,0.9666992196451069,0.0103767531581989,3,0.0125472667166116,0.0333007803548932,0,,,
spotify,2024-11-18,0.0412878915080432,0.913228603762588,0.0454835059129653,6,-0.0041956144049221,0.086771396237412,0,,,
spotify,2024-11-25,0.0005235246851202,0.963722837190809,0.0357536289018298,7,-0.0352301042167096,0.036277162809191,1,0.1055099166696891,2.1972245773362196,0.0
spotify,2024-12-02,0.0064826731829391,0.9788459318612146,0.0146713853047979,7,-0.0081887121218588,0.0211540681387853,2,0.0466555844836023,4.717740962976532,0.0
spotify,2024-12-09,0.1031504834429181,0.8333473865644372,0.0635021172116226,9,0.0396483662312955,0.1666526134355628,0,,,
spotify,2024-12-16,0.1523455089785425,0.7820993245989142,0.0655551614578505,18,0.0867903475206919,0.2179006754010858,0,,,
spotify,2024-12-23,0.0296566410923658,0.871804639428935,0.0985387157805128,10,-0.068882074688147,0.1281953605710649,0,,,
spotify,2024-12-30,0.0682982151960102,0.7229255996627549,0.2087761885376613,3,-0.1404779733416511,0.277074400337245,0,,,
starbucks,2022-12-26,4.636173343897099e-06,0.9998186230659484,0.0001767770154401,1,-0.0001721408420962,0.0001813769340515,0,,,
starbucks,2023-01-02,0.6660929213297399,0.333072232677182,0.0008348258715121,3,0.6652580954582277,0.666927767322818,0,,,
starbucks,2023-01-09,0.0002869129207539,0.9975801229476928,0.0021329565942323,5,-0.0018460436734784,0.0024198770523071,0,,,
starbucks,2023-01-16,0.0024549332923932,0.6537646746674,0.3437804093141835,4,-0.3413254760217903,0.3462353253326,0,,,
starbucks,2023-01-23,0.0031160258549789,0.9959059556325276,0.0009780596301425,3,0.0021379662248364,0.0040940443674722,0,,,
starbucks,2023-01-30,0.0503652187355054,0.7998536289211703,0.1497811754559043,5,-0.0994159567203988,0.2001463710788297,0,,,
starbucks,2023-02-06,0.000220545310222,0.9541871905326844,0.0455922710074816,2,-0.0453717256972595,0.0458128094673156,0,,,
starbucks,2023-02-13,0.0176451650230619,0.7213776541092555,0.2609771864450334,13,-0.2433320214219715,0.2786223458907445,0,,,
starbucks,2023-02-20,0.0594490828028218,0.6084795477238796,0.3320713393148969,6,-0.2726222565120751,0.3915204522761204,0,,,
starbucks,2023-02-27,0.1925680649792729,0.6717304842577604,0.1357014475818911,10,0.0568666173973818,0.3282695157422396,0,,,
starbucks,2023-03-06,0.1820775882700434,0.6120108295538227,0.2059115981637412,11,-0.0238340098936978,0.3879891704461773,0,,,
starbucks,2023-03-13,0.0005353315424741,0.9993967294692994,6.793840782961524e-05,5,0.0004673931346445,0.0006032705307006,0,,,
starbucks,2023-03-20,0.0003415383359121,0.99943012992541,0.0002283192510124,3,0.0001132190848996,0.00056987007459,0,,,
starbucks,2023-03-27,0.0115920939702117,0.8691962488827226,0.1192116787439589,7,-0.1076195847737471,0.1308037511172773,0,,,
starbucks,2023-04-03,0.1428619841967529,0.8568405089661155,0.0002975035208524,7,0.1425644806759004,0.1431594910338844,0,,,
starbucks,2023-04-10,1.5854191701691889e-06,0.5202997531741858,0.479698636347166,2,-0.4796970509279958,0.4797002468258142,0,,,
starbucks,2023-04-17,8.12928755347997e-05,0.999895453453064,2.3256427982687456e-05,5,5.803644755211224e-05,0.000104546546936,0,,,
starbucks,2023-04-24,0.2878350242398255,0.7120522556870128,0.0001127431825693,4,0.2877222810572561,0.2879477443129872,0,,,
starbucks,2023-05-01,1.0848618847110933e-05,0.9358917772769928,0.0640974070758299,3,-0.0640865584569828,0.0641082227230072,0,,,
starbucks,2023-05-08,0.000178576838266,0.6859359294176102,0.3138855253200745,2,-0.3137069484818084,0.3140640705823898,0,,,
starbucks,2023-05-22,0.0008603251455783,0.8040663316423888,0.1950733661957997,2,-0.1942130410502214,0.1959336683576111,0,,,
starbucks,2023-05-29,5.006104576230948e-05,0.7452679091482424,0.2546820427339948,5,-0.2546319816882325,0.2547320908517576,1,-0.0643967282376607,3.044522437723423,0.0
starbucks,2023-06-05,7.965822091193786e-05,0.7484812387265265,0.2514390974191798,4,-0.2513594391982678,0.2515187612734735,0,,,
starbucks,2023-06-12,0.0028975018546188,0.972457227488381,0.0246452630811416,7,-0.0217477612265227,0.0275427725116189,0,,,
starbucks,2023-06-19,0.0124932950658866,0.8294851436626678,0.158021556431098,2,-0.1455282613652114,0.1705148563373322,0,,,
starbucks,2023-06-26,0.0280963288160845,0.7439852271983437,0.2279184491558183,6,-0.1998221203397338,0.2560147728016563,0,,,
starbucks,2023-07-03,9.92570221569622e-06,0.999585211277008,0.0004049561102874,1,-0.0003950304080717,0.0004147887229919,0,,,
starbucks,2023-07-10,1.3820447748003062e-05,0.9957615733146667,0.0042246291413903,1,-0.0042108086936423,0.0042384266853332,0,,,
starbucks,2023-07-17,0.0375431245099003,0.8179788718254106,0.1444779592732349,2,-0.1069348347633345,0.1820211281745893,0,,,
starbucks,2023-07-24,5.348709721057313e-07,0.9998729758792452,0.0001264727414107,3,-0.0001259378704385,0.0001270241207547,0,,,
starbucks,2023-07-31,7.8895990516988e-06,0.9294811487197876,0.0705109661212191,3,-0.0705030765221674,0.0705188512802124,0,,,
starbucks,2023-08-07,0.0007376676636662,0.6148506332473415,0.3844116945523031,3,-0.3836740268886368,0.3851493667526585,0,,,
starbucks,2023-08-14,0.000781363329563,0.9950122833251952,0.0042063865345577,4,-0.0034250232049946,0.0049877166748046,0,,,
starbucks,2023-08-21,0.1099016587513672,0.890073271882203,2.5055854962374724e-05,3,0.1098766028964048,0.109926728117797,0,,,
starbucks,2023-08-28,8.871629345819088e-06,0.9985109368960062,0.0014802018880952,6,-0.0014713302587493,0.0014890631039937,0,,,
starbucks,2023-09-04,0.9999268651008606,7.256872413563542e-05,5.127019733208726e-07,2,0.9999263523988872,0.9999274312758644,0,,,
starbucks,2023-09-11,8.180575241567567e-05,0.5308566689491272,0.4690614640712738,1,-0.4689796583188581,0.4691433310508728,0,,,
starbucks,2023-09-18,0.1890289771515245,0.6715379922621523,0.1394330608057208,8,0.0495959163458037,0.3284620077378477,0,,,
starbucks,2023-09-25,0.4204224120420408,0.5466872166508869,0.0328903678557193,5,0.3875320441863214,0.453312783349113,2,-0.0499520755329285,0.6931471805599453,0.0
starbucks,2023-10-02,6.201102096881073e-05,0.9998798668384552,5.8134889837191395e-05,4,3.8761311316193314e-06,0.0001201331615447,0,,,
starbucks,2023-10-16,0.1667284999462606,0.4997655830898869,0.3335059028418072,3,-0.1667774028955465,0.5002344169101132,0,,,
starbucks,2023-10-23,9.252122860440674e-08,0.9999986489613852,1.2360402289838628e-06,3,-1.143519000379456e-06,1.3510386148718467e-06,0,,,
starbucks,2023-10-30,0.350371798273283,0.5788608424641313,0.0707673491336798,5,0.2796044491396031,0.4211391575358687,0,,,
starbucks,2023-11-06,0.1257374440460132,0.8639158952670792,0.0103466255441351,4,0.115390818501878,0.1360841047329207,0,,,
starbucks,2023-11-13,0.0002843012322784,0.9189940152986992,0.080721723211487,4,-0.0804374219792086,0.0810059847013008,0,,,
starbucks,2023-11-20,0.0009788987365311,0.8983210257429164,0.1007000813027616,5,-0.0997211825662304,0.1016789742570836,0,,,
starbucks,2023-11-27,1.754484173943638e-06,0.4999953401666488,0.5000029364171041,2,-0.5000011819329302,0.5000046598333512,0,,,
starbucks,2023-12-04,0.0362180603469358,0.9275978613920786,0.0361840757055936,3,3.398464134213297e-05,0.0724021386079214,0,,,
starbucks,2023-12-11,0.0262957617594531,0.883050730247002,0.0906535263543422,3,-0.0643577645948891,0.116949269752998,0,,,
starbucks,2023-12-18,0.095308818001646,0.8345066963783687,0.0701845073645126,7,0.0251243106371334,0.1654933036216312,0,,,
starbucks,2023-12-25,6.268197694225819e-07,0.9999898672103882,9.585332009010015e-06,2,-8.958512239587435e-06,1.0132789611816406e-05,0,,,
starbucks,2024-01-01,3.974228969620223e-06,0.9919821421305338,0.0080138825169342,3,-0.0080099082879646,0.0080178578694661,0,,,
starbucks,2024-01-08,0.015310443369303,0.8990541520260381,0.0856354008396703,3,-0.0703249574703673,0.1009458479739618,0,,,
starbucks,2024-01-15,0.026543699183481,0.9464503079652786,0.027006032820509,2,-0.0004623336370279,0.0535496920347213,0,,,
starbucks,2024-01-22,0.0002446464854889,0.9967483282089232,0.003006994436267,3,-0.0027623479507781,0.0032516717910766,0,,,
starbucks,2024-01-29,8.935207442917203e-05,0.9910181611776352,0.0088925361415022,4,-0.008803184067073,0.0089818388223648,0,,,
starbucks,2024-02-05,6.467335606430424e-05,0.787475548684597,0.2124598006223095,5,-0.2123951272662452,0.2125244513154029,0,,,
starbucks,2024-02-12,0.0018920131260529,0.606964111328125,0.3911438286304474,1,-0.3892518155043944,0.393035888671875,0,,,
starbucks,2024-02-19,0.0562846166556723,0.6879607396212625,0.2557546362831328,9,-0.1994700196274605,0.3120392603787375,0,,,
starbucks,2024-02-26,0.1825583387481185,0.8004956333035672,0.0169460190423091,6,0.1656123197058094,0.1995043666964328,0,,,
starbucks,2024-03-04,0.0324623603906346,0.89461287373194,0.0729247630598634,3,-0.0404624026692288,0.10538712626806,0,,,
starbucks,2024-03-18,0.0015172704588621,0.0012469667708501,0.9972358345985411,1,-0.9957185641396792,0.99875303322915,0,,,
starbucks,2024-03-25,6.7434561970003415e-06,0.999977707862854,1.549118314869702e-05,1,-8.747726951696677e-06,2.2292137145996097e-05,0,,,
starbucks,2024-04-01,0.0011294817862519,0.7279438607647409,0.2709267065880946,3,-0.2697972248018426,0.272056139235259,0,,,
starbucks,2024-04-08,2.005592268972123e-05,0.99995356798172,2.63095457739837e-05,2,-6.253623084262472e-06,4.64320182800293e-05,0,,,
starbucks,2024-04-15,3.0181774775428497e-05,0.8321478068828583,0.1678219560417346,2,-0.1677917742669592,0.1678521931171417,0,,,
starbucks,2024-04-22,0.171988335351014,0.4956458593107857,0.3323658322180739,5,-0.1603774968670598,0.5043541406892142,0,,,
starbucks,2024-04-29,0.0277890270422605,0.3750555449267052,0.5971554191532454,3,-0.5693663921109848,0.6249444550732948,0,,,
starbucks,2024-05-06,0.0629810718210013,0.3199248387770304,0.6170940736847115,2,-0.5541130018637102,0.6800751612229696,0,,,
starbucks,2024-05-13,0.010773694754917,0.6807445908586184,0.3084817056420282,6,-0.2977080108871111,0.3192554091413816,0,,,
starbucks,2024-05-20,3.0098473473127996e-05,0.9999409914016724,2.8898776790242664e-05,2,1.1996966828853315e-06,5.900859832763672e-05,0,,,
starbucks,2024-05-27,7.41280473448569e-07,0.999992847442627,6.448091426136671e-06,1,-5.706810952688102e-06,7.152557373046875e-06,0,,,
starbucks,2024-06-03,0.0658068331629904,0.2642343492128439,0.6699588415822979,4,-0.6041520084193075,0.7357656507871561,0,,,
starbucks,2024-06-10,0.013909270418212,0.8796474266626118,0.1064432767084263,3,-0.0925340062902143,0.1203525733373882,0,,,
starbucks,2024-06-17,2.096797925332794e-06,0.9999556303024292,4.227517156323302e-05,5,-4.017837363790022e-05,4.4369697570822986e-05,0,,,
starbucks,2024-06-24,6.235113099251066e-05,0.9998950481414794,4.2611476192178086e-05,5,1.9739654800332576e-05,0.0001049518585205,0,,,
starbucks,2024-07-01,1.2196536758324328e-06,0.7790840063244104,0.2209147793538761,2,-0.2209135597002003,0.2209159936755895,2,0.1312933276649346,4.828153711696839,0.0
starbucks,2024-07-15,0.2418535616156471,0.5277979475723287,0.2303484939516124,4,0.0115050676640347,0.4722020524276713,0,,,
starbucks,2024-07-22,6.912064840491894e-07,0.4997768152317974,0.5002224464406027,1,-0.5002217552341186,0.5002231847682026,0,,,
starbucks,2024-07-29,2.682831291167531e-05,0.9998546838760376,0.0001184273933176,1,-9.159908040601294e-05,0.0001453161239624,0,,,
starbucks,2024-08-05,2.1074263258924475e-06,0.9999957084655762,2.1241353351797443e-06,1,-1.6709009287296794e-08,4.291534423828125e-06,2,0.0123219484839864,1.5890269151739729,0.0
starbucks,2024-08-12,0.1881650774584289,0.6076541933740381,0.2041807311351416,7,-0.0160156536767126,0.3923458066259618,2,-0.1544035374590748,2.368099224197248,0.0
starbucks,2024-08-19,0.0586663743418057,0.9197632709061336,0.0215703271411884,6,0.0370960472006172,0.0802367290938663,2,0.0591139607768127,1.666102255087602,0.0
starbucks,2024-08-26,0.0127433928403469,0.8988775992807272,0.0883789869235115,5,-0.0756355940831645,0.1011224007192728,0,,,
starbucks,2024-09-02,0.2057084687405726,0.7877355278658797,0.0065560146196958,5,0.1991524541208768,0.2122644721341202,0,,,
starbucks,2024-09-09,0.0297256856765363,0.9131700610842136,0.0571042488428537,6,-0.0273785631663174,0.0868299389157863,0,,,
starbucks,2024-09-16,0.2506801302734464,0.7335057537269449,0.015814141990601,4,0.2348659882828453,0.266494246273055,0,,,
starbucks,2024-09-23,7.758895037568436e-08,0.9999891519546508,1.0741435289673971e-05,2,-1.0663846339298289e-05,1.0848045349121094e-05,0,,,
starbucks,2024-09-30,2.3598734060215065e-06,8.260484719357919e-06,0.99998939037323,2,-0.999987030499824,0.9999917395152806,0,,,
starbucks,2024-10-07,0.000167790276464,0.0576296932995319,0.9422025084495544,1,-0.9420347181730904,0.942370306700468,0,,,
starbucks,2024-10-14,0.9999654293060304,2.298904837516602e-05,1.1539285878825469e-05,1,0.9999538900201514,0.9999770109516248,0,,,
starbucks,2024-10-21,0.0437064367280252,0.4240850407505352,0.5322085311196033,3,-0.488502094391578,0.5759149592494648,0,,,
starbucks,2024-10-28,0.0291904125300234,0.666651607369858,0.3041579496153245,7,-0.2749675370853011,0.333348392630142,0,,,
starbucks,2024-11-04,0.3254383509338368,0.6732472218573093,0.00131442683778,3,0.3241239240960567,0.3267527781426906,0,,,
starbucks,2024-11-11,0.1948962551719432,0.6530506156384945,0.1520531272502012,5,0.042843127921742,0.3469493843615054,0,,,
starbucks,2024-11-18,7.641469707664328e-05,0.9999102354049684,1.3379384938616568e-05,4,6.303531213802671e-05,8.976459503173828e-05,0,,,
starbucks,2024-11-25,0.0004288170675863,0.99957013130188,9.94135319842826e-07,2,0.0004278229322665,0.0004298686981201,0,,,
starbucks,2024-12-02,0.1685691157332701,0.8006934999599291,0.0307374103896388,15,0.1378317053436312,0.1993065000400709,0,,,
starbucks,2024-12-09,2.1335329165594885e-06,0.0001521562808193,0.9998457431793212,1,-0.9998436096464048,0.9998478437191808,1,0.0290927610660673,9.182352335436017,0.0
starbucks,2024-12-16,0.0017589307533495,0.7499634670184917,0.2482775923458153,3,-0.2465186615924658,0.2500365329815083,0,,,
starbucks,2024-12-23,0.2005029713092728,0.7246476781861434,0.0748493258549853,5,0.1256536454542875,0.2753523218138566,0,,,
tesla,2022-12-26,0.2144205021839411,0.7855015993118286,7.791607845319959e-05,2,0.2143425861054879,0.2144984006881714,0,,,
tesla,2023-01-02,0.1704162130496388,0.3659068399358692,0.4636769394229534,19,-0.2932607263733147,0.6340931600641309,0,,,
tesla,2023-01-09,0.1902196392902129,0.6393387692906483,0.170441575187148,10,0.0197780641030649,0.3606612307093517,0,,,
tesla,2023-01-16,0.0199067434941352,0.8208827127531845,0.1592105462004285,11,-0.1393038027062932,0.1791172872468155,0,,,
tesla,2023-01-23,0.2064820750902343,0.5995666962527589,0.1939512261402354,14,0.0125308489499989,0.400433303747241,0,,,
tesla,2023-01-30,0.1208773404097877,0.7270346329083225,0.1520880314191827,15,-0.0312106910093949,0.2729653670916775,0,,,
tesla,2023-02-06,0.1445021687220064,0.7737306054201394,0.0817672233329784,9,0.0627349453890279,0.2262693945798606,1,0.0690863460185937,3.8918202981106265,0.0
tesla,2023-02-13,0.1471662517135692,0.6291858775265355,0.2236478783837291,19,-0.0764816266701599,0.3708141224734644,0,,,
tesla,2023-02-20,0.0879414675736081,0.7364424494970955,0.1756160931804291,12,-0.087674625606821,0.2635575505029045,0,,,
tesla,2023-02-27,0.1527661007748402,0.5672790720818619,0.2799548146851925,16,-0.1271887139103523,0.4327209279181381,0,,,
tesla,2023-03-06,0.1063156209263332,0.7015056025465519,0.1921787797810337,10,-0.0858631588547005,0.2984943974534481,0,,,
tesla,2023-03-13,0.0009446452896781,0.8604677468538284,0.1385876175831981,4,-0.1376429722935199,0.1395322531461715,0,,,
tesla,2023-03-20,0.0085598043171223,0.9165509453871185,0.0748892642221537,6,-0.0663294599050314,0.0834490546128816,0,,,
tesla,2023-03-27,0.0007660796817361,0.9472527164965868,0.0519811696298233,5,-0.0512150899480872,0.0527472835034131,0,,,
tesla,2023-04-03,0.2136356051306407,0.5865126700825478,0.1998517205046297,15,0.013783884626011,0.4134873299174522,0,,,
tesla,2023-04-10,0.1807053037311976,0.6380613013968267,0.1812333976481633,17,-0.0005280939169657,0.3619386986031733,1,-0.0172823332692075,2.8903717578961645,0.0
tesla,2023-04-17,0.1594850713403872,0.5573056471554819,0.283209280853131,14,-0.1237242095127437,0.4426943528445181,0,,,
tesla,2023-04-24,0.462457160841373,0.5151747172450963,0.0223681334561181,4,0.4400890273852548,0.4848252827549036,0,,,
tesla,2023-05-01,0.1152602093477492,0.8659186041989916,0.0188211625039174,5,0.0964390468438318,0.1340813958010084,0,,,
tesla,2023-05-08,0.0628505099897266,0.8088390900278489,0.1283104020712527,14,-0.065459892081526,0.191160909972151,0,,,
tesla,2023-05-15,0.1321276642922949,0.8012565245370058,0.0666158150613678,9,0.065511849230927,0.1987434754629942,0,,,
tesla,2023-05-22,0.088484273380893,0.7792623333052688,0.1322534201182762,8,-0.0437691467373831,0.2207376666947311,0,,,
tesla,2023-05-29,9.576802756294271e-05,0.7825382578311931,0.2173659436930095,7,-0.2172701756654465,0.2174617421688068,0,,,
tesla,2023-06-05,0.2942612395109426,0.6909719168840591,0.0147668456412197,8,0.2794943938697229,0.3090280831159409,0,,,
tesla,2023-06-12,0.0439550355408464,0.9127696383567084,0.0432753203044848,7,0.0006797152363616,0.0872303616432915,0,,,
tesla,2023-06-19,0.3831862723096974,0.3667941620367084,0.2500195590819072,4,0.1331667132277901,0.6332058379632916,0,,,
tesla,2023-06-26,0.0974415482451803,0.6447593401565267,0.2577990940058783,15,-0.160357545760698,0.3552406598434733,0,,,
tesla,2023-07-03,0.2883603673412694,0.5383448516824224,0.1732947709860048,12,0.1150655963552645,0.4616551483175776,0,,,
tesla,2023-07-10,0.0205670361510783,0.7303485387237743,0.2490844296953582,4,-0.2285173935442799,0.2696514612762257,0,,,
tesla,2023-07-17,0.1279294815914057,0.6266154248916007,0.2454550879272246,15,-0.1175256063358189,0.3733845751083993,0,,,
tesla,2023-07-24,0.0009749916433047,0.920349857032668,0.0786751703018536,8,-0.0777001786585488,0.0796501429673319,0,,,
tesla,2023-07-31,0.5033810208990843,0.2534181140945293,0.2432009050947954,4,0.2601801158042889,0.7465818859054707,0,,,
tesla,2023-08-07,0.0846823055446885,0.5800576119677612,0.3352600756860579,9,-0.2505777701413694,0.4199423880322388,2,-0.0838645685871597,0.6931471805599453,0.0
tesla,2023-08-14,0.0692785523180743,0.6609120213273465,0.2698094340567012,10,-0.2005308817386269,0.3390879786726535,0,,,
tesla,2023-08-21,0.149279202482874,0.5526905023316065,0.2980302960700182,8,-0.1487510935871442,0.4473094976683934,0,,,
tesla,2023-08-28,0.3090548359287249,0.5324984312593528,0.1584467332187808,7,0.1506081027099441,0.4675015687406472,0,,,
tesla,2023-09-04,0.0531589787642329,0.5890211361165153,0.3578198815942727,6,-0.3046609028300397,0.4109788638834847,0,,,
tesla,2023-09-11,0.25920068863344,0.51894647666129,0.2218528344564379,14,0.037347854177002,0.48105352333871,0,,,
tesla,2023-09-18,0.2306001961052614,0.6464681924994795,0.1229316088556216,11,0.1076685872496398,0.3535318075005205,0,,,
tesla,2023-09-25,0.1056701805316689,0.5902831079668734,0.3040467107433768,9,-0.1983765302117079,0.4097168920331265,0,,,
tesla,2023-10-02,0.0471577864751132,0.6290363780137381,0.3238058122835348,6,-0.2766480258084215,0.3709636219862618,0,,,
tesla,2023-10-09,0.0533326268042159,0.9077308673700828,0.0389365024721087,4,0.0143961243321072,0.0922691326299173,0,,,
tesla,2023-10-16,0.0851159438348133,0.533462726533727,0.3814213326018946,8,-0.2963053887670813,0.466537273466273,0,,,
tesla,2023-10-23,0.0314211940857817,0.7916681066527236,0.176910705212735,14,-0.1454895111269533,0.2083318933472764,0,,,
tesla,2023-10-30,0.2969538268343588,0.5259989840124709,0.1770471940042886,9,0.1199066328300701,0.4740010159875291,0,,,
tesla,2023-11-06,0.1445393522135131,0.5675914759072922,0.2878691764335634,8,-0.1433298242200503,0.4324085240927078,0,,,
tesla,2023-11-13,0.0066766451124595,0.9640539276378438,0.0292694332985382,14,-0.0225927881860786,0.0359460723621561,0,,,
tesla,2023-11-20,0.0055546520877053,0.8527854181666044,0.1416599464347427,6,-0.1361052943470374,0.1472145818333956,0,,,
tesla,2023-11-27,0.2114333847503676,0.615928286184747,0.1726383196854428,16,0.0387950650649247,0.3840717138152529,1,0.0230446974351394,0.6931471805599453,0.0
tesla,2023-12-04,0.0633631566443714,0.7481597801486498,0.188477046396711,6,-0.1251138897523396,0.2518402198513502,0,,,
tesla,2023-12-11,0.0988633449380348,0.5779508789899392,0.3231857810856902,7,-0.2243224361476553,0.4220491210100607,0,,,
tesla,2023-12-18,0.1905017746485642,0.621166149452414,0.1883320669406519,3,0.0021697077079122,0.378833850547586,0,,,
tesla,2023-12-25,0.1550718916288065,0.7210990190365408,0.123829086306351,11,0.0312428053224554,0.2789009809634591,0,,,
tesla,2024-01-01,0.1315500726018137,0.463975365393159,0.4044745652953773,8,-0.2729244926935635,0.536024634606841,0,,,
tesla,2024-01-08,0.2285856833500081,0.2733347754791144,0.4980795524010708,5,-0.2694938690510627,0.7266652245208856,0,,,
tesla,2024-01-15,0.0208698748794082,0.6597524965204064,0.3193776309739843,10,-0.2985077560945761,0.3402475034795936,1,0.0541435681986968,0.6931471805599453,0.0
tesla,2024-01-22,0.132704217442672,0.6008136993819302,0.2664820824910983,9,-0.1337778650484263,0.3991863006180698,0,,,
tesla,2024-01-29,0.1012904508104453,0.6730886597728325,0.2256209004060048,11,-0.1243304495955595,0.3269113402271675,0,,,
tesla,2024-02-05,0.0759814821577898,0.7142460575869116,0.2097724621062527,8,-0.1337909799484629,0.2857539424130884,0,,,
tesla,2024-02-12,0.0821791282358019,0.5242483593973344,0.3935725123190943,7,-0.3113933840832924,0.4757516406026656,0,,,
tesla,2024-02-19,0.048525956452651,0.6211808974097981,0.330293147114951,9,-0.2817671906622999,0.3788191025902019,0,,,
tesla,2024-02-26,0.0228846843334462,0.803325966352559,0.173789332882288,12,-0.1509046485488418,0.1966740336474409,0,,,
tesla,2024-03-04,0.0627443383350909,0.6397069708522651,0.2975486952034324,10,-0.2348043568683415,0.3602930291477348,0,,,
tesla,2024-03-11,0.2248381271669576,0.5840342006110556,0.1911276657422796,9,0.0337104614246779,0.4159657993889444,2,0.0334928659449786,0.6931471805599453,0.0
tesla,2024-03-18,0.1588812685025421,0.7215663587367241,0.1195523974883893,8,0.0393288710141528,0.2784336412632758,2,-0.0362818362502821,0.6931471805599453,0.0
tesla,2024-03-25,0.2503512266759638,0.5094216006909086,0.2402271803428881,14,0.0101240463330756,0.4905783993090914,0,,,
tesla,2024-04-01,0.1210067847191354,0.583385147620176,0.2956080596955515,11,-0.174601274976416,0.416614852379824,0,,,
tesla,2024-04-08,0.1692860470407572,0.5429722409461553,0.2877417031859955,9,-0.1184556561452382,0.4570277590538447,0,,,
tesla,2024-04-15,0.0639505256157178,0.4772810822848111,0.4587684070215521,11,-0.3948178814058343,0.5227189177151889,0,,,
tesla,2024-04-22,0.3267961253913221,0.5125774019430298,0.1606264808317376,9,0.1661696445595844,0.4874225980569702,0,,,
tesla,2024-04-29,0.2906019195352484,0.660889228807408,0.0485088492974105,8,0.2420930702378378,0.339110771192592,0,,,
tesla,2024-05-06,0.1131855047759097,0.8494562726021752,0.0373582210146276,9,0.075827283761282,0.1505437273978248,0,,,
tesla,2024-05-13,0.1279586749524229,0.8328448053700586,0.0391965158653172,14,0.0887621590871057,0.1671551946299414,0,,,
tesla,2024-05-20,0.0585833808067326,0.7620447362192238,0.1793718734764063,9,-0.1207884926696737,0.2379552637807762,0,,,
tesla,2024-05-27,0.122303239495513,0.7750745498479729,0.1026222104965677,7,0.0196810289989452,0.2249254501520271,0,,,
tesla,2024-06-03,0.0936926538041157,0.7048167399309545,0.2014906124114474,10,-0.1077979586073316,0.2951832600690455,0,,,
tesla,2024-06-10,0.0787383035851385,0.7324048631763996,0.1888568262614057,21,-0.1101185226762672,0.2675951368236003,0,,,
tesla,2024-06-17,0.0036499167377227,0.4967061881176846,0.4996439150005092,3,-0.4959939982627865,0.5032938118823154,1,-0.0487864800197712,0.6931471805599453,0.0
tesla,2024-06-24,0.2000526311802711,0.2763203040254363,0.5236270643400227,5,-0.3235744331597516,0.7236796959745637,0,,,
tesla,2024-07-01,0.266534578882128,0.5146785773339695,0.2187868606191182,8,0.0477477182630097,0.4853214226660305,0,,,
tesla,2024-07-08,0.2658752572067681,0.5204719432127373,0.2136528116754607,5,0.0522224455313073,0.4795280567872627,2,-0.062200289190514,3.28122204684686,0.0
tesla,2024-07-15,0.1490203410885942,0.7295005205063811,0.1214791591002354,10,0.0275411819883587,0.2704994794936188,4,-0.0090835499485422,3.1834211468490556,0.0
tesla,2024-07-22,0.1551632624402384,0.4983111467143734,0.3465255944657796,17,-0.1913623320255411,0.5016888532856266,0,,,
tesla,2024-07-29,0.1331652404679719,0.614333227150252,0.2525015182781913,14,-0.1193362778102193,0.385666772849748,2,0.0938696247867483,1.7631802623080808,0.0
tesla,2024-08-05,0.1871220746512994,0.5203640684360432,0.2925138761261244,8,-0.1053918014748249,0.4796359315639568,6,-0.001886292597048,0.9917737587646211,0.0
tesla,2024-08-12,0.0003237761546308,0.7332582626757878,0.2664179667559563,7,-0.2660941906013255,0.2667417373242122,6,-0.0722227360732148,2.4392532396856343,0.0
tesla,2024-08-19,0.0317640175155017,0.8884817402737301,0.07975422192894,9,-0.0479902044134383,0.1115182597262699,6,-0.0006975384577367,2.0296121951680792,0.0
tesla,2024-08-26,0.02952766859273,0.7090077269043482,0.2614645973889104,9,-0.2319369287961804,0.2909922730956518,0,,,
tesla,2024-09-02,0.3131737027674625,0.6815118711334345,0.0053144290929584,8,0.307859273674504,0.3184881288665655,2,0.1328946770200616,1.039720770839918,0.0
tesla,2024-09-09,0.227555525097458,0.6794840866818355,0.0929603724542773,5,0.1345951526431807,0.3205159133181645,2,0.0064756270289763,0.6931471805599453,0.0
tesla,2024-09-16,0.0363809989151774,0.9190334080032704,0.0445855762862111,7,-0.0082045773710337,0.0809665919967296,6,-0.0127660859104021,1.3275909288549987,0.0
tesla,2024-09-23,0.20021873909233,0.778938374349086,0.0208428688097575,5,0.1793758702825724,0.221061625650914,0,,,
tesla,2024-09-30,0.0385118315123112,0.5641861885805377,0.3973019725626571,9,-0.3587901410503459,0.4358138114194623,0,,,
tesla,2024-10-07,0.0898469390722131,0.7373159138608415,0.1728371327440727,7,-0.0829901936718595,0.2626840861391585,0,,,
tesla,2024-10-14,0.2162180743959714,0.6428357931245979,0.1409461496208029,12,0.0752719247751685,0.357164206875402,0,,,
tesla,2024-10-21,0.1782794907479691,0.4530614700814345,0.36865905445888,7,-0.1903795637109108,0.5469385299185654,3,0.0720747311974747,2.9365214177847165,0.0
tesla,2024-10-28,0.1860548274291986,0.7718652538781045,0.0420799105223342,13,0.1439749169068643,0.2281347461218955,0,,,
tesla,2024-11-04,0.2711398961172509,0.6520422240562826,0.0768178835607355,18,0.1943220125565153,0.3479577759437173,0,,,
tesla,2024-11-11,0.1751284124370411,0.6059001832883708,0.2189713995698766,15,-0.0438429871328354,0.3940998167116292,1,0.0243950840886668,4.0943445622221,0.0
tesla,2024-11-18,0.0831330824398581,0.7483303238453772,0.1685365868238782,13,-0.08540350438402,0.2516696761546227,1,-0.231023102591962,0.6931471805599453,0.0
tesla,2024-11-25,0.0449652953466109,0.7809348957795276,0.1740998165437977,12,-0.1291345211971867,0.2190651042204724,0,,,
tesla,2024-12-02,0.0201512460222075,0.8355861039366894,0.1442626516419358,14,-0.1241114056197283,0.1644138960633105,1,-0.0519677791475032,8.147288258706624,0.0
tesla,2024-12-09,0.2379877860450661,0.7021800129701984,0.0598322049192329,13,0.1781555811258332,0.2978199870298016,1,-0.0743431016778686,6.413458957167357,0.0
tesla,2024-12-16,0.0797110431371776,0.5125200707865819,0.4077688803340942,13,-0.3280578371969165,0.4874799292134181,1,0.1891726369728488,0.6931471805599453,0.0
tesla,2024-12-23,0.3824539494777066,0.486340587282384,0.1312054628216978,12,0.2512484866560087,0.513659412717616,4,0.3015330658080071,2.719700406214936,0.0
tesla,2024-12-30,0.0799616497369343,0.865770264470956,0.0542681007064803,5,0.0256935490304539,0.134229735529044,0,,,
toyota,2023-01-02,0.0075884204141105,0.6388001123582671,0.3536114511524692,6,-0.3460230307383586,0.3611998876417329,0,,,
toyota,2023-01-09,0.2291529544344247,0.7052984289187311,0.0655486078288669,5,0.1636043466055577,0.2947015710812689,0,,,
toyota,2023-01-16,5.490344847203232e-06,0.9997856318950652,0.0002088813635054,2,-0.0002033910186582,0.0002143681049346,0,,,
toyota,2023-01-23,0.1885398079803781,0.6861616855166817,0.1252985344924,1,0.0632412734879781,0.3138383144833183,0,,,
toyota,2023-01-30,1.963667176596573e-05,0.3659182658465075,0.6340620969072669,6,-0.6340424602355009,0.6340817341534926,0,,,
toyota,2023-02-06,3.1054537430463824e-07,0.9999980926513672,1.5688920029788278e-06,1,-1.2583466286741896e-06,1.9073486328125e-06,0,,,
toyota,2023-02-13,0.0511870730553841,0.6918395770895571,0.2569733492491681,4,-0.2057862761937839,0.3081604229104429,0,,,
toyota,2023-02-20,5.778629400765567e-06,0.9995011488596598,0.0004930739796691,2,-0.0004872953502683,0.0004988511403402,0,,,
toyota,2023-02-27,2.3729931797333847e-06,0.9999873340129852,1.027246344165178e-05,4,-7.899470261918395e-06,1.2665987014770508e-05,0,,,
toyota,2023-03-06,5.287228759698337e-06,0.9999310970306396,6.362594285747036e-05,1,-5.8338714097772026e-05,6.890296936035156e-05,0,,,
toyota,2023-03-13,0.2288592908537339,0.7710747234523296,6.59595784782141e-05,2,0.2287933312752557,0.2289252765476703,0,,,
toyota,2023-03-20,0.0005146624626831,0.7223399676093323,0.2771453852532431,5,-0.27663072279056,0.2776600323906677,0,,,
toyota,2023-03-27,0.9997208714485168,0.0002789110294543,2.6081835358127137e-07,1,0.9997206106301632,0.9997210889705456,0,,,
toyota,2023-04-03,7.906390237621963e-06,1.3603850845811396e-07,0.9999920129776,1,-0.9999841065873624,0.9999998639614917,0,,,
toyota,2023-04-10,4.2582956420271025e-08,0.9999996821085612,3.6417584207508e-07,3,-3.215928856548089e-07,3.1789143883909077e-07,0,,,
toyota,2023-04-17,0.3201185799872519,0.5831782318824423,0.0967031792639545,4,0.2234154007232973,0.4168217681175576,0,,,
toyota,2023-04-24,0.000471425757778,0.7308820726830163,0.2686465026157805,4,-0.2681750768580024,0.2691179273169837,0,,,
toyota,2023-05-01,0.0001093654956586,0.9994537949562072,0.000436859145816,3,-0.0003274936501573,0.0005462050437926,0,,,
toyota,2023-05-08,2.653261197416157e-06,0.9994869232177734,0.0005104633286237,2,-0.0005078100674262,0.0005130767822265,0,,,
toyota,2023-05-15,4.346935061979214e-06,0.9993868668874104,0.0006087886882445,3,-0.0006044417531825,0.0006131331125894,0,,,
toyota,2023-05-22,0.1269269928903895,0.871943362057209,0.0011296806751488,4,0.1257973122152407,0.1280566379427909,0,,,
toyota,2023-05-29,0.4999293661983853,0.5000316928608906,3.894511011566237e-05,4,0.4998904210882697,0.4999683071391094,0,,,
toyota,2023-06-12,0.1377740340220992,0.6432995082887543,0.2189264637389216,4,-0.0811524297168224,0.3567004917112457,0,,,
toyota,2023-06-19,7.3408138234754e-08,0.999994158744812,5.752289894189744e-06,2,-5.67888175595499e-06,5.841255187988281e-06,0,,,
toyota,2023-06-26,0.0355505048628105,0.9445118521522292,0.0199376644430916,2,0.0156128404197188,0.0554881478477709,0,,,
toyota,2023-07-03,0.1268509004604254,0.8729905495120074,0.0001585886936013,4,0.1266923117668241,0.1270094504879926,0,,,
toyota,2023-07-17,0.0286907742228774,0.9661410685722684,0.0051681703980174,6,0.0235226038248599,0.0338589314277316,0,,,
toyota,2023-07-24,0.0002301307504239,0.4999471772762263,0.4998226173847797,2,-0.4995924866343557,0.5000528227237737,0,,,
toyota,2023-07-31,0.0039157388671734,0.5034719549197083,0.4926123088355704,6,-0.4886965699683969,0.4965280450802917,0,,,
toyota,2023-08-07,0.0031706816182293,0.500134831876494,0.4966945272162775,2,-0.4935238455980482,0.499865168123506,0,,,
toyota,2023-08-14,7.368387201722726e-06,0.7674314677715302,0.2325611933713958,4,-0.232553824984194,0.2325685322284698,0,,,
toyota,2023-08-21,9.496191921698482e-08,0.9999116659164428,8.82178853013708e-05,3,-8.812292338215381e-05,8.83340835571289e-05,0,,,
toyota,2023-08-28,0.5431642311537112,0.3866094491676348,0.0702262839852968,6,0.4729379471684143,0.6133905508323652,0,,,
toyota,2023-09-04,0.0775813994539462,0.7705164327223609,0.1519021536676281,3,-0.0743207542136819,0.229483567277639,0,,,
toyota,2023-09-11,0.0024259515133356,0.663909781425294,0.3336642887516063,6,-0.3312383372382707,0.336090218574706,0,,,
toyota,2023-09-18,0.2501095663468291,0.7491930175856396,0.0006974572006583,4,0.2494121091461707,0.2508069824143604,0,,,
toyota,2023-09-25,0.0041982927750723,0.9957521259784698,4.9632854370429413e-05,2,0.0041486599207019,0.0042478740215301,0,,,
toyota,2023-10-02,0.0011434349203606,0.944581113755703,0.0542754520294389,4,-0.0531320171090783,0.055418886244297,0,,,
toyota,2023-10-16,0.1117009916567723,0.7001258274540305,0.1881732067340256,6,-0.0764722150772533,0.2998741725459695,0,,,
toyota,2023-10-23,0.0687132992054828,0.8592924401732273,0.0719942565839942,7,-0.0032809573785113,0.1407075598267727,0,,,
toyota,2023-10-30,0.00907562168818,0.914960503578186,0.0759638742747483,5,-0.0668882525865683,0.0850394964218139,0,,,
toyota,2023-11-06,1.3428371516965854e-06,0.999945342540741,5.324165067577269e-05,2,-5.1898813524076104e-05,5.46574592590332e-05,0,,,
toyota,2023-11-13,0.1070451334390847,0.7386785260401666,0.1542763444246891,10,-0.0472312109856044,0.2613214739598334,0,,,
toyota,2023-11-20,0.0008374438372255,0.8497337872783343,0.1494287238450245,3,-0.1485912800077989,0.1502662127216657,0,,,
toyota,2023-11-27,0.0229866912440182,0.9687227527300516,0.0082905210134792,3,0.0146961702305389,0.0312772472699482,0,,,
toyota,2023-12-11,0.0736711406450899,0.7222301470625098,0.204098746523293,5,-0.1304276058782031,0.2777698529374902,0,,,
toyota,2023-12-18,0.0109513669653172,0.7136630285220842,0.2753856024787637,5,-0.2644342355134464,0.2863369714779158,0,,,
toyota,2023-12-25,1.3483409588843642e-07,0.9999865293502808,1.3341940757527482e-05,1,-1.3207106661639044e-05,1.347064971923828e-05,0,,,
toyota,2024-01-01,0.9999991655349731,6.979686872909951e-07,7.172674543198809e-08,1,0.9999990938082276,0.9999993020313128,0,,,
toyota,2024-01-08,7.024759361229371e-05,0.9993824362754822,0.0005473566925502,2,-0.0004771090989379,0.0006175637245178,0,,,
toyota,2024-01-15,0.067631969359735,0.7913534928033187,0.141014530237625,4,-0.0733825608778899,0.2086465071966813,0,,,
toyota,2024-01-22,0.9999970197677612,2.037125796050532e-06,9.667671747592976e-07,1,0.9999960530005864,0.999997962874204,0,,,
toyota,2024-01-29,0.0001475402189043,0.432104528182078,0.5677479043183017,1,-0.5676003640993973,0.5678954718179219,0,,,
toyota,2024-02-05,1.7895883506942785e-06,0.9998663862546284,0.0001318535023528,3,-0.0001300639140022,0.0001336137453714,0,,,
toyota,2024-02-12,7.756692317191968e-06,0.999960740407308,3.151888828748876e-05,3,-2.3762195970296787e-05,3.925959269202029e-05,0,,,
toyota,2024-02-19,0.1268326177413129,0.4725665909089457,0.4006007747970557,5,-0.2737681570557427,0.5274334090910543,0,,,
toyota,2024-02-26,0.0814557735675721,0.8366509416033274,0.0818933057456684,3,-0.0004375321780962,0.1633490583966725,0,,,
toyota,2024-03-04,3.4267570754309418e-06,0.9965707659721376,0.0034258218947798,2,-0.0034223951377043,0.0034292340278625,0,,,
toyota,2024-03-11,0.1643750959885916,0.5803147951269381,0.2553101080105025,3,-0.0909350120219108,0.4196852048730619,0,,,
toyota,2024-03-18,0.2580840871579792,0.6065770082345638,0.1353389062880894,9,0.1227451808698897,0.3934229917654361,0,,,
toyota,2024-03-25,0.1097259445876897,0.8525124855676601,0.0377615931281511,3,0.0719643514595385,0.1474875144323398,0,,,
toyota,2024-04-01,0.166681699695142,0.832679136296998,0.0006391340341457,6,0.1660425656609963,0.167320863703002,0,,,
toyota,2024-04-08,0.2953819032456374,0.6990181340148583,0.0055999188706437,7,0.2897819843749937,0.3009818659851416,0,,,
toyota,2024-04-15,0.012341939740633,0.7463002800941467,0.2413578145598194,2,-0.2290158748191864,0.2536997199058532,0,,,
toyota,2024-04-22,1.447397666412245e-06,0.9999431239234076,5.5400610007281e-05,3,-5.3953212340868755e-05,5.6876076592327074e-05,0,,,
toyota,2024-04-29,1.4093103160917052e-06,0.9592300057411194,0.0407685744369871,5,-0.040767165126671,0.0407699942588806,0,,,
toyota,2024-05-06,0.0854039237082356,0.8136063446046131,0.1009897237168316,5,-0.015585800008596,0.1863936553953868,0,,,
toyota,2024-05-13,0.500103879305243,0.4998949646144421,1.1618566482241022e-06,4,0.5001027174485948,0.5001050353855578,0,,,
toyota,2024-05-20,0.0019265183010199,0.9705785810947418,0.0274949125724219,4,-0.025568394271402,0.0294214189052581,1,0.0457738557219542,0.6931471805599453,0.0
toyota,2024-06-03,0.4914877320574556,0.266621054431198,0.2418912180052757,5,0.2495965140521799,0.733378945568802,0,,,
toyota,2024-06-10,0.141763435457308,0.8105077122533052,0.0477288793074321,5,0.0940345561498758,0.1894922877466948,0,,,
toyota,2024-06-17,0.0915225203173366,0.6636945745991458,0.2447828975560626,3,-0.153260377238726,0.3363054254008542,0,,,
toyota,2024-06-24,0.5000053413255046,0.0776815018593932,0.422313154811738,1,0.0776921865137665,0.9223184981406068,0,,,
toyota,2024-07-01,0.3335071060621177,0.6664688346418914,2.4086646770942683e-05,3,0.3334830194153468,0.3335311653581085,0,,,
toyota,2024-07-08,0.3430703876413521,0.6538239486402517,0.0031056597885405,3,0.3399647278528116,0.3461760513597482,0,,,
toyota,2024-07-15,4.546639377167594e-05,0.9932202498118082,0.0067342489528527,3,-0.0066887825590811,0.0067797501881917,0,,,
toyota,2024-07-29,0.4583147174120167,0.491269021693268,0.0504162755037969,8,0.4078984419082198,0.508730978306732,0,,,
toyota,2024-08-05,1.0,8.565923970138556e-09,3.29772014140417e-08,1,0.9999999670227986,0.999999991434076,0,,,
toyota,2024-08-12,1.727004232066065e-06,0.9999115765094756,8.671379148950109e-05,2,-8.498678725743503e-05,8.842349052429199e-05,0,,,
toyota,2024-08-19,2.362334010778492e-06,0.9999710321426392,2.659310147616149e-05,3,-2.4230767465382996e-05,2.8967857360839844e-05,0,,,
toyota,2024-08-26,0.0008179281677769,0.7920145317912102,0.2071675113143101,2,-0.2063495831465331,0.2079854682087898,0,,,
toyota,2024-09-02,0.0002544324599398,0.7517178485868499,0.2480276914943715,4,-0.2477732590344317,0.2482821514131501,0,,,
toyota,2024-09-09,1.3439152724004089e-07,0.9999946355819702,5.2730920288013294e-06,1,-5.1387005015612885e-06,5.364418029785156e-06,2,-0.1498443188611418,1.039720770839918,0.0
toyota,2024-09-16,0.0013211973383325,0.998530646165212,0.0001481476583649,1,0.0011730496799676,0.0014693538347879,0,,,
toyota,2024-09-23,6.654619253367854e-05,0.9997031641006467,0.0002303163510237,5,-0.00016377015849,0.0002968358993531,0,,,
toyota,2024-09-30,0.0313557545242551,0.6557725479528038,0.3128717007058055,8,-0.2815159461815504,0.3442274520471962,2,0.2588443718440771,4.134365916058869,0.0
toyota,2024-10-07,0.0025080949115363,0.9959360480308532,0.0015558425569906,5,0.0009522523545456,0.0040639519691467,4,0.332833059033419,2.854697648554888,1.0
toyota,2024-10-14,0.085143695651517,0.7743873741459005,0.1404689319839653,3,-0.0553252363324482,0.2256126258540994,2,0.1029792592679825,1.545521226679158,0.0
toyota,2024-10-21,8.2034881643267e-07,0.9999868869781494,1.225960295414552e-05,2,-1.1439254137712853e-05,1.3113021850585938e-05,1,0.2519145056903653,0.6931471805599453,0.0
toyota,2024-10-28,0.0002236692877346,0.9997306019067764,4.574204882601407e-05,4,0.0001779272389086,0.0002693980932235,0,,,
toyota,2024-11-04,0.0077785704261259,0.5000022021999939,0.4922192371757319,2,-0.4844406667496059,0.4999977978000061,0,,,
toyota,2024-11-11,6.544886446135934e-07,5.110767347105138e-07,0.9999988079071044,1,-0.99999815341846,0.9999994889232652,0,,,
toyota,2024-11-18,1.733805632397889e-07,0.9999887347221376,1.1063521469623083e-05,2,-1.0890140906383294e-05,1.1265277862548828e-05,0,,,
toyota,2024-11-25,6.730885398080015e-06,0.6687915885510544,0.331201666919848,3,-0.3311949360344499,0.3312084114489456,0,,,
toyota,2024-12-02,0.0221206171560383,0.6256253353764588,0.3522540563320211,3,-0.3301334391759827,0.3743746646235412,0,,,
toyota,2024-12-09,0.2718351000507795,0.6398790735466819,0.0882858337786589,6,0.1835492662721204,0.360120926453318,0,,,
toyota,2024-12-16,0.0078136347992767,0.9921738505363464,1.2530515618891512e-05,2,0.0078011042836578,0.0078261494636535,0,,,
toyota,2024-12-23,0.1273136033500951,0.8725804196936744,0.0001059630382574,7,0.1272076403118376,0.1274195803063256,0,,,
ups,2023-01-02,3.769092083416581e-05,0.9998124639193215,0.0001498501210714,1,-0.0001121592002372,0.0001875360806783,0,,,
ups,2023-02-20,1.5350979798730197e-05,0.9829150438308716,0.0170695652758468,1,-0.017054214296048,0.0170849561691284,0,,,
ups,2023-03-06,1.012031589198159e-05,0.0999280884861946,0.9000617861747742,1,-0.9000516658588822,0.9000719115138054,0,,,
ups,2023-03-13,2.667298723224576e-06,0.9999923706054688,5.023421664418493e-06,4,-2.3561229411939166e-06,7.62939453125e-06,0,,,
ups,2023-03-20,2.592142607227288e-07,0.9999984502792358,1.345104578831524e-06,1,-1.0858903181087951e-06,1.5497207641601562e-06,0,,,
ups,2023-04-24,0.1488572657108307,0.8508379459381104,0.0003048055805265,1,0.1485524601303041,0.1491620540618896,0,,,
ups,2023-05-15,0.0001213759591488,0.992876852552096,0.0070017693625838,3,-0.0068803934034349,0.0071231474479039,0,,,
ups,2023-06-05,8.937628990679514e-06,0.999980092048645,1.096545202017296e-05,1,-2.0278230294934474e-06,1.990795135498047e-05,0,,,
ups,2023-06-12,0.0241468331815064,0.6663742923815684,0.3094788705906414,1,-0.285332037409135,0.3336257076184316,0,,,
ups,2023-06-26,3.670200021588243e-05,0.6936532258987427,0.3063099980354309,1,-0.306273296035215,0.3063467741012573,0,,,
ups,2023-07-03,0.0357708117068544,0.4044155636775986,0.5598136283928494,2,-0.5240428166859951,0.5955844363224014,0,,,
ups,2023-07-10,0.0001412052866782,0.3728133825638942,0.6270454334806175,4,-0.6269042281939392,0.6271866174361058,0,,,
ups,2023-07-17,0.0349339147388254,0.5164669030231028,0.4485991834455293,5,-0.4136652687067039,0.4835330969768971,0,,,
ups,2023-07-24,0.091416858240425,0.5889395599126799,0.3196435743620441,5,-0.228226716121619,0.4110604400873201,0,,,
ups,2023-07-31,0.1000291496645597,0.3996014032980194,0.5003694719393025,5,-0.4003403222747427,0.6003985967019806,0,,,
ups,2023-08-07,1.141522121272942e-07,0.999993622303009,6.280450236317847e-06,2,-6.166298024190553e-06,6.377696990966797e-06,0,,,
ups,2023-08-14,3.415658284211531e-05,0.9998781681060792,8.766203245613724e-05,1,-5.350544961402193e-05,0.0001218318939208,0,,,
ups,2023-08-21,0.105407798791227,0.5587193609029175,0.3358728209972582,2,-0.2304650222060312,0.4412806390970825,0,,,
ups,2023-09-18,0.0851505294296544,0.164483937100158,0.7503654773172457,4,-0.6652149478875913,0.8355160628998419,0,,,
ups,2023-09-25,2.4117003704304807e-05,0.999969244003296,6.713599759677891e-06,1,1.7403403944626916e-05,3.075599670410156e-05,0,,,
ups,2023-10-09,0.000455882572055,0.9071054759612404,0.0924386102066894,3,-0.0919827276346344,0.0928945240387596,0,,,
ups,2023-10-23,0.5000000405206748,2.2394238463618876e-08,0.4999999432404132,1,9.728026162392213e-08,0.9999999776057616,0,,,
ups,2023-10-30,1.2307247743592598e-05,0.9987499713897704,0.0012377790408208,2,-0.0012254717930773,0.0012500286102294,0,,,
ups,2023-11-06,8.250112273344712e-07,0.9999970197677612,2.204755674029002e-06,2,-1.3797444466945308e-06,2.9802322387695312e-06,0,,,
ups,2023-11-20,1.4091848502317816e-05,0.972071260213852,0.0279146853703196,2,-0.0279005935218172,0.027928739786148,0,,,
ups,2023-12-04,2.4255567950604014e-05,0.4918708659351978,0.5081048784777522,1,-0.5080806229098016,0.5081291340648022,0,,,
ups,2023-12-18,0.0062395223117164,0.9936651885509492,9.52947095811396e-05,2,0.0061442276021352,0.0063348114490509,0,,,
ups,2024-01-01,9.629546184442006e-06,0.9990848302841188,0.00090551370522,1,-0.0008958841590356,0.0009151697158813,0,,,
ups,2024-01-08,5.539659923670115e-06,0.9998856484889984,0.0001087856617232,2,-0.0001032460017995,0.0001143515110015,0,,,
ups,2024-01-22,5.18270076099725e-06,0.9999139904975892,8.083698048721999e-05,2,-7.565427972622274e-05,8.600950241088867e-05,3,-0.2037011406243891,0.9241962407465936,1.0
ups,2024-01-29,0.0459430582062012,0.4721092668254148,0.4819476593811234,3,-0.4360046011749222,0.5278907331745852,0,,,
ups,2024-02-19,0.0014060210669413,0.0165802929550409,0.9820136427879332,1,-0.980607621720992,0.9834197070449592,0,,,
ups,2024-02-26,3.481668272797833e-06,0.999426007270813,0.0005705159856006,1,-0.0005670343173278,0.000573992729187,0,,,
ups,2024-04-01,2.240861736169109e-05,0.999962031841278,1.5531099705867746e-05,1,6.87751765582334e-06,3.796815872192383e-05,0,,,
ups,2024-04-08,0.0011383812581525,0.8726733525594076,0.1261882718678843,3,-0.1250498906097317,0.1273266474405924,2,0.1153699892952602,0.6931471805599453,0.0
ups,2024-05-27,0.1454043166975683,0.5697272799500745,0.2848684247419211,4,-0.1394641080443527,0.4302727200499254,0,,,
ups,2024-06-03,2.0582192519214004e-05,0.1548570692539215,0.8451223373413086,1,-0.8451017551487894,0.8451429307460785,0,,,
ups,2024-06-17,0.0017288906983594,0.9897678047418594,0.0085032957417752,4,-0.0067744050434157,0.0102321952581405,0,,,
ups,2024-06-24,0.233781593255312,0.7659415248781443,0.0002769029928373,2,0.2335046902624746,0.2340584751218557,0,,,
ups,2024-07-15,0.000182347925147,0.0006514117121696,0.9991662502288818,1,-0.9989839023037348,0.9993485882878304,0,,,
ups,2024-07-22,5.392066896092729e-06,0.510125076301021,0.489869524291862,2,-0.4898641322249659,0.489874923698979,0,,,
ups,2024-08-05,,,,0,,,1,-0.0179222888945957,0.6931471805599453,0.0
ups,2024-08-19,,,,0,,,2,-0.0379336809783126,1.039720770839918,0.0
ups,2024-09-02,,,,0,,,1,-0.2980065287242723,0.6931471805599453,0.0
ups,2024-09-09,2.929986067101709e-07,0.9999730587005616,2.6633369391978096e-05,3,-2.6340370785267925e-05,2.694129943847656e-05,0,,,
ups,2024-09-30,6.712368758599041e-07,0.9999730587005616,2.621152270876337e-05,2,-2.5540285832903464e-05,2.694129943847656e-05,0,,,
ups,2024-10-07,2.2320806735365295e-05,0.9998794496059418,9.822420724958648e-05,2,-7.590340051422118e-05,0.0001205503940582,0,,,
ups,2024-10-14,,,,0,,,2,-0.1953669488343905,3.431378956525701,0.0
ups,2024-10-21,1.0,5.7273794595857914e-08,4.00099473552018e-08,1,0.9999999599900526,0.9999999427262054,0,,,
ups,2024-10-28,4.038816041429527e-05,0.9082823395729064,0.0916772708296775,1,-0.0916368826692632,0.0917176604270935,0,,,
ups,2024-11-04,4.0465057255782234e-05,0.9998551607131958,0.0001043838462161,3,-6.391878896039316e-05,0.0001448392868041,0,,,
ups,2024-11-18,,,,0,,,1,-0.1827269083714782,3.332204510175204,0.0
ups,2024-11-25,1.7117265826982478e-07,0.9999942779541016,5.548843091673916e-06,2,-5.3776704334040915e-06,5.7220458984375e-06,0,,,
volkswagen,2022-12-26,0.4288403689861297,0.571009635925293,0.0001500336366007,1,0.428690335349529,0.428990364074707,0,,,
volkswagen,2023-01-02,0.0376498720407691,0.5185171118900888,0.4438330302524112,6,-0.4061831582116421,0.4814828881099112,0,,,
volkswagen,2023-01-09,0.5000229952820519,0.0376029087145184,0.4623741028520314,2,0.0376488924300204,0.9623970912854816,0,,,
volkswagen,2023-01-16,0.0931225173591042,0.8156983928487476,0.0911790873450542,1,0.00194343001405,0.1843016071512524,0,,,
volkswagen,2023-01-23,0.1672666804758288,0.1665683971174682,0.6661649620121656,3,-0.4988982815363367,0.8334316028825318,0,,,
volkswagen,2023-01-30,0.4396800221883296,0.3603023057687551,0.2000176701070813,5,0.2396623520812482,0.6396976942312449,0,,,
volkswagen,2023-02-06,0.2500006646660608,0.4999985886958598,0.2500007570009188,4,-9.233485798176845e-08,0.5000014113041402,0,,,
volkswagen,2023-02-13,4.11043504845073e-05,0.5051951659666732,0.494763750731181,6,-0.4947226463806966,0.4948048340333267,0,,,
volkswagen,2023-02-20,0.1743353460107452,0.8110075232883294,0.0146571220925579,4,0.1596782239181872,0.1889924767116706,0,,,
volkswagen,2023-02-27,0.4214315266508492,0.4046634716444133,0.1739049921301322,3,0.247526534520717,0.5953365283555867,0,,,
volkswagen,2023-03-06,2.740609055251753e-07,0.9999918341636658,7.879133249844017e-06,4,-7.605072344318842e-06,8.165836334228516e-06,0,,,
volkswagen,2023-03-13,0.0991220710967973,0.883043660499131,0.0178343112600261,4,0.0812877598367712,0.116956339500869,0,,,
volkswagen,2023-03-20,0.0001070557523235,0.9995313435792924,0.0003616138716324,2,-0.0002545581193089,0.0004686564207077,0,,,
volkswagen,2023-03-27,0.9997208714485168,0.0002789110294543,2.6081835358127137e-07,1,0.9997206106301632,0.9997210889705456,0,,,
volkswagen,2023-04-03,1.0759023215456408e-06,0.999989128112793,9.802241288525691e-06,5,-8.726338966980052e-06,1.0871887207053454e-05,0,,,
volkswagen,2023-04-10,0.0706768551575508,0.8332590974670043,0.0960640680600347,11,-0.0253872129024839,0.1667409025329956,0,,,
volkswagen,2023-04-17,0.0704653798441736,0.6481330130833735,0.2814016171503232,7,-0.2109362373061496,0.3518669869166265,0,,,
volkswagen,2023-04-24,5.319218689692207e-05,0.9998212456703186,0.0001256098621524,1,-7.241767525556497e-05,0.0001787543296813,0,,,
volkswagen,2023-05-01,0.0187052207959202,0.8045255611414562,0.1767691990389165,3,-0.1580639782429962,0.1954744388585437,0,,,
volkswagen,2023-05-08,0.0236986850775764,0.8502084247995754,0.1260928751574586,4,-0.1023941900798822,0.1497915752004246,0,,,
volkswagen,2023-05-15,0.0466330849632014,0.9168700580540602,0.0364968395092979,7,0.0101362454539034,0.0831299419459398,0,,,
volkswagen,2023-05-22,0.497216232946414,0.2435555791610868,0.2592282430559862,2,0.2379879898904278,0.7564444208389132,0,,,
volkswagen,2023-05-29,4.913981292986591e-06,0.8666401930890667,0.1333549064749074,3,-0.1333499924936144,0.1333598069109333,0,,,
volkswagen,2023-06-05,2.6681414055929058e-06,0.5006647514528595,0.4993325283670629,2,-0.4993298602256573,0.4993352485471405,0,,,
volkswagen,2023-06-12,3.7463739772647382e-06,0.9999887943267822,7.48832235331065e-06,1,-3.741948376045912e-06,1.1205673217773438e-05,0,,,
volkswagen,2023-06-19,0.0005757187900599,0.4998832635283179,0.4995410202520816,2,-0.4989653014620216,0.5001167364716821,0,,,
volkswagen,2023-06-26,0.0001773630021745,0.9993799974521,0.0004426699228285,2,-0.0002653069206539,0.0006200025478999,0,,,
volkswagen,2023-07-03,0.1681877195715119,0.4199407082970528,0.411871554943527,6,-0.2436838353720151,0.5800592917029472,0,,,
volkswagen,2023-07-10,0.0066648811208551,0.8267048907388623,0.1666302046116925,2,-0.1599653234908373,0.1732951092611376,0,,,
volkswagen,2023-07-17,0.1337386021710908,0.865414871792541,0.0008465168639228,5,0.1328920853071679,0.134585128207459,0,,,
volkswagen,2023-07-24,0.1004500709230905,0.7093864870343319,0.190163435356283,6,-0.0897133644331924,0.290613512965668,0,,,
volkswagen,2023-07-31,0.9999852180480956,1.4413888493436389e-05,3.187842878560332e-07,1,0.9999848992638078,0.9999855861115066,0,,,
volkswagen,2023-08-28,0.0002122738078469,0.0019764897879213,0.9978112578392028,1,-0.997598984031356,0.9980235102120788,0,,,
volkswagen,2023-09-04,0.1847734895855757,0.7350291580953905,0.0801973472913256,2,0.10457614229425,0.2649708419046095,0,,,
volkswagen,2023-09-11,0.0025753182388446,0.9738297760486604,0.023594920053559,6,-0.0210196018147144,0.0261702239513397,0,,,
volkswagen,2023-09-25,6.391373819939854e-05,0.873104140162468,0.1268319455700843,2,-0.1267680318318849,0.126895859837532,0,,,
volkswagen,2023-10-02,0.0051982435397803,0.8256326913833618,0.1691691130399704,1,-0.16397086950019,0.1743673086166381,0,,,
volkswagen,2023-10-09,0.0003449134155775,0.99952405028873,0.0001310266948166,3,0.0002138867207608,0.0004759497112698,0,,,
volkswagen,2023-10-16,2.3292622707060673e-05,0.6676227880791853,0.3323539264629289,2,-0.3323306338402219,0.3323772119208147,0,,,
volkswagen,2023-10-23,0.3090603401218666,0.6895974973837534,0.0013421373146134,3,0.3077182028072531,0.3104025026162466,0,,,
volkswagen,2023-10-30,0.9999147653579712,8.387035904888762e-05,1.3777908520751223e-06,2,0.9999133875671192,0.9999161296409512,0,,,
volkswagen,2023-11-06,0.5258448123931885,0.4740118384361267,0.0001433417201042,1,0.5257014706730843,0.5259881615638733,0,,,
volkswagen,2023-11-13,0.0012246235176765,0.3626333946983019,0.6361419753035685,3,-0.6349173517858919,0.637366605301698,0,,,
volkswagen,2023-11-20,0.1533084511756897,0.8454398512840271,0.0012517540017142,1,0.1520566971739754,0.1545601487159729,0,,,
volkswagen,2023-11-27,0.0002348059561891,0.7266843453689944,0.2730808437450226,5,-0.2728460377888335,0.2733156546310056,0,,,
volkswagen,2023-12-04,9.329497697763144e-05,0.9994964599609376,0.0004102777747903,1,-0.0003169827978126,0.0005035400390625,0,,,
volkswagen,2023-12-11,0.1856580901298904,0.766390583354746,0.0479513199374821,4,0.1377067701924083,0.233609416645254,0,,,
volkswagen,2023-12-18,0.1321331104895004,0.7906189260732693,0.0772479648344415,4,0.0548851456550588,0.2093810739267306,0,,,
volkswagen,2023-12-25,0.0254496828682254,0.9346295981390756,0.0399207331860369,6,-0.0144710503178114,0.0653704018609243,0,,,
volkswagen,2024-01-01,0.1265640303939902,0.5337592944065096,0.3396766683270573,6,-0.213112637933067,0.4662407055934904,0,,,
volkswagen,2024-01-08,1.0378587717241317e-05,0.9999023973941804,8.723472114979813e-05,2,-7.685613343255682e-05,9.760260581970216e-05,0,,,
volkswagen,2024-01-15,3.768649125390766e-05,0.4999034549666987,0.500058791909396,1,-0.500021105418142,0.5000965450333013,0,,,
volkswagen,2024-01-22,0.0598166297568241,0.6211101114749908,0.319073279110853,1,-0.2592566493540289,0.3788898885250091,0,,,
volkswagen,2024-01-29,0.2606156915426254,0.7348408401012421,0.0045434201892931,1,0.2560722713533323,0.2651591598987579,0,,,
volkswagen,2024-02-05,0.4921124210304697,0.5052555627189577,0.0026319935568608,1,0.4894804274736088,0.4947444372810423,0,,,
volkswagen,2024-02-12,0.2498744087568472,0.7499919638212305,0.0001336289637734,4,0.2497407797930737,0.2500080361787695,0,,,
volkswagen,2024-02-19,0.1464808181082511,0.716188441197202,0.1373307444178007,3,0.0091500736904503,0.2838115588027979,0,,,
volkswagen,2024-02-26,0.1393980713413839,0.6537080203894978,0.2068939119548565,5,-0.0674958406134726,0.3462919796105022,0,,,
volkswagen,2024-03-04,0.5861417651176453,0.4138156473636627,4.264962990419008e-05,1,0.5860991154877411,0.5861843526363373,0,,,
volkswagen,2024-03-11,0.4001023201567221,0.5997225355515738,0.0001751328899416,5,0.3999271872667805,0.4002774644484261,0,,,
volkswagen,2024-03-18,0.2259207351747692,0.7671825132391427,0.0068967524701368,6,0.2190239827046324,0.2328174867608573,0,,,
volkswagen,2024-03-25,5.0842004074051296e-05,0.6670141456803927,0.3329349919189705,6,-0.3328841499148964,0.3329858543196072,0,,,
volkswagen,2024-04-01,0.3263317063850413,0.6694178221181833,0.0042504786536353,7,0.322081227731406,0.3305821778818166,0,,,
volkswagen,2024-04-08,0.1236074947169085,0.7448635600059136,0.1315289419996388,3,-0.0079214472827303,0.2551364399940864,0,,,
volkswagen,2024-04-15,0.0336445256908637,0.8050928322971056,0.1612626216584074,8,-0.1276180959675437,0.1949071677028944,0,,,
volkswagen,2024-04-22,0.1755527598329436,0.5631471115713206,0.2613001457565708,7,-0.0857473859236271,0.4368528884286794,0,,,
volkswagen,2024-04-29,1.0958062640990345e-06,0.9999690850575764,2.976348993873519e-05,3,-2.866768367463616e-05,3.09149424234656e-05,0,,,
volkswagen,2024-05-06,7.553770515755787e-07,0.9999614655971528,3.773991329580895e-05,2,-3.698453624423337e-05,3.853440284729004e-05,0,,,
volkswagen,2024-05-13,0.3123550391591743,0.6475964575746423,0.040048542661036,8,0.2723064964981382,0.3524035424253576,0,,,
volkswagen,2024-05-20,0.0395560892339319,0.7326454819788017,0.2277984108653078,5,-0.1882423216313759,0.2673545180211982,0,,,
volkswagen,2024-05-27,0.0003297896277369,0.3708168044686317,0.6288534059616117,3,-0.6285236163338748,0.6291831955313683,0,,,
volkswagen,2024-06-03,6.449893551992621e-06,0.9983890652656556,0.0016044771869777,2,-0.0015980272934257,0.0016109347343444,0,,,
volkswagen,2024-06-10,0.333333862325448,0.4914595891820923,0.1752065294993207,6,0.1581273328261273,0.5085404108179077,0,,,
volkswagen,2024-06-17,0.0001384363542532,0.9951797624429068,0.0046817703526661,3,-0.0045433339984128,0.0048202375570932,0,,,
volkswagen,2024-06-24,0.1668705980038025,0.788105649839334,0.0450237157070413,4,0.1218468822967611,0.211894350160666,0,,,
volkswagen,2024-07-01,0.1111276001412938,0.794272040521958,0.0946003658501896,3,0.0165272342911041,0.205727959478042,0,,,
volkswagen,2024-07-08,0.0072372416419739,0.904420832792918,0.0883419553626178,3,-0.0811047137206439,0.0955791672070821,0,,,
volkswagen,2024-07-15,4.091240028477235e-05,0.9338802099227904,0.0660789173853118,1,-0.066038004985027,0.0661197900772094,0,,,
volkswagen,2024-07-22,,,,0,,,2,0.0400840951492682,4.071031641552072,0.0
volkswagen,2024-08-12,0.0019803680943368,0.996851772069931,0.0011679336239467,2,0.0008124344703901,0.0031482279300689,1,0.1041625317657235,0.6931471805599453,0.0
volkswagen,2024-08-19,0.0953476013716809,0.901804020255804,0.0028483620327733,5,0.0924992393389075,0.0981959797441959,2,0.065080101357239,1.9356005054539456,0.0
volkswagen,2024-08-26,0.0140707474201917,0.9856405258178712,0.0002887111913878,1,0.0137820362288039,0.0143594741821289,0,,,
volkswagen,2024-09-02,0.0162327876750412,0.6956631500359451,0.2881040408035646,3,-0.2718712531285234,0.3043368499640548,0,,,
volkswagen,2024-09-09,0.1937378908921911,0.7194838026131594,0.0867782988374775,6,0.1069595920547136,0.2805161973868406,0,,,
volkswagen,2024-09-23,0.3333548984507403,0.3164611039124957,0.3501840207857185,3,-0.0168291223349781,0.6835388960875042,0,,,
volkswagen,2024-09-30,0.0001542340677055,0.599385653416175,0.4004600933239999,5,-0.4003058592562943,0.400614346583825,0,,,
volkswagen,2024-10-07,0.0737927196364715,0.8476516281627611,0.0785556553715167,5,-0.0047629357350451,0.1523483718372389,0,,,
volkswagen,2024-10-14,0.2478879888725297,0.7258934577306112,0.0262185576933309,3,0.2216694311791987,0.2741065422693888,0,,,
volkswagen,2024-10-28,0.0003769758371982,0.5323885702833763,0.4672344496067548,6,-0.4668574737695566,0.4676114297166237,0,,,
volkswagen,2024-11-04,0.0002186606002207,0.333450925868842,0.6663304285005628,3,-0.6661117679003421,0.6665490741311579,0,,,
volkswagen,2024-11-11,0.0649589731097418,0.6708202699637544,0.2642207466304507,6,-0.1992617735207089,0.3291797300362455,0,,,
volkswagen,2024-11-18,0.0050325424152676,0.6375450901267803,0.3574223582749515,7,-0.3523898158596838,0.3624549098732197,0,,,
volkswagen,2024-11-25,0.0742762699868692,0.7577384034829378,0.1679853279034622,8,-0.0937090579165929,0.2422615965170622,0,,,
volkswagen,2024-12-02,0.3833517857229531,0.4118113400127351,0.2048368817557284,7,0.1785149039672246,0.5881886599872648,0,,,
volkswagen,2024-12-09,0.146509453689454,0.7246547747442188,0.1288357681578418,4,0.0176736855316121,0.2753452252557812,0,,,
volkswagen,2024-12-16,0.0428269255511029,0.7102549086656639,0.2469181757791788,3,-0.2040912502280758,0.2897450913343361,0,,,
volkswagen,2024-12-23,0.1630468460295975,0.4484658537179105,0.3884872822590131,6,-0.2254404362294156,0.5515341462820895,0,,,
volkswagen,2024-12-30,2.1876328901271336e-05,0.0001325712364632,0.9998455047607422,1,-0.9998236284318408,0.9998674287635368,0,,,
xiaomi,2023-01-30,1.7825885834099608e-07,1.2300342859816735e-06,0.9999985694885254,1,-0.999998391229667,0.999998769965714,0,,,
xiaomi,2023-02-13,,,,0,,,1,-0.1635061021838737,3.970291913552122,0.0
xiaomi,2023-04-17,0.4999709090453734,0.5000275127022178,1.5646444921912916e-06,2,0.4999693444008812,0.4999724872977822,0,,,
xiaomi,2023-09-11,0.0268978178501129,0.973074585199356,2.7569974008656573e-05,2,0.0268702478761042,0.0269254148006439,0,,,
xiaomi,2023-10-09,1.4315255612018518e-06,0.9999934434890748,5.164402409718605e-06,1,-3.732876848516753e-06,6.556510925292969e-06,0,,,
xiaomi,2024-02-12,0.0093343947082757,0.4670764803886413,0.5235891342163086,2,-0.5142547395080328,0.5329235196113586,0,,,
xiaomi,2024-02-26,,,,0,,,2,-0.2262705121573276,1.7631802623080808,1.0
xiaomi,2024-03-25,4.065117536811158e-06,0.99998939037323,6.566122010553954e-06,1,-2.501004473742796e-06,1.0609626770019531e-05,0,,,
xiaomi,2024-04-15,0.9875646233558656,0.0124262813478708,9.110829523706345e-06,1,0.9875555125263418,0.9875737186521292,0,,,
xiaomi,2024-04-29,0.4999927086807361,0.5000008101769708,6.456784811703642e-06,1,0.4999862518959244,0.4999991898230291,0,,,
xiaomi,2024-05-06,8.215621848428611e-05,0.999874860048294,4.300589603190019e-05,1,3.915032245238592e-05,0.0001251399517059,0,,,
xiaomi,2024-05-13,0.917782187461853,0.082032524049282,0.0001852895948104,1,0.9175968978670426,0.917967475950718,0,,,
xiaomi,2024-06-10,0.0002934753792942,0.6574548333883286,0.3422517254948616,1,-0.3419582501155673,0.3425451666116714,0,,,
xiaomi,2024-08-12,0.4999306833742594,0.4999010696265031,0.0001682108850218,1,0.4997624724892375,0.5000989303734968,0,,,
xiaomi,2024-09-02,0.7498838118114008,0.2501131056383201,3.0664213614972624e-06,2,0.7498807453900393,0.7498868943616799,0,,,
xiaomi,2024-10-28,0.9999994039535522,4.643612214749737e-07,9.45576914546109e-08,1,0.9999993093958608,0.9999995356387784,0,,,
xiaomi,2024-11-25,5.750786658609286e-05,7.485876267310232e-05,0.9998675584793092,1,-0.999810050612723,0.9999251412373268,0,,,
xiaomi,2024-12-16,1.229186299411822e-07,0.9999763369560242,2.354139894578111e-05,1,-2.341848031583993e-05,2.366304397583008e-05,0,,,
xiaomi,2024-12-23,0.199446901679039,0.34511598944664,0.4554371833801269,1,-0.2559902817010879,0.65488401055336,0,,,
youtube,2022-12-26,1.522785704821672e-05,0.7510042620124295,0.2489805111316059,4,-0.2489652832745577,0.2489957379875704,0,,,
youtube,2023-01-02,7.199021582001326e-05,0.9655673975745838,0.0343606346659022,14,-0.0342886444500822,0.0344326024254162,1,-0.1039160583978642,3.9889840465642745,0.0
youtube,2023-01-09,0.0494000712971725,0.8703002214431763,0.0802997088784688,15,-0.0308996375812962,0.1296997785568236,2,0.1238097052319631,2.0036665926162356,0.0
youtube,2023-01-16,0.0003158659709064,0.9467337507888984,0.0529503757885097,18,-0.0526345098176033,0.0532662492111014,2,-0.0994907569847498,3.208366141256163,0.0
youtube,2023-01-23,0.0012335571487276,0.9289263603857908,0.0698400771196874,29,-0.0686065199709597,0.0710736396142091,2,0.0745116871468241,3.257356345436265,0.0
youtube,2023-01-30,0.1028926619798403,0.7878370825938885,0.1092702422897398,21,-0.0063775803098995,0.2121629174061114,1,-0.0418554958323511,2.5649493574615367,0.0
youtube,2023-02-06,0.0752341162152445,0.7734060780512468,0.1513598045326903,19,-0.0761256883174457,0.2265939219487531,1,0.0460170712183867,1.6094379124341005,0.0
youtube,2023-02-13,0.0357054665805489,0.8805893139419068,0.0837052089819554,38,-0.0479997424014065,0.1194106860580932,4,-0.0374947194630905,3.714800481933157,0.0
youtube,2023-02-20,0.0450376148447496,0.8955915381586818,0.059370859256505,24,-0.0143332444117553,0.1044084618413182,0,,,
youtube,2023-02-27,0.0023750161176284,0.9390479847788812,0.0585770080951048,18,-0.0562019919774764,0.0609520152211189,0,,,
youtube,2023-03-06,0.3162853403391395,0.6359366947392573,0.0477779516409618,18,0.2685073886981776,0.3640633052607427,2,0.0574303877378206,5.427495488083013,0.0
youtube,2023-03-13,0.0781552094871222,0.8441782974417793,0.0776664960657629,14,0.0004887134213592,0.1558217025582207,1,0.157706394098227,2.995732273553991,0.0
youtube,2023-03-20,0.0619387795211565,0.9370901077985764,0.0009711069593336,10,0.0609676725618228,0.0629098922014236,1,0.031430631356045,4.174387269895637,0.0
youtube,2023-03-27,3.2261045106452e-05,0.9858179330825806,0.0141498222950455,15,-0.014117561249939,0.0141820669174194,0,,,
youtube,2023-04-03,0.0416102286689501,0.9333657359571328,0.0250240390687936,21,0.0165861896001564,0.0666342640428671,0,,,
youtube,2023-04-10,0.0444463096663411,0.8480186431728199,0.1075350538402813,15,-0.0630887441739401,0.15198135682718,2,0.0321939173945224,2.585241997519076,0.0
youtube,2023-04-17,0.0553897066571095,0.9166597725968636,0.0279505159517092,18,0.0274391907054002,0.0833402274031362,0,,,
youtube,2023-04-24,0.1324344513774347,0.7630156513890164,0.1045499156941952,12,0.0278845356832394,0.2369843486109836,3,0.0147095867032949,2.812716661358595,0.0
youtube,2023-05-01,0.0299303973819888,0.9159588943302012,0.0541107079670718,14,-0.024180310585083,0.0840411056697988,2,0.1222632833646741,3.255129170261575,0.0
youtube,2023-05-08,0.1446593974603586,0.7218182278835835,0.1335223787179313,15,0.0111370187424272,0.2781817721164165,2,0.0714021617442384,1.151292546497023,0.0
youtube,2023-05-15,0.0073761084252243,0.8810429010313863,0.1115810046675687,19,-0.1042048962423443,0.1189570989686137,1,-0.2274060714980805,10.203406942652387,0.0
youtube,2023-05-22,0.0027736041455219,0.9255054074839758,0.0717209926307145,14,-0.0689473884851926,0.0744945925160242,0,,,
youtube,2023-05-29,0.1257344859057952,0.7963126529362967,0.077952865893218,16,0.0477816200125772,0.2036873470637032,0,,,
youtube,2023-06-05,0.2499834916100969,0.5671039755397942,0.1829125348567046,8,0.0670709567533922,0.4328960244602058,0,,,
youtube,2023-06-12,0.0672985959357281,0.8981574867822815,0.034543900395833,15,0.032754695539895,0.1018425132177185,0,,,
youtube,2023-06-19,0.1281613707818618,0.751018248500505,0.1208203791975095,28,0.0073409915843523,0.2489817514994949,0,,,
youtube,2023-06-26,0.0001064489295701,0.9958338936169944,0.0040596514164353,6,-0.0039532024868651,0.0041661063830057,1,-0.0783603935242354,5.220355825078324,0.0
youtube,2023-07-03,0.1078824393762668,0.7801062555983399,0.1120113021199992,19,-0.0041288627437324,0.2198937444016601,0,,,
youtube,2023-07-10,0.0047224455346237,0.9921871606508892,0.0030903984655913,15,0.0016320470690324,0.0078128393491109,0,,,
youtube,2023-07-17,0.0434650507594628,0.9366274536651408,0.0199074974708451,13,0.0235575532886177,0.0633725463348592,0,,,
youtube,2023-07-24,0.3256668182908439,0.6398288219784192,0.0345043626622882,18,0.2911624556285556,0.3601711780215808,0,,,
youtube,2023-07-31,0.0857192743793874,0.8443283374735249,0.069952399144331,18,0.0157668752350564,0.1556716625264751,0,,,
youtube,2023-08-07,0.0609843913110325,0.900923294491238,0.0380923203070321,15,0.0228920710040003,0.099076705508762,3,0.1304239402998064,0.6931471805599453,0.0
youtube,2023-08-14,0.0001980676985784,0.8471336847036551,0.1526682486719165,25,-0.152470180973338,0.1528663152963448,2,-0.0474890264516147,0.6931471805599453,0.0
youtube,2023-08-21,0.0053771730036304,0.9607568720976511,0.033865960450328,15,-0.0284887874466975,0.0392431279023488,2,0.0725861731732493,0.6931471805599453,0.0
youtube,2023-08-28,0.0923118755292499,0.8039862813016275,0.1037018363075882,11,-0.0113899607783383,0.1960137186983724,4,0.0818533115635773,0.6931471805599453,0.0
youtube,2023-09-04,0.0716198742361074,0.7743973935273691,0.1539826961597026,13,-0.0823628219235951,0.2256026064726308,4,-0.0464357881967885,0.6931471805599453,0.0
youtube,2023-09-11,0.1240639345747909,0.8157023605417661,0.0602336968290808,16,0.06383023774571,0.1842976394582338,0,,,
youtube,2023-09-18,0.1066459843617987,0.8721634145376013,0.0211905954412473,19,0.0854553889205513,0.1278365854623987,0,,,
youtube,2023-09-25,0.1507537406309572,0.7220749508338538,0.1271712882073639,13,0.0235824524235933,0.2779250491661462,2,-0.2363224761087394,0.6931471805599453,0.0
youtube,2023-10-02,0.1731373863575871,0.8223194543837492,0.0045431727265562,14,0.1685942136310309,0.1776805456162508,0,,,
youtube,2023-10-09,0.0407662849725222,0.8972221853959026,0.0620115294040109,18,-0.0212452444314887,0.1027778146040974,2,-0.1501816693717046,0.6931471805599453,0.0
youtube,2023-10-16,0.0296792777541482,0.787071314852054,0.1832493945034881,20,-0.1535701167493398,0.212928685147946,7,-0.0643318963952554,0.6931471805599453,0.0
youtube,2023-10-23,0.1335709586108398,0.8663533840457153,7.565130300088737e-05,15,0.1334953073078389,0.1336466159542847,4,0.0200997233540647,0.6931471805599453,0.0
youtube,2023-10-30,0.0030148688235432,0.969862592285254,0.0271225290075055,19,-0.0241076601839623,0.030137407714746,6,-0.2325283377508356,2.1851024383949635,0.0
youtube,2023-11-06,0.1162048538455176,0.7382855209705212,0.1455096222213548,20,-0.0293047683758371,0.2617144790294787,2,-0.1546677455336578,2.802901033147999,0.0
youtube,2023-11-13,0.1892176988188974,0.6280403286098878,0.1827419825028243,16,0.0064757163160731,0.3719596713901122,4,-0.0528487882994959,2.6073497034300397,0.0
youtube,2023-11-20,0.0663697190970102,0.8060662825281422,0.1275639891136507,15,-0.0611942700166404,0.1939337174718578,0,,,
youtube,2023-11-27,0.1813340300283233,0.6032961908846227,0.2153697836049192,14,-0.0340357535765959,0.3967038091153773,7,-0.0764162439095831,1.5505805374824049,0.0
youtube,2023-12-04,0.05222883883501,0.8953903707241259,0.0523808026094193,16,-0.0001519637744093,0.1046096292758741,5,-0.0238028551251243,1.6239392505914498,0.0
youtube,2023-12-11,0.0660740253324802,0.8769472577987472,0.0569786979959019,17,0.0090953273365783,0.1230527422012528,2,-0.0360066637839509,0.6931471805599453,0.0
youtube,2023-12-18,0.025349412494842,0.8762631596613153,0.0983874302463819,20,-0.0730380177515399,0.1237368403386847,2,-0.0672782493221575,3.9679725516768505,0.0
youtube,2023-12-25,0.0747554505733497,0.9231468191016964,0.0020977198524406,14,0.0726577307209091,0.0768531808983035,0,,,
youtube,2024-01-01,0.0649031921463011,0.8190405079934256,0.1160563003358018,16,-0.0511531081895006,0.1809594920065743,1,0.0125196539964491,0.6931471805599453,0.0
youtube,2024-01-08,0.0434908092467639,0.9278473770770296,0.0286618222521463,26,0.0148289869946176,0.0721526229229704,2,-0.0681745243514342,1.039720770839918,0.0
youtube,2024-01-15,0.1328588608430145,0.6850116499450906,0.1821295060993632,7,-0.0492706452563487,0.3149883500549094,7,-0.0342947324391502,1.1790325207973962,0.0
youtube,2024-01-22,0.1091543010069039,0.7579693141854625,0.132876376568503,20,-0.0237220755615991,0.2420306858145374,2,-0.102731778000134,2.908555579981602,0.0
youtube,2024-01-29,0.0492756096111524,0.8930249940281106,0.0576993832520601,34,-0.0084237736409076,0.1069750059718893,2,-0.1072416665128912,0.6931471805599453,0.0
youtube,2024-02-05,0.0126111682822198,0.9674903029531596,0.019898533862695,14,-0.0072873655804752,0.0325096970468404,2,-0.0162028275117336,0.6931471805599453,0.0
youtube,2024-02-12,0.1767654670005686,0.7664746943322059,0.0567598470572419,19,0.1200056199433266,0.233525305667794,6,0.039183916535246,1.1816794726293487,0.0
youtube,2024-02-19,0.097602776667914,0.8826543207204319,0.0197429039015429,23,0.0778598727663711,0.117345679279568,0,,,
youtube,2024-02-26,0.0371781844151655,0.8662526388393971,0.0965691836643311,24,-0.0593909992491656,0.1337473611606029,2,-0.1626999434719209,1.151292546497023,0.0
youtube,2024-03-04,0.0029621571107209,0.9638686308682832,0.0331692183519391,19,-0.0302070612412182,0.0361313691317167,4,-0.261669021584435,2.1071451332649085,0.0
youtube,2024-03-11,0.2008532116029397,0.7583136154983625,0.0408331616701486,15,0.1600200499327911,0.2416863845016374,1,-0.0020586448426911,0.6931471805599453,0.0
youtube,2024-03-18,0.0625042673019431,0.7849523211050666,0.1525434113215382,16,-0.0900391440195951,0.2150476788949333,0,,,
youtube,2024-03-25,0.0889544765362923,0.8390701543511395,0.0719753746901569,14,0.0169791018461354,0.1609298456488604,2,0.0295469899048157,0.6931471805599453,0.0
youtube,2024-04-01,0.0052170401657022,0.728199294268173,0.2665836524258341,15,-0.2613666122601318,0.271800705731827,2,0.1825289769703886,1.791759469228055,0.0
youtube,2024-04-08,0.0025597513412375,0.8152904430231804,0.1821498162286628,12,-0.1795900648874252,0.1847095569768195,0,,,
youtube,2024-04-15,0.1525162060809882,0.8455394159798288,0.0019443851668397,16,0.1505718209141485,0.1544605840201711,2,0.3193221906891494,0.6931471805599453,0.0
youtube,2024-04-22,0.1063568131764187,0.7664824185021891,0.1271607695078223,12,-0.0208039563314036,0.2335175814978108,2,-0.0741136562908195,4.787561182404406,0.0
youtube,2024-04-29,0.0673738540159652,0.9247099476312238,0.0079161955863185,16,0.0594576584296467,0.0752900523687761,0,,,
youtube,2024-05-06,0.0722712357586125,0.8686650539167506,0.0590637109135949,15,0.0132075248450175,0.1313349460832493,2,0.1472041440656539,1.3862943611198906,0.0
youtube,2024-05-13,0.0745524094271506,0.8659112201294304,0.0595363738542919,27,0.0150160355728587,0.1340887798705695,3,-0.1259914968249328,2.78094660142382,0.0
youtube,2024-05-20,0.0231949277116147,0.8526693045272055,0.1241357569163956,23,-0.1009408292047809,0.1473306954727945,4,0.2125755726412936,2.9680761872207597,0.0
youtube,2024-05-27,7.882892482620937e-05,0.855497206385823,0.1444239798181679,16,-0.1443451508933416,0.1445027936141769,6,-0.0155436953950337,0.9613868326322956,0.0
youtube,2024-06-03,0.1663407139811563,0.77620072987044,0.0574585519710087,20,0.1088821620101475,0.22379927012956,2,0.1654004079637161,1.151292546497023,0.0
youtube,2024-06-10,0.0015579274260044,0.939731453392327,0.0587106219686001,18,-0.0571526945425957,0.060268546607673,3,-0.1768308644088421,1.3170812395271423,0.0
youtube,2024-06-17,0.1753053856087901,0.7811152533850722,0.0435793785797263,12,0.1317260070290637,0.2188847466149278,4,-0.1368115034977108,2.08211276670484,0.0
youtube,2024-06-24,0.0339343318935917,0.8486361656056639,0.1174295000210908,15,-0.0834951681274991,0.1513638343943361,2,-0.0883456888517599,1.7328679513998633,0.0
youtube,2024-07-01,0.0417421036724161,0.8874451810674095,0.0708127366770562,28,-0.02907063300464,0.1125548189325904,4,0.2584274656123773,0.8664339756999316,0.0
youtube,2024-07-08,0.0282743036290696,0.970931032465564,0.0007946596526398,18,0.0274796439764298,0.0290689675344361,8,0.0183946310560259,2.291281031109847,1.0
youtube,2024-07-15,0.0002635949977272,0.9566304805102172,0.0431059489835777,18,-0.0428423539858504,0.0433695194897827,2,-0.0592453438012512,2.26089428852452,0.0
youtube,2024-07-22,0.0351397921290041,0.8617360056087084,0.1031241971881949,17,-0.0679844050591907,0.1382639943912915,5,-0.0908202857418245,1.5069525314075074,0.0
youtube,2024-07-29,0.1325072086125767,0.7763999697836234,0.0910928206661242,25,0.0414143879464525,0.2236000302163766,10,-0.1167933454366988,2.1735322092212987,1.0
youtube,2024-08-05,0.1108543710507812,0.8689982762044676,0.0201473686075336,26,0.0907070024432476,0.1310017237955324,2,-0.0459504400697596,1.629048269010741,0.0
youtube,2024-08-12,0.0638049091224535,0.8406534294684943,0.0955416725528203,21,-0.0317367634303667,0.1593465705315057,2,0.0026138805681377,3.827221613235056,0.0
youtube,2024-08-19,8.765021133889661e-05,0.9995912730693816,0.0003210772877172,15,-0.0002334270763783,0.0004087269306183,5,0.2716473273286169,1.3969432640236532,0.0
youtube,2024-08-26,0.0002317255235508,0.8965913464782602,0.1031769296235655,13,-0.1029452041000146,0.1034086535217397,12,0.0796264286134752,1.91568505968867,1.0
youtube,2024-09-02,0.1031477628658345,0.8054372691644394,0.0914149742721655,14,0.011732788593669,0.1945627308355606,7,-0.0607433659348259,1.357316762189212,0.0
youtube,2024-09-09,0.0154219836951333,0.8382102453283654,0.1463677784596933,22,-0.1309457947645599,0.1617897546716346,7,-0.0068765562308742,2.761138100324731,0.0
youtube,2024-09-16,0.0481910620258597,0.9043790694220952,0.0474298700914026,29,0.000761191934457,0.0956209305779046,9,0.0702580173219355,1.4283398811449275,1.0
youtube,2024-09-23,0.066566488433319,0.9313980728387832,0.0020354341035781,15,0.0645310543297408,0.0686019271612167,4,0.0664405027066408,2.0334702219873018,0.0
youtube,2024-09-30,0.0787130360123258,0.91885704353394,0.0024299203365173,15,0.0762831156758085,0.0811429564660599,14,-0.0104618314999324,2.1494728676533588,1.0
youtube,2024-10-07,0.0001973549994157,0.9936843812465668,0.0061182674955998,14,-0.005920912496184,0.0063156187534332,3,-0.0102065012013857,2.0228085294147036,0.0
youtube,2024-10-14,0.085903496136434,0.8491110223196581,0.064985474873035,26,0.0209180212633989,0.1508889776803419,6,-0.0873338813323426,1.6081422223550914,0.0
youtube,2024-10-21,0.101307411606061,0.8968012159936052,0.0018913662247758,16,0.0994160453812851,0.1031987840063948,5,-0.0437311730973988,2.1177205122797615,0.0
youtube,2024-10-28,0.0961945807398769,0.8824575170261005,0.0213479092933822,24,0.0748466714464946,0.1175424829738994,4,-0.0433327188556447,2.4589359751124023,0.0
youtube,2024-11-04,0.0486150713959095,0.884735603864976,0.0666493291556726,16,-0.018034257759763,0.115264396135024,5,-0.1000966804114227,2.8600805599407524,0.0
youtube,2024-11-11,0.0664957882503829,0.8584003676929891,0.0751038487749903,21,-0.0086080605246074,0.1415996323070109,2,-0.1052604112525301,2.3025850929940455,0.0
youtube,2024-11-18,0.1595412404240467,0.765351877177423,0.0751069007156828,14,0.0844343397083638,0.2346481228225769,4,-0.0603769469860964,3.1158754187027338,0.0
youtube,2024-11-25,0.0454969581768331,0.918742783372877,0.035760247698264,29,0.0097367104785691,0.081257216627123,1,0.0752997594781845,8.45765547870004,0.0
youtube,2024-12-02,0.0872627177685013,0.8226664973537258,0.0900707789274107,19,-0.0028080611589093,0.1773335026462742,4,-0.1737796981205974,5.028941987206657,0.0
youtube,2024-12-09,0.0091742817096736,0.8304187758719349,0.1604069294614048,26,-0.1512326477517312,0.1695812241280651,1,-0.0367308502625292,1.9459101490553132,0.0
youtube,2024-12-16,0.0093975075273623,0.8920502727172183,0.098552215646205,18,-0.0891547081188426,0.1079497272827817,3,0.0472377296486428,3.857693129263325,0.0
youtube,2024-12-23,0.1044740884979122,0.8470861772196561,0.0484397465738394,28,0.0560343419240728,0.1529138227803439,2,0.1042990688758322,2.5529727369502906,0.0
youtube,2024-12-30,0.0004381141956741,0.6560993149566153,0.3434625491496869,6,-0.3430244349540127,0.3439006850433846,2,0.0192717471852645,1.3862943611198906,0.0
zara,2022-12-26,6.097709956520703e-06,0.9997441172599792,0.0002498184039723,1,-0.0002437206940157,0.0002558827400207,0,,,
zara,2023-01-02,0.4895654649590142,0.5103854034096003,4.90915645059431e-05,1,0.4895163733945082,0.4896145965903997,0,,,
zara,2023-02-20,2.2334953087010945e-07,0.9999977350234984,2.0280438093323028e-06,1,-1.8046942784621931e-06,2.264976501464844e-06,0,,,
zara,2023-02-27,2.2334953087010945e-07,0.9999977350234984,2.0280438093323028e-06,1,-1.8046942784621931e-06,2.264976501464844e-06,0,,,
zara,2023-03-06,5.600230110758275e-07,0.9999165534973145,8.288586104754359e-05,1,-8.232583803646776e-05,8.344650268554688e-05,0,,,
zara,2023-03-27,1.687563440100348e-07,0.9998804330825806,0.0001194164578919,1,-0.0001192477015479,0.0001195669174194,0,,,
zara,2023-04-24,0.0767171836835132,0.9092762768268584,0.0140065782503218,3,0.0627106054331913,0.0907237231731414,0,,,
zara,2023-05-15,1.1403028111089952e-05,0.9999878406524658,7.207980274870351e-07,1,1.0682230083602915e-05,1.2159347534179688e-05,0,,,
zara,2023-06-12,7.433193900396873e-07,0.9999986886978148,6.459819701376546e-07,1,9.733741990203273e-08,1.3113021850585938e-06,0,,,
zara,2023-06-19,1.4745218095413293e-06,0.9999939203262328,4.705747414845973e-06,1,-3.231225605304644e-06,6.079673767089844e-06,0,,,
zara,2023-07-10,0.0021701243725686,0.997811198234558,1.864936166384723e-05,2,0.0021514750109048,0.0021888017654418,0,,,
zara,2023-07-17,0.0021701226960111,0.9978140592575072,1.580112711963011e-05,1,0.0021543215688915,0.0021859407424926,0,,,
zara,2023-07-24,0.4388774630454151,0.5609733127057552,0.000149206517392,1,0.438728256528023,0.4390266872942447,0,,,
zara,2023-08-21,0.0013775689294561,0.4438352286815643,0.5547871589660645,1,-0.5534095900366083,0.5561647713184357,0,,,
zara,2023-09-11,4.581256404634359e-06,0.9999910831451416,4.346060245552508e-06,1,2.351961590818514e-07,8.916854858376233e-06,0,,,
zara,2023-09-18,1.723908417261555e-05,0.9503336250782012,0.0496491454541683,2,-0.0496319063699957,0.0496663749217987,0,,,
zara,2023-10-09,3.716089622685104e-07,0.9999790191650392,2.0587336621247232e-05,1,-2.021572765897872e-05,2.09808349609375e-05,0,,,
zara,2023-10-16,3.87666892365246e-07,0.9954533874988556,0.0045462851952606,2,-0.0045458975283683,0.0045466125011444,0,,,
zara,2023-11-06,0.0015053649258334,0.3624120950698852,0.6360825598239899,2,-0.6345771948981564,0.6375879049301147,0,,,
zara,2023-11-27,,,,0,,,2,-0.1179415303211612,0.6931471805599453,1.0
zara,2023-12-11,1.1887524680620489e-05,0.7918630665099045,0.2081250442493676,2,-0.208113156724687,0.2081369334900955,0,,,
zara,2023-12-18,3.33309060351894e-07,0.9999984502792358,1.1891411304532085e-06,1,-8.558320701013145e-07,1.5497207641601562e-06,0,,,
zara,2023-12-25,7.943506716401316e-06,0.0331842638552188,0.9668077230453492,1,-0.9667997795386328,0.9668157361447812,0,,,
zara,2024-03-11,1.5915928770482424e-05,0.9999014735221864,8.26265504656476e-05,2,-6.671062169516517e-05,9.85264778137207e-05,0,,,
zara,2024-03-25,2.7260992283117957e-05,5.339744006960245e-07,0.9999722242355348,1,-0.9999449632432516,0.9999994660255992,0,,,
zara,2024-04-08,0.0033988519571721,0.9965774416923524,2.3623721062904224e-05,1,0.0033752282361092,0.0034225583076477,0,,,
zara,2024-04-22,9.208622941514475e-06,0.0008115919772535,0.999179184436798,1,-0.9991699758138566,0.9991884080227464,0,,,
zara,2024-05-13,2.4076946658624365e-08,0.9999964237213136,3.586907496355707e-06,1,-3.5628305496970825e-06,3.5762786865234375e-06,0,,,
zara,2024-05-20,2.145787902918528e-07,1.3414928901056558e-07,0.9999996423721312,1,-0.9999994277933412,0.999999865850711,0,,,
zara,2024-06-24,0.4999634344962373,0.5000239104192588,1.2606657833202917e-05,2,0.4999508278384041,0.4999760895807412,0,,,
zara,2024-07-08,2.8088879844290204e-07,0.9999724626541138,2.729359403019771e-05,1,-2.7012705231754808e-05,2.753734588623047e-05,0,,,
zara,2024-08-05,0.9997286200523376,0.0002685806539375,2.765912086033495e-06,1,0.9997258541402516,0.9997314193460624,0,,,
zara,2024-08-12,,,,0,,,1,-0.1704196639856405,0.6931471805599453,0.0
zara,2024-09-02,1.1658952985271751e-06,5.322611059455085e-06,0.9999935030937196,2,-0.999992337198421,0.9999946773889404,0,,,
zara,2024-09-16,1.9316935606639166e-07,0.9999953508377076,4.440887551027117e-06,1,-4.247718194960726e-06,4.649162292480469e-06,0,,,
zara,2024-09-30,0.0002337870537303,0.9993396401405334,0.0004266598261892,1,-0.0001928727724589,0.0006603598594665,0,,,
zara,2024-11-04,0.0001175859651993,0.0357299447059631,0.9641525149345398,1,-0.9640349289693404,0.9642700552940368,0,,,
zara,2024-11-25,0.2360339476360311,0.7631769402651116,0.0007891213052753,1,0.2352448263307558,0.2368230597348883,0,,,
zara,2024-12-09,0.0009258574573323,0.998983919620514,9.009827772388236e-05,1,0.0008357591796084,0.001016080379486,0,,,
zara,2024-12-16,2.729709194682073e-06,0.9988423883914948,0.0011549178125278,2,-0.0011521881033331,0.0011576116085052,0,,,
